accident_id,overspeeding_severity,drunk_driving_severity,traffic_violation_severity,mobile_use_severity,wrong_side_driving_severity,sudden_braking_severity,driver_drowsy_score,accident_risk_score,road_type,time_of_day,weather_condition
1,0,0,0.47,0,0,0.97,0.615416667,0.436065749,Urban,Morning,Clear
2,0.62,0,0.6,0,0,0,0.732916667,0.561906287,Highway,Evening,Rain
3,0.97,0,0,0,0,0.71,0.3925,0.4870317,Highway,Afternoon,Rain
4,0.84,0,0,0,0,0.89,0.140833333,0.408474757,Highway,Evening,Clear
5,0,0,0,0,0,0,0.469166667,0.091044935,Highway,Night,Clear
6,0.76,0,0,0,0,0.73,0.455833333,0.460347956,Urban,Evening,Clear
7,0,0,0.89,0,0,0,0.579166667,0.371544455,Highway,Afternoon,Clear
8,0,0,0,0.91,0.88,0,0.504583333,0.442576582,Urban,Morning,Clear
9,0.49,0,0,0,0,0,0.7775,0.362151777,Urban,Afternoon,Clear
10,0.49,0,0,0,0,0.42,0.515,0.334293948,Urban,Afternoon,Clear
11,0,0,0,0,0,0,0.718333333,0.205144626,Rural,Evening,Rain
12,0.43,0,0,0.95,0,0,0.539166667,0.372184865,Urban,Night,Clear
13,0,0,0.76,0,0,0,0.55,0.329170669,Highway,Afternoon,Clear
14,0.92,0,0,0,0,0,0.58625,0.476945245,Highway,Morning,Clear
15,0,0,0,0,0,0,0.730833333,0.190735404,Highway,Afternoon,Clear
16,0,0,0,0,0,0,0.507083333,0.10283915,Urban,Night,Clear
17,0,0,0,0.56,0,0,0.385,0.191482549,Rural,Morning,Rain
18,0,0,0,0,0,0.59,0.369166667,0.153805102,Highway,Afternoon,Rain
19,0.76,0,0.64,0,0,0,0.620833333,0.545522468,Highway,Night,Clear
20,0.82,0,0.68,0,0,0,0.7,0.654498879,Highway,Morning,Clear
21,0.41,0,0.91,0,0,0,0.374166667,0.462482656,Highway,Evening,Rain
22,0.98,0,0.6,0,0,0,0.50125,0.568523855,Highway,Night,Clear
23,0,0,0,0,0.75,0,0.660833333,0.313053688,Urban,Afternoon,Clear
24,0.9,0,0,0,0,0,0.47625,0.418027538,Highway,Evening,Rain
25,0,0,0,0,0,0,0.924166667,0.232575515,Rural,Night,Clear
26,0.53,0,0.92,0,0,0,0.565833333,0.58138542,Highway,Morning,Clear
27,0.51,0,0,0,0,0,0.622083333,0.33850998,Rural,Evening,Clear
28,0.51,0,0,0,0.46,0,0.517083333,0.394225638,Urban,Evening,Fog
29,0.58,0,0,0,0,0.75,0.8,0.51232789,Highway,Evening,Clear
30,0,0,0.45,0,0.73,0.97,0.897083333,0.622211549,Urban,Afternoon,Fog
31,0.71,0,0,0,0,0,0.081666667,0.252748426,Rural,Morning,Clear
32,0.66,0,0,0,0.82,0,0.806666667,0.583199915,Highway,Afternoon,Clear
33,0.57,0,0.87,0,0,0,0.375,0.485430676,Rural,Afternoon,Rain
34,0.77,0,0.91,0.94,0,0.92,0.765833333,0.919521827,Highway,Afternoon,Clear
35,0.48,0,0,0,0,0,0.888333333,0.393425125,Highway,Afternoon,Clear
36,0.58,0,0.51,0,0,0.54,0.469166667,0.476571673,Highway,Night,Rain
37,0.62,0,0.66,0.59,0,0,0.28375,0.513128402,Highway,Evening,Clear
38,0.67,0,0,0,0,0,0.24375,0.253762408,Highway,Afternoon,Rain
39,0,0,0,0,0,0.53,0.3625,0.1623439,Urban,Evening,Clear
40,0,0,0,0.73,0,0,0.33125,0.159942363,Rural,Afternoon,Rain
41,0.87,0,0,0,0,0.52,0.555833333,0.481481481,Highway,Afternoon,Clear
42,0.52,0,0,0,0,0,0.867916667,0.399882592,Rural,Afternoon,Clear
43,0,0,0,0,0,0,0.59875,0.167947486,Rural,Evening,Clear
44,0.71,0,0,0,0,0,0.264166667,0.272921336,Highway,Afternoon,Clear
45,0,0,0.5,0,0,0.95,0.468333333,0.358842993,Urban,Afternoon,Rain
46,0,0,0,0,0,0,0.172916667,0.03548938,Highway,Evening,Clear
47,0.76,0,0,0,0,0,0.62,0.399615754,Highway,Afternoon,Clear
48,0.43,0,0.82,0,0,0.91,0.9475,0.704130644,Urban,Night,Clear
49,0,0,0,0,0,0,0.291666667,0.09072473,Highway,Morning,Rain
50,0,0,0.72,0,0,0.86,0.210833333,0.341872131,Urban,Evening,Rain
51,0.76,0,0,0,0,0,0.62875,0.402337496,Rural,Afternoon,Clear
52,0.5,0,0,0,0,0,0.835833333,0.383498773,Urban,Afternoon,Clear
53,0.44,0,0,0.43,0,0,0.447083333,0.316736044,Urban,Evening,Clear
54,0.97,0,0,0,0,0,0.5025,0.448607109,Highway,Evening,Clear
55,0,0,0.78,0,0,0,0.617083333,0.355160636,Highway,Afternoon,Clear
56,0.98,0,0,0,0,0,0.230416667,0.38547337,Urban,Morning,Fog
57,0.89,0,0,0,0,0,0.56875,0.461895613,Urban,Morning,Clear
58,0.58,0,0.52,0,0,0.64,0.473333333,0.529832426,Urban,Evening,Clear
59,0,0,0,0,0,0,0.79125,0.227825809,Highway,Evening,Clear
60,0,0,0,0,0,0.7,0.514166667,0.231294695,Highway,Evening,Clear
61,0,0,0,0,0,0,0.550833333,0.11644786,Highway,Night,Clear
62,0.46,0,0,0,0,0,0.216666667,0.196392358,Rural,Evening,Fog
63,0.81,0,0,0.43,0.88,0,0.116666667,0.519799338,Highway,Morning,Clear
64,0.66,0,0,0,0.78,0,0.824166667,0.58095848,Highway,Afternoon,Rain
65,0.47,0,0,0,0,0,0.8,0.381043868,Urban,Evening,Clear
66,0,0,0,0,0,0,0.675416667,0.173497705,Urban,Afternoon,Clear
67,0,0,0.53,0,0,0,0.795833333,0.328423524,Urban,Night,Clear
68,0.7,0,0,0,0,0,0.965,0.469420429,Rural,Night,Clear
69,0.42,0,0.42,0,0,0.68,0.685,0.487351905,Rural,Night,Clear
70,0.95,0.66,0,0,0,0,0.695833333,0.484043121,Highway,Afternoon,Clear
71,0.56,0,0.59,0,0,0.55,0.655833333,0.550005337,Rural,Night,Clear
72,0,0,0.74,0,0,0,0.212916667,0.255790373,Urban,Morning,Clear
73,0.8,0,0,0,0,0,0.675416667,0.42966165,Urban,Afternoon,Clear
74,0.59,0,0,0.83,0.49,0.7,0.832916667,0.701515637,Highway,Afternoon,Clear
75,0,0,0.91,0,0,0,0.657083333,0.419201622,Rural,Evening,Clear
76,0,0,0,0,0,0,0.421666667,0.09456719,Rural,Afternoon,Clear
77,0,0,0,0,0.83,0,0.382083333,0.278311453,Urban,Morning,Fog
78,0,0,0,0,0,0,0.43625,0.099103426,Highway,Afternoon,Clear
79,0,0,0.8,0,0,0,0.325416667,0.269559185,Urban,Afternoon,Clear
80,0.71,0,0,0,0,0,0.2525,0.269292347,Rural,Afternoon,Rain
81,0.73,0,0,0,0,0,0.198333333,0.295442416,Rural,Morning,Clear
82,0.51,0,0.66,0,0,0.42,0.748333333,0.582346035,Urban,Afternoon,Rain
83,0.98,0,0.97,0.67,0,0,0.529583333,0.776230121,Highway,Afternoon,Fog
84,0,0.79,0.83,0,0,0,0.776666667,0.435905646,Highway,Evening,Clear
85,0,0,0,0.55,0,0,0.399166667,0.139716085,Urban,Night,Clear
86,0,0,0,0,0,0.48,0.202083333,0.1060412,Highway,Evening,Fog
87,0.87,0,0,0.51,0,0,0.596666667,0.492902124,Highway,Afternoon,Rain
88,0.96,0,0,0,0,0,0.44125,0.426352866,Rural,Evening,Clear
89,0.94,0,0,0,0,0,0.515833333,0.406553528,Urban,Night,Fog
90,0,0,0,0,0,0,0.575416667,0.160689508,Highway,Evening,Rain
91,0.76,0,0.96,0,0,0,0.970833333,0.736364607,Highway,Night,Clear
92,0,0,0.72,0,0,0,0.93,0.41882805,Urban,Night,Clear
93,0.95,0,0,0,0,0,0.16625,0.355907781,Highway,Morning,Clear
94,0,0.85,0.56,0,0,0,0.81625,0.342459174,Highway,Night,Clear
95,0,0,0.43,0,0,0,0.24375,0.1493756,Urban,Afternoon,Clear
96,0.45,0,0,0,0,0.93,0.727916667,0.45303661,Highway,Afternoon,Rain
97,0.52,0,0,0,0,0,0.381666667,0.23033408,Highway,Night,Fog
98,0.43,0.54,0,0,0.81,0,0.242916667,0.350571032,Rural,Evening,Clear
99,0.6,0,0.84,0,0.41,0.85,0.309166667,0.691108976,Urban,Morning,Rain
100,0,0,0,0.8,0,0,0.514166667,0.244102893,Highway,Evening,Clear
101,0,0,0,0,0,0,0.501666667,0.156046536,Urban,Morning,Clear
102,0.63,0,0,0.4,0.65,0.65,0.375,0.541146334,Rural,Afternoon,Clear
103,0,0,0,0,0,0,0.609166667,0.134592806,Highway,Night,Clear
104,0.56,0,0,0,0,0,0.395416667,0.265716725,Urban,Afternoon,Clear
105,0.9,0.64,0,0,0,0.71,0.45875,0.503522254,Highway,Evening,Clear
106,0.61,0,0,0,0.6,0,0.549166667,0.463123065,Highway,Evening,Clear
107,0.57,0,0,0,0,0.62,0.99125,0.515369837,Urban,Night,Clear
108,0.73,0,0,0,0,0.84,0.132083333,0.364126374,Urban,Evening,Clear
109,0.48,0.56,0.47,0,0,0.87,0.177916667,0.440868823,Highway,Morning,Rain
110,0,0,0,0.88,0,0,0.232083333,0.148308251,Highway,Afternoon,Rain
111,0.88,0,0,0,0,0,0.307916667,0.340964884,Urban,Afternoon,Clear
112,0.44,0,0,0.45,0,0,0.49875,0.353666346,Urban,Morning,Rain
113,0.99,0,0,0,0,0,0.2225,0.367915466,Urban,Evening,Rain
114,0.86,0,0,0,0,0,0.219583333,0.325381578,Urban,Evening,Rain
115,0.52,0,0.58,0,0,0,0.895,0.538584694,Urban,Night,Clear
116,0,0,0,0,0,0,0.58,0.125520333,Rural,Night,Clear
117,0.4,0,0,0.51,0,0,0.245,0.269612552,Urban,Morning,Fog
118,0.89,0,0,0.63,0,0,0.87375,0.600864553,Highway,Afternoon,Clear
119,0.82,0,0,0,0,0,0.38875,0.365193724,Urban,Evening,Rain
120,0,0,0,0,0,0.86,0.265416667,0.192710001,Highway,Morning,Rain
121,0.84,0,0,0,0.8,0.83,0.424583333,0.624452983,Rural,Afternoon,Clear
122,0,0,0.72,0,0,0,0.132083333,0.207225958,Highway,Evening,Clear
123,0.86,0,0,0,0,0.52,0.21875,0.410022414,Urban,Morning,Clear
124,0.44,0,0,0.69,0,0,0.932916667,0.464563988,Highway,Night,Rain
125,0,0,0,0,0,0.6,0.79875,0.270413064,Rural,Night,Clear
126,0.62,0,0.74,0,0,0,0.172083333,0.441615968,Highway,Morning,Clear
127,0.47,0,0,0,0,0,0.225416667,0.202316149,Urban,Evening,Clear
128,0,0,0.76,0,0,0,0.36125,0.252161383,Highway,Night,Clear
129,0.92,0,0,0,0,0.68,0.36125,0.439161063,Urban,Night,Rain
130,0,0,0,0,0,0,0.827083333,0.220674565,Highway,Afternoon,Clear
131,0.77,0,0,0,0,0.6,0.562916667,0.49850571,Highway,Morning,Clear
132,0.6,0,0,0,0,0.85,0.997083333,0.556249333,Urban,Night,Rain
133,0.44,0,0,0,0,0.6,0.8075,0.414024976,Urban,Night,Clear
134,0.59,0,0,0,0,0,0.653333333,0.392144306,Highway,Morning,Clear
135,0,0,0,0,0,0,0.59375,0.148094781,Urban,Afternoon,Clear
136,0,0,0,0,0,0,0.365416667,0.095367702,Urban,Evening,Rain
137,0,0,0,0,0,0,0.915416667,0.229853773,Highway,Night,Clear
138,0.6,0,0,0,0,0,0.11375,0.227505604,Highway,Morning,Clear
139,0.84,0,0,0,0,0,0.44125,0.387928274,Rural,Evening,Rain
140,0,0,0,0,0,0.48,0.690833333,0.221475077,Urban,Night,Clear
141,0.78,0.52,0,0,0,0,0.137916667,0.274362259,Highway,Evening,Clear
142,0.93,0,0.5,0,0,0.64,0.303333333,0.602198741,Rural,Morning,Rain
143,0,0,0,0.61,0,0,0.14,0.121677874,Rural,Morning,Fog
144,0,0,0,0,0,0,0.736666667,0.192549899,Urban,Afternoon,Clear
145,0,0.87,0,0,0,0.99,0.5975,0.25776497,Urban,Night,Clear
146,0,0,0,0,0,0.54,0.4725,0.216138329,Urban,Morning,Rain
147,0,0,0.63,0,0,0,0.592083333,0.345554488,Urban,Morning,Clear
148,0.68,0,0.77,0,0,0,0.34875,0.486871598,Highway,Afternoon,Clear
149,0,0,0,0,0,0,0.032083333,0.00997972,Highway,Morning,Rain
150,0.47,0,0.98,0.59,0,0,0.670833333,0.685772228,Urban,Morning,Fog
151,0.83,0.95,0.84,0.98,0,0,0.2625,0.688120397,Rural,Morning,Clear
152,0.86,0,0,0,0.53,0.77,0.680416667,0.669174939,Rural,Evening,Rain
153,0.74,0,0,0,0,0,0.202083333,0.281513502,Highway,Evening,Clear
154,0,0,0,0,0,0.66,0.579166667,0.228092646,Highway,Afternoon,Clear
155,0,0,0,0,0,0,0.504583333,0.156953784,Rural,Morning,Rain
156,0,0,0,0,0,0.44,0.258333333,0.100117408,Urban,Afternoon,Clear
157,0.86,0,0,0,0,0,0.342083333,0.363485964,Highway,Evening,Rain
158,0.7,0,0,0,0,0,0.5275,0.333333333,Highway,Night,Clear
159,0,0,0,0,0,0,0.410833333,0.072899989,Rural,Night,Clear
160,0.71,0,0,0,0,0.69,0.649166667,0.481054542,Highway,Afternoon,Clear
161,0,0,0,0,0,0,0.128333333,0.039918881,Highway,Morning,Fog
162,0.66,0,0,0,0,0,0.44875,0.296029459,Highway,Night,Clear
163,0.42,0.62,0,0,0,0,0.329166667,0.181983136,Rural,Night,Clear
164,0.46,0,0,0,0,0,0.765833333,0.34891664,Highway,Afternoon,Rain
165,0,0,0,0,0,0,0.59,0.165225744,Rural,Evening,Clear
166,0,0,0,0.78,0,0,0.93,0.334293948,Urban,Night,Clear
167,0.42,0,0.95,0.41,0,0,0.132083333,0.453143345,Highway,Evening,Clear
168,0.78,0,0,0,0,0,0.556666667,0.368022201,Highway,Night,Fog
169,0.59,0,0,0,0,0,0.592083333,0.373092112,Urban,Morning,Clear
170,0.71,0,0,0,0,0.82,0.334166667,0.399722489,Urban,Afternoon,Rain
171,0.94,0,0,0,0.75,0,0.573333333,0.586828904,Highway,Afternoon,Rain
172,0,0,0,0.66,0,0.71,0.379166667,0.293414452,Urban,Morning,Clear
173,0.55,0,0,0,0,0,0.880416667,0.395079518,Urban,Night,Clear
174,0.65,0,0.86,0,0,0,0.557083333,0.601718433,Highway,Morning,Clear
175,0.85,0,0,0.93,0,0.92,0.5025,0.647134166,Rural,Evening,Clear
176,0.54,0.85,0,0,0,0,0.037916667,0.184704878,Urban,Morning,Clear
177,0.45,0,0,0,0,0,0.249583333,0.185131818,Highway,Afternoon,Clear
178,0.57,0,0,0.58,0,0.57,0.695833333,0.509659515,Urban,Afternoon,Clear
179,0,0,0,0,0,0.45,0.285833333,0.146547123,Urban,Morning,Clear
180,0,0,0,0,0.95,0,0.657083333,0.368609243,Rural,Evening,Clear
181,0.5,0,0,0,0,0,0.417916667,0.271800619,Highway,Evening,Clear
182,0.96,0,0,0,0,0.96,0.503333333,0.550325542,Highway,Afternoon,Clear
183,0,0,0.76,0,0,0,0.444166667,0.314547977,Urban,Evening,Clear
184,0,0,0.52,0,0,0.63,0.058333333,0.23204184,Highway,Morning,Clear
185,0,0,0,0,0,0,0.67375,0.209574127,Rural,Morning,Clear
186,0.88,0.94,0,0,0,0,0.669583333,0.45346355,Urban,Afternoon,Fog
187,0.78,0,0.8,0,0,0,0.354583333,0.528391504,Highway,Afternoon,Clear
188,0.92,0,0,0,0,0,0.51625,0.45517131,Rural,Morning,Clear
189,0.88,0,0,0,0.88,0,0.603333333,0.583626855,Urban,Night,Clear
190,0,0,0,0,0,0.75,0.62375,0.235190522,Rural,Night,Rain
191,0,0,0.77,0,0,0.88,0.4375,0.446045469,Highway,Morning,Clear
192,0,0,0.76,0,0,0.59,0.33125,0.336695485,Highway,Afternoon,Clear
193,0.51,0,0,0,0,0,0.888333333,0.403031273,Urban,Afternoon,Rain
194,0,0,0,0,0,0,0.841666667,0.225210802,Highway,Afternoon,Clear
195,0,0,0.69,0,0.95,0,0.491666667,0.475611058,Rural,Afternoon,Clear
196,0,0,0.72,0,0,0,0.319583333,0.247251574,Highway,Afternoon,Clear
197,0.94,0,0,0,0,0,0.469166667,0.392037571,Rural,Night,Clear
198,0,0,0.6,0,0,0,0.832916667,0.376187427,Urban,Afternoon,Clear
199,0,0,0.71,0,0,0,0.762083333,0.400629736,Highway,Evening,Rain
200,0.72,0,0,0,0,0,0.555,0.384886327,Highway,Evening,Fog
201,0.88,0,0,0.46,0.99,0.83,0.461666667,0.762514676,Urban,Evening,Rain
202,0.94,0.91,0,0,0,0,0.07,0.322766571,Highway,Morning,Clear
203,0,0,0,0,0,0,0.473333333,0.128935852,Highway,Evening,Clear
204,0,0,0,0,0,0,1,0.256163945,Rural,Night,Clear
205,0.59,0,0,0,0,0,0.51125,0.329650977,Urban,Evening,Rain
206,0.47,0,0.52,0,0,0,0.678333333,0.458106522,Urban,Afternoon,Rain
207,0.54,0,0,0,0,0,0.630833333,0.35083787,Urban,Evening,Clear
208,0.66,0,0,0,0.41,0.48,0.42375,0.465097663,Highway,Evening,Clear
209,0,0,0,0,0.77,0,0.164166667,0.180702316,Urban,Evening,Fog
210,0.89,0,0,0,0,0,0.21875,0.353025937,Highway,Morning,Clear
211,0.92,0,0.88,0,0,0,0.530416667,0.630109937,Rural,Night,Clear
212,0.4,0,0.51,0,0,0.57,0.486666667,0.428220728,Urban,Night,Clear
213,0.71,0,0.45,0.86,0.65,0,0.818333333,0.795602519,Highway,Afternoon,Clear
214,0.65,0,0,0,0,0.49,0.272083333,0.33722916,Urban,Evening,Fog
215,0.53,0,0,0,0,0.89,0.320833333,0.383498773,Highway,Morning,Rain
216,0,0,0,0,0,0,0.337916667,0.050218807,Rural,Night,Clear
217,0.47,0,0,0,0,0,0.393333333,0.217952823,Highway,Night,Clear
218,0.6,0,0,0,0,0,0.517083333,0.334667521,Urban,Evening,Clear
219,0,0.51,0.66,0,0,0.53,0.534583333,0.384939695,Highway,Evening,Clear
220,0.97,0,0.79,0,0,0,0.457916667,0.655406127,Urban,Morning,Clear
221,0.59,0.97,0.66,0,0,0,0.89125,0.598623119,Highway,Afternoon,Clear
222,0,0,0,0,0,0,0.515,0.123599103,Rural,Afternoon,Clear
223,0.71,0,0,0,0,0,0.61625,0.400736471,Highway,Evening,Clear
224,0,0,0.57,0,0.92,0.83,0.434583333,0.564254456,Urban,Morning,Fog
225,0.82,0.63,0.73,0,0,0,0.329166667,0.497064788,Urban,Night,Clear
226,0.62,0,0,0,0,0,0.80375,0.411943644,Highway,Afternoon,Clear
227,0.98,0,0,0,0,0.97,0.520833333,0.563453944,Highway,Afternoon,Clear
228,0,0,0,0,0.55,0,0.154583333,0.153751734,Rural,Morning,Clear
229,0.98,0,0.61,0.76,0,0,0.692083333,0.764382538,Urban,Evening,Fog
230,0,0,0.96,0,0,0,0.965,0.491194364,Highway,Night,Rain
231,0.55,0,0.95,0,0,0,0.377083333,0.518465151,Rural,Evening,Clear
232,0,0,0,0,0,0.72,0.835833333,0.315615327,Urban,Afternoon,Clear
233,0.7,0,0,0,0,0.72,0.367083333,0.375653752,Urban,Night,Clear
234,0.58,0,0,0,0,0,0.259583333,0.26646387,Highway,Morning,Clear
235,0.57,0,0.7,0,0.99,0,0.451666667,0.637634753,Urban,Night,Clear
236,0,0,0,0,0,0,0.569583333,0.158875013,Highway,Evening,Clear
237,0.42,0,0,0,0,0,0.235,0.170989433,Urban,Afternoon,Clear
238,0.77,0,0.6,0,0,0,0.832916667,0.622745224,Highway,Afternoon,Clear
239,0,0,0,0.74,0,0,0.479166667,0.225531007,Rural,Evening,Fog
240,0.7,0,0.84,0,0,0,0.447916667,0.542053581,Highway,Afternoon,Clear
241,0.43,0,0.42,0,0,0.68,0.410833333,0.405272708,Urban,Night,Rain
242,0.57,0,0,0,0.77,0.6,0.745416667,0.602572313,Highway,Afternoon,Rain
243,0,0,0,0,0,0,0.57125,0.122798591,Rural,Night,Clear
244,0,0,0.68,0,0,0.69,0.941666667,0.500587042,Urban,Night,Clear
245,0.94,0,0,0.43,0,0,0.347083333,0.464030313,Highway,Morning,Rain
246,0,0,0,0,0,0,0.382916667,0.100811186,Highway,Evening,Clear
247,0.54,0,0,0,0,0.76,0.561666667,0.408368022,Highway,Afternoon,Clear
248,0,0,0,0,0,0,0.765,0.219660583,Urban,Evening,Clear
249,0.49,0,0,0.48,0,0.99,0.3625,0.43964137,Highway,Evening,Clear
250,0.69,0,0,0,0,0,0.587916667,0.367221689,Urban,Afternoon,Rain
251,0.99,0,0,0,0,0,0.556666667,0.435265236,Highway,Night,Fog
252,0.55,0,0.6,0,0,0,0.049583333,0.345234283,Urban,Morning,Rain
253,0.8,0,0,0,0.88,0,0.452916667,0.54781727,Rural,Evening,Rain
254,0.86,0,0,0.77,0,0,0.885416667,0.612818871,Urban,Afternoon,Rain
255,0,0,0.95,0,0,0,0.53375,0.409382004,Highway,Morning,Clear
256,0.54,0,0,0,0,0,0.531666667,0.319991461,Urban,Evening,Clear
257,0.84,0,0.41,0,0,0,0.429583333,0.489326502,Urban,Evening,Rain
258,0.62,0,0.73,0,0,0,0.419583333,0.461148468,Highway,Night,Clear
259,0.78,0,0.84,0,0,0.96,0.4675,0.715017611,Rural,Evening,Rain
260,0.78,0,0,0,0,0,0.666666667,0.42053581,Urban,Afternoon,Clear
261,0,0.6,0,0,0,0,0.889166667,0.221688547,Urban,Night,Clear
262,0.72,0,0,0,0,0,0.07875,0.255043228,Highway,Morning,Fog
263,0,0,0,0,0,0,0.032083333,0.00997972,Highway,Morning,Fog
264,0.45,0,0.69,0,0,0.92,0.70375,0.639289145,Highway,Evening,Clear
265,0,0.44,0.45,0,0,0,0.386666667,0.198953997,Rural,Afternoon,Clear
266,0.9,0,0.98,0,0,0,0.853333333,0.768064895,Highway,Afternoon,Clear
267,0.59,0,0,0,0,0,0.390416667,0.255470168,Urban,Night,Clear
268,0,0,0.71,0,0,0,0.445,0.283701569,Highway,Afternoon,Clear
269,0,0,0,0,0,0,0.635416667,0.142758032,Rural,Night,Clear
270,0,0,0.77,0,0,0,0.534583333,0.345234283,Rural,Evening,Clear
271,0.51,0,0.54,0.52,0,0.93,0.272916667,0.535649482,Highway,Afternoon,Clear
272,0,0,0.69,0,0,0,0.627083333,0.371811293,Urban,Morning,Rain
273,0.42,0,0,0,0,0,0.89125,0.375120077,Urban,Afternoon,Clear
274,0.75,0,0.66,0,0,0,0.944583333,0.648148148,Rural,Night,Clear
275,0.81,0,0,0,0.45,0,0.570416667,0.486658128,Highway,Afternoon,Clear
276,0.41,0,0,0,0,0.68,0.142916667,0.262834881,Highway,Morning,Rain
277,0,0,0.44,0,0,0,0.442083333,0.213630057,Highway,Afternoon,Clear
278,0,0,0,0,0,0,0.682083333,0.157273989,Highway,Night,Rain
279,0,0.69,0,0.7,0,0,0.1225,0.127761768,Highway,Morning,Clear
280,0.71,0,0.46,0,0,0,0.555,0.499519693,Urban,Evening,Clear
281,0,0,0,0,0.51,0,0.597916667,0.283968406,Urban,Morning,Clear
282,0.54,0,0,0,0,0,0.897916667,0.397320952,Urban,Night,Clear
283,0.79,0,0,0,0,0.79,0.715416667,0.558384032,Urban,Evening,Rain
284,0.5,0,0.9,0,0,0,0.21,0.455971822,Highway,Morning,Clear
285,0,0,0,0,0,0,0.402083333,0.070178247,Rural,Night,Clear
286,0.81,0,0,0,0,0.94,0.386666667,0.46344327,Highway,Afternoon,Clear
287,0.63,0,0,0,0,0,0.2925,0.274415626,Rural,Evening,Rain
288,0,0,0,0,0,0,0.636666667,0.179741701,Highway,Evening,Clear
289,0,0,0,0,0,0,0.32375,0.100704451,Highway,Morning,Clear
290,0.96,0,0.54,0,0,0.64,0.478333333,0.676486285,Highway,Morning,Clear
291,0,0,0,0,0,0,0.595,0.18507845,Highway,Morning,Rain
292,0,0,0.52,0,0,0,0.405416667,0.259312627,Highway,Morning,Clear
293,0.48,0,0,0,0,0.98,0.285833333,0.368128936,Urban,Morning,Fog
294,0,0,0,0,0,0.65,0.62125,0.276496958,Highway,Morning,Rain
295,0,0,0.7,0,0,0,0.577083333,0.303927847,Urban,Night,Clear
296,0,0,0.86,0,0,0.76,0.49,0.470060839,Urban,Morning,Rain
297,0.6,0,0.44,0,0,0,0.447916667,0.40756751,Urban,Afternoon,Rain
298,0.47,0,0,0,0,0,0.186666667,0.208560145,Highway,Morning,Clear
299,0.95,0,0.75,0,0,0,0.352916667,0.606094567,Highway,Morning,Rain
300,0,0,0,0.73,0,0.83,0.473333333,0.328743729,Rural,Evening,Clear
301,0.93,0,0.47,0,0,0,0.813333333,0.616287757,Urban,Night,Fog
302,0.55,0,0,0,0,0.97,0.325416667,0.364980254,Highway,Afternoon,Rain
303,0.8,0,0.42,0,0,0,0.688333333,0.577863166,Urban,Morning,Clear
304,0.89,0,0.43,0,0,0.55,0.547916667,0.581118583,Urban,Night,Clear
305,0,0,0.9,0,0,0,0.417083333,0.360283915,Rural,Morning,Clear
306,0.73,0,0.47,0,0,0,0.605416667,0.505870424,Highway,Afternoon,Clear
307,0,0,0,0,0,0.85,0.665833333,0.297683851,Highway,Evening,Rain
308,0,0,0,0,0,0,0.647083333,0.146387021,Highway,Night,Clear
309,0.72,0,0,0,0,0,0.53625,0.342459174,Highway,Night,Clear
310,0,0,0,0,0,0,0.788333333,0.226918561,Rural,Evening,Clear
311,0.55,0,0,0,0,0,0.827083333,0.396787277,Urban,Afternoon,Clear
312,0,0,0.43,0,0,0.71,0.760833333,0.382858363,Rural,Night,Clear
313,0.46,0,0,0.57,0,0,0.927083333,0.453783755,Urban,Night,Clear
314,0.94,0,0,0,0,0,0.970833333,0.548084107,Urban,Night,Clear
315,0.94,0,0,0.97,0,0,0.137916667,0.449834561,Rural,Evening,Rain
316,0,0,0.66,0,0,0.56,0.565833333,0.416800085,Rural,Morning,Clear
317,0.78,0,0,0,0.86,0,0.719166667,0.602092006,Rural,Afternoon,Fog
318,0.6,0,0,0,0,0,0.789166667,0.401003309,Highway,Afternoon,Fog
319,0.61,0.47,0.91,0,0,0,0.832916667,0.650923258,Highway,Afternoon,Clear
320,0.84,0.55,0.56,0,0,0,0.810416667,0.609616821,Highway,Night,Clear
321,0.94,0,0.65,0,0.41,0,0.590833333,0.693457146,Urban,Afternoon,Clear
322,0,0,0,0,0,0,0.490833333,0.134379336,Urban,Evening,Clear
323,0,0,0,0.91,0,0,0.386666667,0.200234817,Highway,Afternoon,Clear
324,0.93,0,0,0,0,0,0.304166667,0.374106095,Highway,Evening,Clear
325,0,0,0,0,0,0.87,0.41125,0.239353186,Urban,Morning,Rain
326,0.87,0,0,0,0,0,0.582083333,0.423044082,Urban,Afternoon,Rain
327,0,0,0,0,0,0,0.484166667,0.150603053,Urban,Morning,Clear
328,0.79,0,0,0,0,0,0.242083333,0.328263422,Rural,Morning,Fog
329,0,0,0.42,0,0,0,0.839583333,0.3138542,Highway,Night,Clear
330,0.45,0,0,0,0,0,0.652083333,0.310331946,Urban,Afternoon,Clear
331,0.5,0,0,0,0,0,0.830833333,0.363646067,Highway,Night,Clear
332,0.94,0,0,0,0,0,0.706666667,0.502508272,Highway,Evening,Fog
333,0.76,0,0,0,0,0,0.032083333,0.253335468,Highway,Morning,Fog
334,0.41,0,0,0,0.89,0.73,0.472083333,0.487725478,Highway,Night,Clear
335,0.46,0,0,0,0,0,0.116666667,0.183584161,Urban,Morning,Clear
336,0,0,0,0,0,0,0.44,0.081972462,Rural,Night,Clear
337,0.8,0,0.67,0,0,0.8,0.27125,0.614633365,Highway,Morning,Clear
338,0,0,0,0,0,0,0.263333333,0.063614046,Rural,Evening,Clear
339,0.4,0.59,0,0,0.41,0,0.28,0.293948127,Highway,Morning,Clear
340,0.5,0,0,0,0,0,0.512083333,0.282794322,Highway,Afternoon,Clear
341,0.73,0,0.75,0,0,0,0.472083333,0.517824741,Urban,Night,Clear
342,0,0,0,0.83,0,0,0.666666667,0.277084,Rural,Afternoon,Fog
343,0.82,0,0.74,0,0,0.59,0.350833333,0.618529192,Urban,Evening,Clear
344,0.79,0,0.6,0.45,0,0,0.75625,0.681235991,Urban,Evening,Clear
345,0.53,0,0,0.46,0,0,0.326666667,0.330238019,Rural,Morning,Rain
346,0.83,0.89,0.59,0,0,0,0.48375,0.512487992,Highway,Night,Fog
347,0,0,0.46,0,0,0,0.909583333,0.345874693,Urban,Night,Clear
348,0.54,0,0,0,0,0,0.1575,0.221902017,Highway,Morning,Rain
349,0.6,0,0.62,0,0,0,0.181666667,0.389155726,Urban,Evening,Rain
350,0.85,0,0,0,0,0,0.404166667,0.361297897,Highway,Afternoon,Clear
351,0,0,0,0,0.79,0,0.66875,0.341498559,Urban,Evening,Rain
352,0,0.93,0,0,0,0.69,0.11375,0.123759206,Highway,Morning,Clear
353,0.79,0,0,0,0,0,0.50625,0.373839257,Highway,Afternoon,Clear
354,0.91,0,0,0.7,0,0.77,0.778333333,0.666880137,Urban,Night,Rain
355,0,0,0,0,0,0,0.190416667,0.040932864,Urban,Evening,Rain
356,0,0,0,0,0,0,0.198333333,0.061692817,Urban,Morning,Rain
357,0.79,0,0,0,0,0,0.769583333,0.437453303,Urban,Night,Clear
358,0,0,0.46,0,0,0.64,0.38375,0.282580852,Highway,Afternoon,Rain
359,0.74,0,0,0,0,0,0.428333333,0.315295122,Highway,Night,Clear
360,0,0,0,0,0,0,0.284583333,0.051926566,Urban,Afternoon,Clear
361,0.46,0,0,0,0,0,0.250833333,0.225317537,Urban,Morning,Clear
362,0.62,0,0,0,0.62,0.52,0.70375,0.584854307,Urban,Evening,Clear
363,0.56,0,0.86,0.5,0,0,0.582916667,0.590084321,Urban,Night,Clear
364,0.55,0,0,0,0,0,0.517083333,0.318657274,Urban,Evening,Rain
365,0.98,0,0,0,0,0.98,0.935833333,0.67552567,Urban,Night,Clear
366,0.64,0,0,0,0,0,0.69875,0.38568684,Highway,Afternoon,Rain
367,0,0,0,0,0,0,0.3225,0.063720781,Highway,Afternoon,Clear
368,0,0,0,0,0,0,0.667916667,0.207759633,Rural,Morning,Clear
369,0,0,0,0,0,0,0.473333333,0.128935852,Highway,Evening,Clear
370,0.94,0,0,0,0,0,0.64625,0.465417867,Urban,Afternoon,Fog
371,0.78,0,0.98,0,0,0,0.372083333,0.579944498,Highway,Afternoon,Clear
372,0,0.58,0,0,0,0.71,0.515,0.214537304,Urban,Afternoon,Clear
373,0,0,0.98,0,0.77,0,0.76,0.598783221,Highway,Afternoon,Clear
374,0,0,0,0,0,0,0.344166667,0.107055182,Urban,Morning,Clear
375,0.88,0,0,0,0.82,0,0.68125,0.614633365,Highway,Afternoon,Clear
376,0.7,0,0,0.99,0,0,0.564583333,0.489966912,Urban,Afternoon,Clear
377,0.75,0,0.92,0.5,0.61,0,0.585,0.802433557,Highway,Afternoon,Rain
378,0.7,0,0,0,0,0,0.804583333,0.419521827,Highway,Night,Clear
379,0,0,0.76,0,0,0,0.300416667,0.288131071,Rural,Morning,Rain
380,0.52,0,0,0.69,0,0,0.604583333,0.424645106,Urban,Evening,Rain
381,0,0,0.82,0,0,0,0.514166667,0.351691749,Urban,Evening,Clear
382,0.83,0,0,0,0,0,0.631666667,0.425659088,Urban,Afternoon,Clear
383,0.57,0,0.57,0.62,0,0.84,0.6725,0.688120397,Highway,Afternoon,Clear
384,0.41,0,0,0,0,0,0.997083333,0.386540719,Urban,Night,Fog
385,0.79,0,0,0,0,0,0.299166667,0.309424698,Rural,Afternoon,Fog
386,0,0,0.78,0,0.46,0,0.312916667,0.367221689,Urban,Evening,Rain
387,0.51,0,0,0.78,0,0,0.4925,0.361511367,Urban,Night,Rain
388,0,0,0,0,0,0,0.45375,0.10454691,Highway,Afternoon,Clear
389,0.96,0,0.67,0,0,0.65,0.708333333,0.727719074,Highway,Night,Clear
390,0.97,0,0.69,0,0,0,0.146666667,0.514676059,Urban,Evening,Clear
391,0.95,0,0,0,0,0.61,0.582083333,0.526790479,Urban,Afternoon,Clear
392,0.62,0,0.85,0,0.44,0.64,0.435416667,0.699914612,Highway,Evening,Rain
393,0,0,0,0,0,0,0.757083333,0.19890063,Highway,Afternoon,Fog
394,0.41,0,0.57,0,0,0,0.385833333,0.379015904,Urban,Evening,Clear
395,0,0,0,0,0,0,0.412916667,0.091845448,Highway,Afternoon,Clear
396,0.96,0,0,0,0,0.65,0.565416667,0.511634112,Highway,Night,Clear
397,0,0,0.59,0,0,0,0.765,0.37079731,Rural,Evening,Clear
398,0.66,0,0,0.48,0,0,0.4975,0.390970221,Urban,Afternoon,Clear
399,0.98,0,0.95,0,0,0.73,0.3575,0.725264169,Highway,Afternoon,Clear
400,0.98,0,0,0,0,0.73,0.5275,0.516490554,Urban,Night,Clear
401,0.91,0,0,0,0,0,0.661666667,0.442309745,Highway,Night,Clear
402,0,0,0,0,0,0,0.666666667,0.170775963,Highway,Afternoon,Clear
403,0.58,0,0.43,0,0,0,0.622916667,0.45303661,Rural,Afternoon,Clear
404,0,0,0.69,0,0,0.7,0.351666667,0.339203757,Urban,Afternoon,Clear
405,0.63,0,0,0,0,0,0.419583333,0.277350838,Urban,Night,Rain
406,0,0,0,0.66,0,0.48,0.303333333,0.240367168,Highway,Morning,Clear
407,0.91,0,0.95,0,0.75,0,0.664583333,0.830664959,Highway,Night,Fog
408,0,0,0,0,0,0,0.37,0.060198527,Urban,Night,Rain
409,0,0,0.77,0,0,0.7,0.7425,0.481268012,Urban,Afternoon,Rain
410,0.59,0,0.73,0.56,0,0,0.73375,0.639289145,Rural,Afternoon,Clear
411,0.5,0,0,0,0,0,0.452916667,0.282687587,Highway,Evening,Clear
412,0.73,0,0,0,0,0,0.994166667,0.48809905,Highway,Night,Clear
413,0,0,0.55,0,0,0,0.722916667,0.310865621,Urban,Night,Clear
414,0.96,0,0,0,0,0,0.603333333,0.440175045,Urban,Night,Clear
415,0.82,0,0,0,0,0.5,0.859166667,0.557263315,Highway,Afternoon,Clear
416,0.74,0,0,0,0,0,0.67375,0.446525776,Urban,Morning,Fog
417,0.46,0,0.61,0,0,0,0.862083333,0.535115807,Rural,Afternoon,Rain
418,0,0,0,0,0,0.48,0.3625,0.155939801,Highway,Evening,Clear
419,0.77,0,0,0,0,0,0.555,0.400896574,Highway,Evening,Clear
420,0,0,0,0,0,0,0.4375,0.136087096,Urban,Morning,Fog
421,0.99,0,0,0,0,0.96,0.199166667,0.483616181,Rural,Evening,Clear
422,0,0,0,0,0,0.76,0.405,0.168427794,Highway,Night,Clear
423,0.48,0,0,0,0,0,0.629583333,0.294641904,Urban,Night,Clear
424,0.71,0.92,0,0,0,0,0.897916667,0.45175579,Highway,Night,Rain
425,0.93,0,0,0,0,0,0.469166667,0.388835521,Urban,Night,Clear
426,0.84,0,0.91,0,0,0,0.787083333,0.692016224,Urban,Night,Rain
427,0.82,0,0,0,0,0,0.615416667,0.453997225,Urban,Morning,Rain
428,0.82,0,0,0,0,0,0.731666667,0.435265236,Highway,Night,Clear
429,0.62,0,0.74,0,0,0.8,0.232083333,0.526150069,Rural,Afternoon,Clear
430,0.58,0,0.71,0,0,0,0.652083333,0.533834988,Highway,Afternoon,Clear
431,0,0,0.46,0.93,0,0,0.774583333,0.441295763,Highway,Afternoon,Clear
432,0,0,0,0,0,0,0.5975,0.130963817,Highway,Night,Clear
433,0.89,0,0.41,0,0,0,0.762083333,0.608762942,Highway,Evening,Clear
434,0,0,0,0,0,0,0.34,0.069164265,Highway,Afternoon,Clear
435,0.89,0,0,0.42,0,0.64,0.538333333,0.551606361,Urban,Afternoon,Rain
436,0.92,0,0,0,0,0,0.787083333,0.484523428,Urban,Night,Clear
437,0.95,0,0,0,0,0,0.4225,0.380723663,Urban,Night,Rain
438,0,0,0.98,0,0,0,0.583333333,0.432490127,Urban,Morning,Clear
439,0,0,0,0,0.71,0,0.585,0.281780339,Highway,Afternoon,Rain
440,0,0,0,0,0,0,0.622916667,0.157167254,Highway,Afternoon,Clear
441,0.71,0,0,0,0,0,0.545416667,0.397000747,Highway,Morning,Fog
442,0,0,0,0,0,0.95,0.5025,0.259686199,Urban,Evening,Clear
443,0,0,0.63,0,0,0.78,0.48875,0.376721102,Highway,Afternoon,Clear
444,0,0,0,0,0,0,0.6775,0.192443164,Highway,Evening,Fog
445,0.7,0,0.76,0,0,0,0.58,0.544348383,Urban,Night,Clear
446,0.88,0,0.45,0,0.85,0,0.539166667,0.6731775,Urban,Night,Clear
447,0.79,0,0,0,0,0.86,0.134166667,0.404845768,Highway,Morning,Fog
448,0,0,0,0,0,0.62,0.245,0.155619597,Highway,Morning,Rain
449,0.82,0,0.81,0,0,0,0.450833333,0.573700502,Urban,Afternoon,Clear
450,0,0,0,0.95,0,0,0.219583333,0.171683211,Urban,Evening,Rain
451,0.88,0,0,0,0,0,0.687083333,0.458907034,Highway,Afternoon,Clear
452,0.93,0,0.96,0,0,0,0.305,0.601985271,Urban,Afternoon,Clear
453,0.6,0,0,0.9,0.71,0.98,0.26125,0.613992955,Urban,Afternoon,Clear
454,0,0,0,0,0,0,0.35,0.108869677,Urban,Morning,Clear
455,0,0,0.75,0,0,0,0.687916667,0.351211442,Urban,Night,Rain
456,0.63,0,0.48,0,0,0.89,0.587083333,0.602999253,Urban,Evening,Clear
457,0.46,0.91,0.75,0,0,0,0.430416667,0.436706159,Highway,Afternoon,Clear
458,0,0,0,0,0,0.91,0.30125,0.191962856,Highway,Evening,Clear
459,0.75,0,0.86,0,0,0,0.246666667,0.500587042,Rural,Afternoon,Clear
460,0.42,0,0,0,0,0,0.68625,0.329650977,Highway,Evening,Clear
461,0.68,0,0.64,0.58,0,0.5,0.517916667,0.644519159,Urban,Afternoon,Rain
462,0,0,0.93,0,0,0,0.669583333,0.409915679,Urban,Afternoon,Rain
463,0,0,0.79,0,0.65,0,0.629583333,0.468192977,Urban,Night,Rain
464,0,0,0,0,0.64,0,0.46625,0.213096382,Urban,Night,Clear
465,0,0,0,0,0,0,0.475,0.09285943,Rural,Night,Clear
466,0.73,0,0,0,0,0.56,0.51625,0.466058277,Highway,Morning,Rain
467,0.57,0,0.94,0,0,0.57,0.64625,0.660742875,Urban,Afternoon,Clear
468,0.75,0,0,0,0,0.56,0.631666667,0.471768599,Highway,Afternoon,Clear
469,0,0,0,0,0,0,0.274166667,0.085281247,Highway,Morning,Fog
470,0.42,0,0,0.87,0,0,0.8125,0.462055716,Urban,Afternoon,Rain
471,0.42,0,0,0,0,0,0.67375,0.344060199,Highway,Morning,Clear
472,0,0,0,0,0,0,0.655,0.167146974,Urban,Afternoon,Clear
473,0.89,0,0,0,0,0,0.34375,0.33701569,Rural,Night,Clear
474,0.62,0,0,0,0,0,0.662916667,0.386433984,Highway,Evening,Fog
475,0.48,0.86,0,0,0,0,0.741666667,0.366100971,Highway,Evening,Clear
476,0,0,0.77,0,0,0.91,0.425833333,0.446258939,Urban,Morning,Clear
477,0.71,0,0,0,0,0,0.256666667,0.307183264,Urban,Morning,Clear
478,0,0,0,0,0,0,0.27125,0.084373999,Urban,Morning,Clear
479,0,0,0.48,0,0,0.42,0.4025,0.30195325,Urban,Morning,Clear
480,0.86,0,0,0,0,0,0.370416667,0.390596649,Urban,Morning,Clear
481,0,0,0,0.42,0,0,0.99125,0.307236631,Highway,Night,Clear
482,0.53,0,0,0,0,0.45,0.349583333,0.281193297,Urban,Night,Fog
483,0.77,0,0,0,0,0,0.478333333,0.395346355,Highway,Morning,Fog
484,0,0,0,0,0,0,0.865,0.23246878,Highway,Afternoon,Clear
485,0.45,0,0.59,0,0,0.56,0.685,0.525136087,Rural,Night,Clear
486,0.43,0,0,0,0.42,0,0.2575,0.280179315,Highway,Evening,Clear
487,0.72,0,0,0,0,0.52,0.4625,0.404418828,Highway,Afternoon,Clear
488,0,0,0,0,0,0,0.3225,0.063720781,Urban,Afternoon,Clear
489,0.72,0,0,0,0,0.54,0.850416667,0.527644359,Highway,Afternoon,Clear
490,0,0,0,0,0,0,0.689166667,0.196072153,Urban,Evening,Rain
491,0.78,0,0.52,0,0,0,0.225416667,0.434784929,Highway,Evening,Clear
492,0.84,0,0,0,0,0,0.8475,0.495997438,Urban,Afternoon,Rain
493,0.99,0,0,0,0,0,0.9475,0.556836375,Urban,Night,Rain
494,0.71,0,0,0,0,0,0.352916667,0.337122425,Urban,Morning,Clear
495,0.59,0,0,0,0,0,0.135,0.212616074,Rural,Evening,Clear
496,0.88,0,0,0,0,0,0.93,0.516170349,Highway,Night,Clear
497,0.56,0,0,0,0,0,0.632916667,0.376187427,Highway,Morning,Clear
498,0.66,0,0.95,0.98,0,0,0.792083333,0.789998933,Highway,Afternoon,Rain
499,0,0.49,0,0,0,0,0.44125,0.118956132,Urban,Evening,Clear
500,0.45,0,0,0,0,0,0.666666667,0.314868182,Highway,Afternoon,Fog
501,0.42,0,0,0,0.6,0.88,0.71125,0.528818444,Urban,Night,Fog
502,0,0,0.86,0,0.99,0,0.36625,0.487832213,Highway,Afternoon,Clear
503,0.98,0,0,0,0,0,0.229166667,0.3484897,Highway,Afternoon,Rain
504,0.9,0.81,0,0,0,0.74,0.9825,0.633685559,Highway,Night,Clear
505,0,0,0,0,0,0,0.282916667,0.088002989,Urban,Morning,Clear
506,0.82,0,0,0,0,0,0.399166667,0.331839044,Rural,Night,Rain
507,0,0,0.81,0,0,0,0.7,0.425232149,Highway,Morning,Rain
508,0,0,0,0,0,0,0.4275,0.096381684,Urban,Afternoon,Clear
509,0.65,0,0,0,0,0,0.54125,0.339897534,Rural,Afternoon,Clear
510,0.5,0,0.58,0,0,0,0.80375,0.52209414,Rural,Afternoon,Clear
511,0.49,0,0,0.72,0,0,0.49,0.401536984,Highway,Morning,Clear
512,0.55,0,0,0.58,0,0,0.477083333,0.362205145,Urban,Afternoon,Rain
513,0.73,0,0.51,0.62,0,0,0.75125,0.64089017,Urban,Afternoon,Clear
514,0.83,0,0,0.44,0,0,0.530416667,0.43222329,Highway,Night,Rain
515,0,0,0,0,0,0,0.515833333,0.105560892,Highway,Night,Fog
516,0.8,0,0,0,0,0.4,0.52,0.450848543,Highway,Evening,Rain
517,0.57,0,0,0.99,0.92,0,0.839583333,0.692336429,Urban,Night,Clear
518,0,0,0,0,0.6,0.66,0.883333333,0.41968193,Highway,Night,Clear
519,0.97,0,0,0,0.75,0.64,0.640416667,0.699274202,Urban,Afternoon,Fog
520,0.84,0,0.85,0.42,0.91,0,0.385,0.83509446,Highway,Morning,Clear
521,0.73,0,0,0,0,0,0.578333333,0.395346355,Urban,Evening,Fog
522,0,0,0.68,0,0,0.47,0.52375,0.360710855,Urban,Afternoon,Rain
523,0.77,0.97,0,0,0,0,0.63,0.442523215,Rural,Morning,Clear
524,0,0,0.54,0,0,0,0.355416667,0.193990821,Highway,Night,Clear
525,0.65,0,0,0,0,0,0.574166667,0.331839044,Urban,Night,Clear
526,0.55,0,0.77,0,0,0,0.26625,0.437880243,Rural,Evening,Clear
527,0.61,0,0.42,0,0,0.81,0.135,0.430355427,Urban,Evening,Clear
528,0,0,0,0,0,0,0.172916667,0.03548938,Highway,Evening,Rain
529,0.85,0,0,0,0,0.82,0.477916667,0.470968086,Highway,Night,Rain
530,0.41,0,0,0.79,0,0.83,0.727916667,0.528604974,Urban,Afternoon,Rain
531,0.47,0,0,0,0,0,0.365416667,0.24586402,Urban,Evening,Clear
532,0,0,0,0,0,0,0.535416667,0.129949835,Urban,Afternoon,Clear
533,0.43,0,0.6,0,0,0,0.34875,0.363272494,Urban,Afternoon,Clear
534,0,0,0,0,0,0,0.260416667,0.062706799,Urban,Evening,Fog
535,0.42,0,0.68,0,0.66,0,0.897083333,0.677927207,Urban,Afternoon,Clear
536,0.91,0,0.49,0,0,0,0.245,0.493115594,Urban,Morning,Clear
537,0.82,0,0,0,0,0,0.272916667,0.310865621,Highway,Afternoon,Clear
538,0.68,0,0,0.67,0,0.84,0.499583333,0.54824421,Highway,Evening,Clear
539,0,0.81,0,0,0,0,0.815416667,0.217045576,Urban,Afternoon,Clear
540,0.46,0,0,0,0.41,0,0.335,0.275376241,Urban,Night,Rain
541,0,0,0,0,0,0,0.6075,0.170669228,Highway,Evening,Clear
542,0.69,0,0.99,0,0,0,0.464583333,0.600757818,Highway,Evening,Clear
543,0,0.6,0.53,0,0,0,0.445833333,0.219553848,Highway,Night,Clear
544,0.68,0,0,0.97,0.44,0,0.037916667,0.438307183,Highway,Morning,Rain
545,0.5,0,0.48,0.55,0.71,0.4,0.4725,0.688120397,Urban,Morning,Fog
546,0.66,0.7,0.52,0,0,0.97,0.74625,0.646013449,Urban,Night,Fog
547,0.64,0,0.86,0.72,0.98,0,0.399166667,0.775002668,Urban,Night,Fog
548,0,0,0.66,0,0.82,0,0.667916667,0.534368663,Highway,Morning,Rain
549,0.77,0.79,0,0,0,0.89,0.269166667,0.425979293,Urban,Evening,Rain
550,0,0.71,0.74,0,0,0.94,0.650416667,0.512274522,Rural,Morning,Fog
551,0,0,0,0,0,0,0.090416667,0.028124666,Urban,Morning,Rain
552,0.78,0,0.41,0,0,0.41,0.344166667,0.514355854,Highway,Morning,Clear
553,0.43,0,0,0,0,0.96,0.398333333,0.347956025,Urban,Afternoon,Rain
554,0.62,0,0.42,0,0,0,0.375,0.386167147,Urban,Afternoon,Clear
555,0,0,0,0,0,0,0.72875,0.171789946,Highway,Night,Rain
556,0.78,0,0,0,0,0,0.24375,0.28898495,Highway,Afternoon,Clear
557,0.7,0,0.67,0,0,0,0.093333333,0.424805209,Highway,Morning,Clear
558,0.91,0,0,0,0,0.89,0.31375,0.466378482,Rural,Afternoon,Clear
559,0.8,0,0,0,0,0,0.67375,0.465738072,Highway,Morning,Clear
560,0,0,0,0,0,0,0.624166667,0.194150923,Highway,Morning,Clear
561,0.5,0,0,0,0,0,0.258333333,0.203863806,Highway,Afternoon,Clear
562,0.44,0,0,0,0,0,0.421666667,0.235457359,Highway,Afternoon,Clear
563,0.79,0,0,0,0,0.9,0.614166667,0.522681183,Highway,Afternoon,Clear
564,0,0.47,0,0,0,0.46,0.515,0.182516811,Highway,Afternoon,Clear
565,0.42,0,0,0,0,0,0.102083333,0.166239727,Rural,Morning,Rain
566,0,0,0.89,0,0.44,0,0.146666667,0.339844167,Highway,Evening,Rain
567,0.75,0,0,0.69,0,0,0.404166667,0.417653965,Urban,Afternoon,Rain
568,0.96,0,0,0,0,0,0.317916667,0.40628669,Urban,Morning,Clear
569,0,0,0.93,0,0,0,0.719166667,0.425338884,Highway,Afternoon,Clear
570,0,0,0,0,0,0,0.49,0.152417547,Highway,Morning,Fog
571,0.75,0,0,0.82,0,0.84,0.640416667,0.61538051,Rural,Afternoon,Clear
572,0.63,0,0,0,0,0,0.169166667,0.25434945,Highway,Morning,Clear
573,0.79,0,0,0,0,0,0.997083333,0.508218593,Highway,Night,Clear
574,0,0,0,0,0,0,0.447916667,0.102732415,Highway,Afternoon,Clear
575,0.67,0,0,0,0,0,0.46625,0.304674992,Highway,Night,Clear
576,0.73,0,0,0,0.51,0,0.54125,0.463496638,Urban,Afternoon,Fog
577,0.96,0,0,0,0,0,0.163333333,0.358202583,Highway,Morning,Clear
578,0,0,0.45,0.44,0,0,0.461666667,0.296936706,Urban,Evening,Clear
579,0.63,0,0.72,0,0.86,0,0.30125,0.626801153,Highway,Evening,Rain
580,0.98,0,0,0,0,0.98,0.95625,0.681876401,Highway,Night,Clear
581,0.94,0,0.95,0,0,0.81,0.609583333,0.837709467,Urban,Morning,Clear
582,0.52,0,0,0,0,0,0.97375,0.414505283,Urban,Night,Fog
583,0,0,0.63,0,0,0,0.533333333,0.272387661,Urban,Night,Clear
584,0.44,0,0.9,0,0.9,0,0.771666667,0.747785249,Highway,Afternoon,Clear
585,0.46,0,0,0,0,0,0.302083333,0.204664318,Highway,Afternoon,Rain
586,0,0,0,0,0,0,0.797083333,0.229640303,Highway,Evening,Clear
587,0.41,0,0.48,0.52,0,0,0.485833333,0.435371971,Highway,Afternoon,Clear
588,0.46,0,0.96,0.53,0,0,0.568333333,0.582986445,Highway,Night,Rain
589,0,0,0,0,0,0.74,0.522916667,0.239139716,Highway,Evening,Fog
590,0,0,0.85,0,0,0,0.419583333,0.293361084,Rural,Night,Clear
591,0.81,0,0,0,0,0,0.31375,0.320365034,Rural,Afternoon,Rain
592,0.44,0.59,0.96,0,0,0,0.430416667,0.484096488,Highway,Afternoon,Fog
593,0.59,0,0,0,0,0,0.163333333,0.239726758,Rural,Morning,Rain
594,0,0,0.81,0,0,0.97,0.69875,0.512487992,Highway,Afternoon,Clear
595,0.91,0,0.62,0,0.77,0,0.14375,0.624559718,Highway,Evening,Clear
596,0,0,0,0,0,0.67,0.845416667,0.293894759,Rural,Night,Fog
597,0.41,0,0,0,0,0,0.315,0.229266731,Highway,Morning,Clear
598,0.89,0,0,0.84,0.79,0,0.399583333,0.668641264,Urban,Morning,Fog
599,0,0,0,0,0,0,0.128333333,0.039918881,Urban,Morning,Clear
600,0.57,0,0,0,0,0,0.730833333,0.373252215,Urban,Afternoon,Clear
601,0.47,0,0.96,0,0.42,0,0.3525,0.531860391,Urban,Night,Clear
602,0.82,0,0,0,0.9,0,0.520833333,0.560892304,Urban,Afternoon,Clear
603,0.78,0,0,0,0.87,0,0.815416667,0.633952396,Urban,Afternoon,Clear
604,0,0,0,0,0,0,0.885416667,0.238819511,Highway,Afternoon,Rain
605,0.93,0,0,0,0,0,0.941666667,0.535809585,Highway,Night,Clear
606,0.84,0,0,0,0,0,0.580416667,0.449514356,Highway,Morning,Clear
607,0.88,0,0.57,0.51,0,0.76,0.370416667,0.705678301,Rural,Morning,Clear
608,0.57,0,0,0,0,0,0.76875,0.38504643,Highway,Afternoon,Rain
609,0,0,0,0,0,0,0.739583333,0.193457146,Highway,Afternoon,Fog
610,0,0,0.6,0,0,0,0.75125,0.350784502,Rural,Afternoon,Clear
611,0,0,0.82,0,0,0,0.435416667,0.327196072,Highway,Evening,Clear
612,0,0,0,0,0,0.69,0.724166667,0.295335682,Urban,Evening,Clear
613,0,0,0,0,0,0,0.6125,0.190521934,Highway,Morning,Fog
614,0.51,0,0,0,0,0.96,0.28375,0.356227986,Highway,Evening,Clear
615,0,0,0,0,0,0,0.6675,0.152737752,Rural,Night,Clear
616,0.85,0,0.86,0,0,0,0.594583333,0.622531754,Highway,Night,Clear
617,0,0,0,0,0,0,0.0525,0.016330451,Rural,Morning,Clear
618,0.88,0,0,0,0,0,0.480833333,0.376454264,Urban,Night,Clear
619,0,0,0.96,0,0,0.45,0.055416667,0.320791974,Highway,Morning,Clear
620,0.99,0.88,0.52,0.74,0.56,0,0.219583333,0.702582986,Highway,Evening,Clear
621,0.65,0,0,0,0,0.7,0.517083333,0.440335148,Highway,Evening,Fog
622,0.62,0.92,0.88,0,0,0,0.3875,0.48959334,Highway,Night,Clear
623,0.87,0,0,0,0,0.81,0.2925,0.455011207,Highway,Evening,Clear
624,0.6,0,0,0,0,0,0.303333333,0.286476678,Urban,Morning,Clear
625,0.96,0,0,0,0,0.88,0.426666667,0.534528765,Highway,Evening,Clear
626,0.92,0,0,0,0,0,0.800833333,0.507097876,Highway,Afternoon,Clear
627,0.66,0,0,0,0,0,0.810416667,0.408528125,Highway,Night,Clear
628,0.85,0,0,0,0,0.75,0.49875,0.52337496,Highway,Morning,Clear
629,0.85,0,0.84,0,0,0.95,0.512083333,0.731721635,Rural,Afternoon,Clear
630,0.46,0,0,0,0,0,0.52875,0.293467819,Highway,Evening,Fog
631,0.94,0,0.44,0.53,0,0,0.373333333,0.597715871,Rural,Morning,Fog
632,0.7,0,0.63,0.92,0,0.97,0.304166667,0.703917174,Rural,Evening,Rain
633,0,0,0.57,0,0,0,0.77375,0.368395773,Urban,Evening,Clear
634,0.9,0,0,0,0.83,0,0.59,0.612872238,Highway,Evening,Clear
635,0.59,0,0,0,0,0,0.635416667,0.331678941,Urban,Night,Clear
636,0,0,0,0,0,0,0.258333333,0.043761341,Highway,Afternoon,Clear
637,0.94,0,0,0,0,0,0.099166667,0.331839044,Highway,Morning,Clear
638,0,0,0,0.97,0,0.44,0.818333333,0.398548404,Highway,Afternoon,Clear
639,0.63,0,0,0.71,0,0,0.599583333,0.442576582,Highway,Afternoon,Clear
640,0.41,0,0.58,0,0,0,0.5425,0.448607109,Highway,Morning,Rain
641,0,0,0,0,0,0,0.377083333,0.098996691,Highway,Evening,Clear
642,0.94,0,0.99,0,0,0,0.154583333,0.602679048,Highway,Morning,Rain
643,0.45,0,0,0,0,0,0.48125,0.293788024,Rural,Morning,Rain
644,0,0,0,0,0,0,0.437083333,0.081065215,Urban,Night,Clear
645,0.59,0,0.79,0.61,0,0,0.775416667,0.655726332,Rural,Night,Rain
646,0.97,0,0,0,0,0,0.570416667,0.451435585,Highway,Afternoon,Rain
647,0,0,0.83,0,0,0,0.48,0.32532821,Urban,Afternoon,Clear
648,0.97,0,0.99,0,0,0,0.857083333,0.775909916,Highway,Night,Clear
649,0,0,0,0,0,0,0.794166667,0.228733056,Highway,Evening,Clear
650,0.74,0,0.63,0,0,0,0.87375,0.633525456,Rural,Afternoon,Clear
651,0,0,0,0.54,0.53,0.64,0.325416667,0.317589924,Highway,Afternoon,Clear
652,0.78,0,0,0,0,0,0.445833333,0.333546803,Rural,Night,Rain
653,0.67,0,0,0,0.42,0,0.277083333,0.38141744,Highway,Morning,Clear
654,0,0,0.88,0.43,0,0,0.830833333,0.484043121,Urban,Night,Rain
655,0.58,0.48,0,0,0,0.41,0.65125,0.422510407,Highway,Evening,Clear
656,0,0,0.66,0,0,0,0.07875,0.193563881,Urban,Morning,Clear
657,0.6,0,0,0,0,0,0.690833333,0.352118689,Highway,Night,Clear
658,0,0,0.92,0,0,0,0.69125,0.450688441,Urban,Morning,Clear
659,0,0,0,0,0,0,0.48,0.112712136,Highway,Afternoon,Clear
660,0,0,0,0,0,0,0.17,0.034582133,Rural,Evening,Clear
661,0.8,0,0,0,0,0,0.704583333,0.438734123,Urban,Afternoon,Clear
662,0.85,0,0.51,0,0,0,0.620833333,0.541039599,Urban,Night,Fog
663,0,0,0,0,0,0,0.30125,0.075408261,Highway,Evening,Rain
664,0,0,0.97,0,0,0,0.5775,0.428113993,Urban,Morning,Clear
665,0.87,0,0,0,0,0,0.676666667,0.489059665,Urban,Morning,Fog
666,0,0,0,0,0,0,0.250833333,0.078023268,Highway,Morning,Clear
667,0,0,0,0,0,0,0.592916667,0.166132992,Urban,Evening,Rain
668,0,0,0,0.56,0,0,0.245,0.147934678,Urban,Morning,Clear
669,0.87,0.97,0,0,0,0,0.19625,0.321325648,Urban,Evening,Rain
670,0.45,0,0,0,0,0,0.644166667,0.289571993,Highway,Night,Clear
671,0.7,0,0,0,0,0.6,0.44875,0.38568684,Rural,Night,Fog
672,0,0,0,0,0,0,0.417083333,0.129736365,Highway,Morning,Rain
673,0,0,0,0,0,0,0.33125,0.066442523,Highway,Afternoon,Clear
674,0,0,0.53,0,0,0,0.739583333,0.329224037,Highway,Afternoon,Fog
675,0,0,0,0,0,0,0.687083333,0.177126694,Rural,Afternoon,Rain
676,0,0,0,0,0,0,0.853333333,0.228839791,Highway,Afternoon,Clear
677,0,0,0,0,0,0,0.310833333,0.060091792,Highway,Afternoon,Rain
678,0.43,0,0,0,0,0,0.779583333,0.36188494,Urban,Evening,Clear
679,0.73,0,0,0,0,0,0.447916667,0.336482015,Highway,Afternoon,Clear
680,0,0,0,0,0,0.72,0.3225,0.155939801,Highway,Afternoon,Clear
681,0.66,0,0,0,0.52,0.95,0.692916667,0.611858256,Highway,Afternoon,Rain
682,0,0,0,0,0,0,0.662083333,0.205945138,Highway,Morning,Clear
683,0.93,0,0,0,0.51,0,0.298333333,0.470274309,Highway,Evening,Rain
684,0.61,0,0,0,0,0,0.325416667,0.259953037,Rural,Afternoon,Clear
685,0.47,0,0,0,0,0,0.407916667,0.22248906,Highway,Night,Clear
686,0,0,0.6,0,0,0,0.682083333,0.310972356,Highway,Night,Clear
687,0.49,0,0.85,0.79,0,0,0.853333333,0.704664318,Rural,Afternoon,Rain
688,0,0.6,0,0,0,0.91,0.424583333,0.212029032,Highway,Afternoon,Clear
689,0,0,0,0,0.6,0,0.647083333,0.261660796,Urban,Night,Rain
690,0.86,0,0,0,0.65,0,0.295416667,0.473849931,Rural,Evening,Clear
691,0,0.8,0,0.72,0,0,0.679583333,0.303607642,Highway,Morning,Clear
692,0,0,0,0,0,0,0.45875,0.124399616,Highway,Evening,Rain
693,0,0,0,0.97,0,0,0.879583333,0.36124453,Rural,Afternoon,Clear
694,0.77,0,0.64,0,0,0,0.5975,0.541466539,Urban,Night,Clear
695,0,0,0,0,0,0.48,0.52875,0.207652898,Highway,Evening,Rain
696,0.46,0,0,0,0,0,0.638333333,0.290959547,Highway,Night,Fog
697,0.45,0,0,0,0,0,0.359583333,0.237645426,Highway,Evening,Fog
698,0.82,0,0,0,0,0.46,0.638333333,0.46515103,Rural,Night,Fog
699,0,0,0,0,0,0.75,0.867916667,0.329437507,Highway,Afternoon,Clear
700,0,0,0,0,0,0,0.5675,0.139929555,Urban,Afternoon,Rain
701,0.44,0,0,0,0,0.72,0.574583333,0.411836909,Urban,Morning,Clear
702,0.89,0,0,0,0,0,0.65875,0.434998399,Rural,Night,Clear
703,0,0,0.76,0.64,0,0.56,0.475416667,0.496264276,Urban,Morning,Rain
704,0.82,0,0.67,0,0,0.94,0.245833333,0.612765503,Highway,Evening,Clear
705,0.45,0,0,0,0,0,0.249583333,0.185131818,Highway,Afternoon,Clear
706,0.45,0,0.85,0,0,0,0.766666667,0.545415733,Rural,Night,Clear
707,0.99,0,0,0,0.71,0.96,0.509166667,0.698153485,Highway,Afternoon,Clear
708,0,0,0,0,0,0,0.221666667,0.068950795,Urban,Morning,Clear
709,0,0,0,0,0,0.64,0.634583333,0.242768705,Rural,Afternoon,Fog
710,0,0,0,0,0.69,0,0.522083333,0.294962109,Rural,Morning,Rain
711,0,0,0,0,0,0,0.692916667,0.178941189,Highway,Afternoon,Rain
712,0,0.85,0,0.82,0.56,0,0.146666667,0.239940228,Highway,Evening,Clear
713,0,0,0,0.69,0,0,0.268333333,0.171843313,Highway,Morning,Rain
714,0.62,0,0,0,0,0,0.402083333,0.268705305,Highway,Night,Fog
715,0.62,0,0.54,0,0,0.93,0.534583333,0.603959868,Highway,Evening,Clear
716,0.89,0,0,0,0,0,0.75125,0.482068524,Urban,Afternoon,Fog
717,0,0,0.44,0.71,0,0,0.58875,0.331892411,Urban,Night,Clear
718,0.97,0,0,0,0,0,0.175,0.365033622,Highway,Morning,Fog
719,0.99,0,0.58,0,0,0,0.375,0.545629203,Urban,Afternoon,Clear
720,0,0,0,0,0.42,0.63,0.644166667,0.306863059,Highway,Night,Clear
721,0,0,0,0,0,0,0.267083333,0.046483083,Highway,Afternoon,Clear
722,0.85,0,0,0,0,0,0.671666667,0.46280286,Highway,Evening,Rain
723,0.63,0,0,0,0,0,0.212916667,0.26795816,Highway,Morning,Rain
724,0.45,0,0,0,0,0,0.517083333,0.286636781,Rural,Evening,Clear
725,0.87,0,0,0,0,0.84,0.566666667,0.544134913,Urban,Evening,Clear
726,0.74,0,0.68,0,0,0,0.519166667,0.572633152,Highway,Morning,Clear
727,0.65,0,0,0,0,0,0.83,0.429715018,Highway,Afternoon,Clear
728,0.94,0,0,0,0,0,0.604583333,0.470754616,Rural,Evening,Clear
729,0.47,0,0.5,0,0,0,0.254583333,0.339470595,Urban,Evening,Fog
730,0.7,0,0,0,0,0.69,0.189583333,0.371491088,Highway,Morning,Rain
731,0.41,0,0,0,0,0,0.605416667,0.283007792,Highway,Afternoon,Clear
732,0.68,0,0.61,0,0,0,0.927083333,0.607482122,Highway,Night,Clear
733,0,0,0,0.56,0,0.47,0.73375,0.323567083,Highway,Afternoon,Clear
734,0.43,0,0,0.67,0.76,0,0.88625,0.590297791,Urban,Night,Clear
735,0,0,0,0.68,0.64,0,0.589166667,0.39331839,Highway,Morning,Clear
736,0,0,0,0,0,0,0.678333333,0.174404953,Rural,Afternoon,Clear
737,0.47,0,0,0.82,0,0,0.719166667,0.44262995,Highway,Afternoon,Clear
738,0.47,0,0.64,0,0,0,0.377083333,0.413437934,Rural,Evening,Rain
739,0.79,0,0.43,0,0,0.96,0.657083333,0.672163518,Highway,Evening,Clear
740,0.85,0,0,0,0,0,0.755,0.452129363,Urban,Night,Clear
741,0,0,0,0,0,0,0.3625,0.094460455,Urban,Evening,Rain
742,0,0,0.75,0,0.58,0,0.489583333,0.400949941,Urban,Night,Rain
743,0.75,0,0,0,0,0,0.988333333,0.492688654,Highway,Night,Rain
744,0,0,0,0,0,0,0.835833333,0.223396307,Rural,Afternoon,Clear
745,0,0,0.93,0,0,0,0.714166667,0.405486178,Highway,Night,Clear
746,0,0,0.49,0,0,0.67,0.47125,0.321325648,Urban,Afternoon,Clear
747,0.98,0,0,0,0,0,0.687083333,0.490927527,Rural,Afternoon,Clear
748,0.62,0,0,0,0,0.84,0.0875,0.333333333,Urban,Morning,Clear
749,0.57,0,0.76,0.96,0,0,0.289583333,0.571939375,Highway,Evening,Rain
750,0.92,0,0,0,0,0.62,0.619166667,0.548297577,Highway,Evening,Fog
751,0.53,0,0,0,0,0,0.326666667,0.271320312,Rural,Morning,Clear
752,0.98,0,0,0,0,0.41,0.604583333,0.536076422,Highway,Evening,Clear
753,0.41,0,0,0,0,0,0.142916667,0.17573914,Urban,Morning,Rain
754,0,0,0.8,0.6,0,0.46,0.267083333,0.387181129,Highway,Afternoon,Clear
755,0.98,0,0.65,0,0,0,0.59,0.645533141,Highway,Evening,Rain
756,0.43,0,0.82,0,0,0.7,0.7825,0.662504003,Highway,Evening,Clear
757,0,0,0.65,0,0,0,0.081666667,0.191909489,Rural,Morning,Rain
758,0.93,0,0,0.43,0,0.81,0.137083333,0.499252855,Highway,Morning,Clear
759,0,0,0,0,0,0,0.146666667,0.027324154,Highway,Evening,Clear
760,0.72,0,0,0,0,0,0.335,0.27985911,Highway,Night,Rain
761,1,0,0,0,0,0,0.664583333,0.472035436,Highway,Night,Clear
762,0,0,0.7,0,0.92,0,0.47125,0.466058277,Rural,Afternoon,Clear
763,0.44,0,0,0,0,0,0.648333333,0.32426086,Urban,Evening,Clear
764,0,0,0,0,0.85,0,0.219583333,0.213309852,Highway,Evening,Clear
765,0,0,0.4,0,0,0.6,0.463333333,0.268545202,Urban,Night,Fog
766,0.73,0,0,0.7,0,0,0.701666667,0.505069911,Urban,Afternoon,Clear
767,0.98,0,0,0,0,0,0.970833333,0.560892304,Highway,Night,Clear
768,0,0,0,0,0,0,0.870833333,0.234283275,Urban,Afternoon,Rain
769,0,0,0.82,0,0,0,0.373333333,0.32618209,Highway,Morning,Clear
770,0.71,0,0,0,0,0,0.6375,0.389048991,Highway,Afternoon,Fog
771,0.78,0,0,0.73,0,0,0.540416667,0.493062226,Rural,Evening,Rain
772,0.82,0,0,0.5,0,0,0.935833333,0.562813534,Rural,Night,Fog
773,0,0,0,0.86,0,0,0.517916667,0.234656847,Rural,Afternoon,Fog
774,0.67,0,0.8,0,0,0,0.54625,0.571085495,Highway,Evening,Clear
775,0,0,0.42,0,0,0,0.539583333,0.275429608,Urban,Morning,Clear
776,0.78,0,0,0,0,0,0.272916667,0.298057423,Urban,Afternoon,Clear
777,0,0,0.62,0,0,0.82,0.649166667,0.429181343,Rural,Afternoon,Rain
778,0.75,0,0.99,0,0,0.82,0.494583333,0.716031594,Urban,Afternoon,Rain
779,0,0,0,0,0,0,0.064166667,0.019959441,Rural,Morning,Clear
780,0.94,0,0,0,0,0,0.619166667,0.475290853,Rural,Evening,Clear
781,0.43,0,0,0,0.91,0,0.59875,0.480467499,Highway,Evening,Clear
782,0,0,0,0,0,0,0.61625,0.17339097,Highway,Evening,Clear
783,0.57,0,0,0,0,0,0.49375,0.317803394,Highway,Evening,Clear
784,0.97,0,0,0,0,0,0.407083333,0.400629736,Urban,Afternoon,Rain
785,0.93,0,0,0.99,0,0,0.72,0.593659942,Urban,Night,Clear
786,0.67,0,0,0,0,0,0.167083333,0.248212189,Urban,Evening,Clear
787,0,0,0,0,0,0,0.335,0.049311559,Highway,Night,Clear
788,0,0,0.65,0,0,0.82,0.2525,0.313480628,Highway,Afternoon,Clear
789,0.77,0,0.7,0.97,0,0,0.569583333,0.708987085,Urban,Evening,Rain
790,0.57,0,0.95,0,0,0,0.653333333,0.629095955,Urban,Morning,Rain
791,0,0,0.83,0,0,0,0.685416667,0.425819191,Rural,Morning,Clear
792,0.51,0,0.75,0,0,0.7,0.848333333,0.654071939,Highway,Night,Clear
793,0.68,0,0,0,0,0.95,0.815416667,0.556462803,Urban,Afternoon,Rain
794,0.61,0,0,0,0,0,0.27125,0.279699007,Urban,Morning,Fog
795,0.75,0,0.88,0,0,0,0.409166667,0.574554381,Urban,Evening,Clear
796,0.45,0,0,0,0,0,0.673333333,0.298644466,Highway,Night,Clear
797,0,0,0,0,0,0,0.5025,0.138008325,Urban,Evening,Clear
798,0,0,0,0.52,0,0.69,0.880416667,0.373945992,Urban,Night,Clear
799,0,0,0,0,0,0.67,0.825,0.287544028,Highway,Night,Clear
800,0.98,0,0,0,0,0.52,0.4275,0.476785142,Urban,Afternoon,Rain
801,0.99,0,0,0,0,0,0.264166667,0.362578717,Highway,Afternoon,Clear
802,0.82,0,0,0,0,0.58,0.6125,0.527377522,Rural,Morning,Rain
803,0.72,0,0.92,0,0.7,0,0.643333333,0.764222436,Highway,Afternoon,Clear
804,0.59,0,0,0,0,0.43,0.63375,0.422830612,Highway,Evening,Clear
805,0,0,0.67,0,0,0,0.635416667,0.314387875,Highway,Night,Rain
806,0.89,0,0,0,0,0,0.355833333,0.39566656,Highway,Morning,Clear
807,0.81,0,0,0,0,0.78,0.647083333,0.505656954,Highway,Night,Clear
808,0.5,0,0,0,0,0.55,0.66875,0.420268972,Urban,Evening,Clear
809,0.95,0,0,0,0,0,0.374166667,0.402284129,Urban,Evening,Clear
810,0.89,0,0,0,0.48,0,0.27125,0.461575408,Highway,Morning,Fog
811,0,0,0,0.93,0,0,0.180833333,0.175365567,Rural,Morning,Rain
812,0.97,0,0,0,0,0,0.1875,0.3506244,Highway,Evening,Clear
813,0.84,0,0,0,0,0,0.595833333,0.436012381,Highway,Evening,Clear
814,0,0,0,0,0,0,0.468333333,0.109083147,Highway,Afternoon,Rain
815,0.77,0,0,0,0.82,0,0.660833333,0.573060092,Highway,Afternoon,Fog
816,0.65,0,0,0,0,0,0.399583333,0.332426086,Urban,Morning,Rain
817,0,0,0.69,0,0,0,0.44,0.258725584,Highway,Night,Clear
818,0,0,0,0,0,0,0.78125,0.188120397,Highway,Night,Clear
819,0,0,0,0,0,0,0.58,0.125520333,Highway,Night,Rain
820,0.96,0,0,0,0,0,0.4225,0.383925712,Rural,Night,Clear
821,0.92,0,0,0,0,0,0.725,0.483509446,Urban,Afternoon,Clear
822,0.43,0,0,0,0,0.58,0.358333333,0.268545202,Highway,Night,Clear
823,0.42,0,0.63,0,0,0,0.408333333,0.422883979,Rural,Morning,Clear
824,0.63,0,0.98,0,0,0,0.385833333,0.554488206,Highway,Evening,Clear
825,0,0,0.82,0,0,0.86,0.40125,0.40842139,Highway,Afternoon,Clear
826,0.89,0,0.45,0,0,0,0.736666667,0.592806063,Highway,Afternoon,Clear
827,0.99,0,0,0,0,0,0.425416667,0.394439108,Urban,Night,Clear
828,0.49,0,0,0,0,0,0.76875,0.359430035,Urban,Afternoon,Rain
829,0.76,0,0,0.82,0,0,0.58875,0.47662504,Urban,Night,Fog
830,0.63,0,0,0,0.52,0,0.37125,0.398815242,Rural,Evening,Clear
831,0.98,0,0,0,0,0,0.395416667,0.400202796,Highway,Afternoon,Rain
832,0.91,0,0,0,0,0,0.669583333,0.463069698,Urban,Afternoon,Rain
833,0,0,0.92,0,0,0.6,0.32375,0.413224464,Highway,Morning,Clear
834,0.9,0,0,0,0,0.55,0.420833333,0.471234924,Highway,Evening,Clear
835,0.68,0,0,0,0.66,0,0.819166667,0.544455118,Urban,Night,Clear
836,0,0,0.69,0,0,0.5,0.824166667,0.460561426,Rural,Afternoon,Clear
837,0.65,0,0.44,0,0,0,0.792083333,0.530632938,Highway,Afternoon,Fog
838,0.56,0,0,0,0,0.86,0.985416667,0.541092966,Rural,Night,Rain
839,0.43,0.89,0.73,0,0,0,0.748333333,0.520866688,Urban,Afternoon,Fog
840,0,0,0.65,0,0,0,0.93,0.400896574,Rural,Night,Clear
841,0.92,0,0,0,0,0,0.92125,0.526256804,Highway,Night,Clear
842,0.89,0,0,0,0,0,0.678333333,0.459387341,Urban,Afternoon,Fog
843,0,0,0,0,0,0,0.531666667,0.147080798,Rural,Evening,Clear
844,0,0,0.93,0,0,0.48,0.204166667,0.363219127,Urban,Morning,Clear
845,1,0,0,0,0.44,0,0.2525,0.446685879,Highway,Afternoon,Fog
846,1,0,0.52,0,0.9,0,0.210833333,0.67360444,Rural,Evening,Rain
847,0,0,0,0,0,0,0.7425,0.194364393,Highway,Afternoon,Clear
848,0.73,0,0,0,0.48,0,0.3675,0.44028178,Rural,Morning,Clear
849,0.86,0,0,0,0,0.67,0.230416667,0.432863699,Highway,Morning,Clear
850,0.97,0,0,0.67,0,0,0.4375,0.532500801,Urban,Morning,Clear
851,0,0,0,0,0,0.7,0.8475,0.316682677,Highway,Afternoon,Clear
852,0.91,0,0.9,0,0,0.81,0.83375,0.830131284,Urban,Night,Clear
853,0.55,0.97,0,0,0,0.78,0.83875,0.500320205,Urban,Afternoon,Fog
854,0.67,0.59,0,0,0,0,0.525833333,0.359803608,Highway,Evening,Clear
855,0.48,0,0.73,0,0,0,0.547083333,0.474276871,Highway,Afternoon,Fog
856,0.97,0,0,0,0,0.89,0.684166667,0.600811186,Highway,Afternoon,Rain
857,0,0,0,0,0,0,0.16125,0.031860391,Urban,Evening,Rain
858,0,0,0.43,0,0,0,0.522916667,0.254509553,Urban,Evening,Clear
859,0.76,0,0,0,0,0,0.035,0.254242715,Rural,Morning,Clear
860,0.54,0,0,0,0,0.43,0.235,0.264489273,Rural,Afternoon,Clear
861,0,0,0.98,0,0,0.58,0.5725,0.485110471,Highway,Evening,Rain
862,0,0,0,0.72,0,0.57,0.9125,0.39417227,Highway,Night,Clear
863,0,0,0.71,0,0,0.49,0.783333333,0.451702423,Highway,Afternoon,Rain
864,0,0.92,0,0,0,0,0.7425,0.194364393,Urban,Afternoon,Clear
865,0,0,0,0,0,0,0.61625,0.17339097,Highway,Evening,Clear
866,0.8,0,0.57,0,0,0,0.212916667,0.468406447,Urban,Morning,Clear
867,0.77,0,0,0,0,0,0.715416667,0.450795176,Rural,Evening,Clear
868,0.61,0,0,0,0,0,0.935833333,0.431529512,Highway,Night,Clear
869,0,0,0,0,0,0,0.474166667,0.110897641,Highway,Afternoon,Clear
870,0,0,0,0,0,0,0.299166667,0.056462803,Highway,Afternoon,Rain
871,0.47,0,0.68,0,0,0.57,0.650416667,0.600010673,Highway,Morning,Clear
872,0.8,0,0.91,0,0,0,0.520833333,0.614686733,Highway,Afternoon,Clear
873,0.71,0,0.58,0,0,0,0.731666667,0.548617782,Highway,Night,Rain
874,0.86,0,0,0,0,0,0.549166667,0.427900523,Rural,Evening,Clear
875,0.71,0,0,0.91,0,0.59,0.618333333,0.611804888,Rural,Morning,Clear
876,0.91,0,0.52,0.69,0,0.71,0.719166667,0.791012915,Urban,Afternoon,Clear
877,0,0,0,0.62,0,0,0.724166667,0.286369943,Urban,Evening,Fog
878,0,0,0,0,0.94,0.8,0.72875,0.454851105,Highway,Night,Clear
879,0.73,0,0,0,0,0,0.832916667,0.456238659,Urban,Afternoon,Fog
880,0.74,0,0,0,0,0,0.894166667,0.478492902,Rural,Afternoon,Clear
881,0.93,0,0,0,0,0.63,0.545,0.493115594,Highway,Night,Rain
882,0.64,0,0,0,0.92,0,0.242083333,0.456985804,Highway,Morning,Clear
883,0.48,0,0,0,0,0,0.787083333,0.343633259,Urban,Night,Rain
884,0.42,0,0,0,0.68,0,0.255416667,0.307983776,Rural,Afternoon,Clear
885,0.85,0,0.48,0,0,0,0.512083333,0.517824741,Highway,Afternoon,Rain
886,0.77,0,0,0.7,0,0,0.19625,0.378962536,Highway,Evening,Clear
887,0.82,0,0,0,0,0,0.52375,0.388888889,Rural,Afternoon,Rain
888,0,0,0.58,0,0,0,0.125416667,0.187586722,Urban,Morning,Rain
889,0,0,0,0,0,0,0.605416667,0.15172377,Highway,Afternoon,Clear
890,0,0,0,0,0,0,0.487916667,0.133472089,Highway,Evening,Clear
891,0.53,0,0.87,0,0,0,0.624166667,0.586722169,Highway,Morning,Clear
892,0.48,0,0.68,0,0.85,0,0.713333333,0.676486285,Highway,Afternoon,Rain
893,0.41,0,0.54,0.75,0,0,0.407083333,0.455704985,Rural,Afternoon,Clear
894,0.61,0,0,0,0,0.83,0.569583333,0.460508058,Highway,Evening,Clear
895,0.75,0,0.5,0,0,0,0.548333333,0.538798164,Highway,Morning,Clear
896,0,0,0,0,0.77,0.6,0.140833333,0.250293521,Highway,Evening,Clear
897,0.64,0,0,0,0,0.57,0.839583333,0.484203223,Highway,Night,Rain
898,0.66,0,0,0,0,0,0.795,0.422030099,Rural,Afternoon,Clear
899,0.94,0,0.6,0,0,0.72,0.55875,0.684117835,Rural,Afternoon,Fog
900,0,0,0,0,0,0.41,0.794166667,0.281246665,Highway,Evening,Rain
901,0.61,0,0,0,0,0,0.58125,0.357829011,Highway,Evening,Clear
902,0,0,0.96,0,0,0.45,0.27125,0.387928274,Highway,Morning,Rain
903,0,0,0,0,0,0,0.140833333,0.02550966,Urban,Evening,Fog
904,0.71,0,0,0,0.88,0.65,0.731666667,0.65236418,Rural,Night,Fog
905,0.87,0.48,0.61,0,0,0,0.679166667,0.591205038,Highway,Night,Clear
906,0.64,0,0.99,0,0.66,0,0.54125,0.717098943,Highway,Afternoon,Clear
907,0,0,0,0,0.87,0,0.425416667,0.2445832,Rural,Night,Clear
908,0,0,0,0,0,0.97,0.788333333,0.351158075,Highway,Evening,Clear
909,0.77,0,0,0,0.68,0,0.694166667,0.593126267,Rural,Morning,Rain
910,0,0.82,0,0,0,0,0.83,0.221581812,Urban,Afternoon,Clear
911,0.92,0,0,0,0,0,0.17,0.329170669,Highway,Evening,Fog
912,0.97,0,0.69,0,0,0,0.3975,0.592699328,Highway,Evening,Clear
913,0.49,0,0,0,0,0,0.8775,0.374959974,Rural,Night,Fog
914,0.96,0,0,0,0,0,0.66875,0.497118156,Urban,Evening,Clear
915,0.7,0,0,0.51,0,0,0.081666667,0.314868182,Rural,Morning,Clear
916,0.55,0,0.51,0.94,0,0,0.237916667,0.464563988,Highway,Afternoon,Rain
917,0.68,0,0,0.8,0,0,0.54625,0.471821966,Highway,Evening,Rain
918,0.99,0,0.93,0,0,0,0.3225,0.618956132,Urban,Afternoon,Clear
919,0,0,0,0,0.96,0.83,0.456666667,0.396200235,Highway,Afternoon,Clear
920,0.7,0,0,0.78,0,0,0.699583333,0.486764863,Rural,Night,Clear
921,0.6,0,0.68,0,0,0,0.40125,0.4545309,Urban,Afternoon,Rain
922,0.78,0,0.83,0,0.69,0,0.302083333,0.652310812,Urban,Afternoon,Clear
923,0.54,0,0,0,0,0,0.5325,0.30195325,Highway,Afternoon,Clear
924,0.45,0,0,0,0,0,0.640416667,0.306702957,Rural,Afternoon,Fog
925,0.48,0,0,0,0,0,0.284583333,0.205624933,Highway,Afternoon,Clear
926,0,0,0,0,0,0,0.665833333,0.188814174,Urban,Evening,Clear
927,0,0,0,0.46,0.68,0,0.871666667,0.405806383,Highway,Night,Clear
928,0.48,0,0,0,0,0.45,0.485833333,0.325861885,Urban,Afternoon,Clear
929,0.49,0,0.99,0,0,0,0.6825,0.622798591,Highway,Morning,Rain
930,0,0,0,0,0,0.91,0.433333333,0.214750774,Urban,Afternoon,Clear
931,0,0,0.43,0,0,0.84,0.727916667,0.40756751,Highway,Afternoon,Fog
932,0,0,0,0,0,0.77,0.494583333,0.215871491,Highway,Afternoon,Clear
933,0.48,0,0,0.76,0,0,0.27875,0.301152738,Urban,Afternoon,Rain
934,0.78,0,0,0,0,0,0.275,0.317002882,Highway,Evening,Clear
935,0.51,0,0.46,0,0.87,0,0.364583333,0.561692817,Rural,Morning,Clear
936,0,0,0,0,0.89,0.89,0.035,0.295869356,Highway,Morning,Fog
937,0,0,0,0,0,0,0.435416667,0.117141637,Highway,Evening,Clear
938,0,0,0.83,0,0,0,0.210833333,0.259899669,Highway,Evening,Rain
939,0,0,0.57,0,0,0,0.89125,0.386647454,Highway,Afternoon,Rain
940,0.61,0,0,0,0,0,0.34125,0.301472943,Rural,Morning,Clear
941,0.94,0,0.51,0,0.73,0.64,0.464583333,0.78007258,Highway,Evening,Clear
942,0.68,0,0.42,0,0,0,0.609166667,0.459921016,Highway,Night,Clear
943,0.8,0,0,0,0.51,0,0.573333333,0.495890703,Highway,Afternoon,Clear
944,0.5,0,0.41,0,0,0.53,0.762083333,0.551766464,Urban,Evening,Fog
945,0,0,0,0,0.68,0.71,0.867916667,0.45495784,Highway,Afternoon,Rain
946,0.52,0,0,0,0,0,0.394583333,0.270946739,Highway,Evening,Clear
947,0,0.85,0,0,0,0,0.748333333,0.196178888,Urban,Afternoon,Clear
948,0.42,0,0,0,0.98,0,0.885416667,0.561586082,Rural,Afternoon,Clear
949,0,0,0,0,0,0,0.770833333,0.221475077,Highway,Evening,Rain
950,0.5,0,0.86,0,0,0.73,0.578333333,0.635500053,Highway,Evening,Clear
951,0.57,0,0,0.47,0,0.72,0.294583333,0.426566336,Highway,Morning,Clear
952,0.51,0,0.48,0.45,0,0,0.6725,0.516490554,Urban,Afternoon,Clear
953,0.45,0,0.68,0,0,0,0.489583333,0.415679368,Urban,Night,Clear
954,0.47,0,0,0,0,0,0.679166667,0.306863059,Urban,Night,Rain
955,0.68,0,0,0,0,0,0.71625,0.403938521,Highway,Afternoon,Rain
956,0,0,0,0,0,0,0.7475,0.214217099,Highway,Evening,Clear
957,0.52,0,0,0,0,0,0.250833333,0.244529832,Highway,Morning,Clear
958,0.62,0,0,0,0,0.74,0.710416667,0.47769239,Urban,Afternoon,Clear
959,0.7,0,0.76,0,0.85,0,0.51,0.685878963,Urban,Night,Fog
960,0.81,0,0.66,0,0,0.97,0.282916667,0.6406767,Urban,Morning,Rain
961,0,0,0,0,0,0,0.533333333,0.111004376,Highway,Night,Clear
962,0,0,0,0,0,0,0.740416667,0.175418935,Highway,Night,Clear
963,0,0,0,0,0,0,0.295416667,0.073593767,Highway,Evening,Clear
964,0.42,0,0,0,0,0,0.34875,0.206372078,Highway,Afternoon,Rain
965,0.88,0,0,0,0,0,0.667916667,0.489539972,Rural,Morning,Clear
966,0.78,0,0.42,0,0,0.94,0.783333333,0.684811613,Rural,Afternoon,Clear
967,0,0,0,0.72,0,0.93,0.251666667,0.271320312,Urban,Evening,Clear
968,0,0,0,0,0.89,0.88,0.267083333,0.330184652,Rural,Afternoon,Clear
969,0.45,0,0,0.64,0,0.97,0.72,0.519372398,Urban,Night,Rain
970,0,0,0,0,0.42,0.46,0.344166667,0.246664532,Highway,Morning,Clear
971,0,0,0.87,0,0,0,0.460416667,0.311185826,Urban,Night,Rain
972,0.92,0.81,0,0,0,0.56,0.897916667,0.59072473,Highway,Night,Clear
973,0.95,0,0,0,0.68,0.7,0.342083333,0.612605401,Rural,Evening,Clear
974,0.44,0,0,0,0,0,0.049583333,0.156313374,Urban,Morning,Rain
975,0.57,0,0,0,0,0,0.439166667,0.282527484,Rural,Afternoon,Rain
976,0.88,0,0.41,0.75,0,0,0.250833333,0.560892304,Urban,Morning,Clear
977,0,0,0,0,0,0.91,0.204166667,0.180061906,Urban,Morning,Rain
978,0,0,0,0,0.79,0.7,0.461666667,0.366741381,Urban,Evening,Clear
979,0.85,0,0,0,0,0,0.78625,0.480147294,Highway,Afternoon,Clear
980,0.51,0,0,0,0,0,0.499583333,0.300405593,Highway,Evening,Clear
981,0,0,0,0,0,0,0.2875,0.052833814,Highway,Afternoon,Clear
982,0,0,0,0,0,0,0.240833333,0.038317857,Highway,Afternoon,Clear
983,0,0,0.86,0,0.9,0.85,0.895,0.725584374,Highway,Night,Clear
984,0,0,0,0,0.43,0,0.699583333,0.245330345,Urban,Night,Clear
985,0.53,0,0.94,0,0,0,0.20125,0.473102786,Urban,Morning,Clear
986,0.62,0,0,0,0,0,0.735833333,0.409115167,Highway,Evening,Clear
987,0.69,0,0,0,0,0,0.592916667,0.387074394,Highway,Evening,Clear
988,0.77,0,0,0,0,0,0.180833333,0.30280713,Rural,Morning,Clear
989,0.62,0,0.66,0,0,0.48,0.522916667,0.573433664,Urban,Evening,Clear
990,0,0,0.72,0,0.91,0,0.780416667,0.565428541,Highway,Afternoon,Clear
991,0.68,0,0,0,0,0,0.284583333,0.26966592,Highway,Afternoon,Clear
992,0.85,0,0.69,0,0,0,0.355416667,0.504589604,Highway,Night,Rain
993,0.42,0,0,0,0,0,0.304166667,0.21080158,Urban,Evening,Clear
994,0.55,0,0,0.45,0,0.55,0.431666667,0.438467286,Highway,Morning,Clear
995,0.83,0,0,0,0,0,0.193333333,0.307610204,Rural,Evening,Clear
996,0.94,0,0,0,0,0.84,0.49,0.560999039,Highway,Morning,Rain
997,0.71,0,0.63,0.66,0,0,0.612083333,0.608762942,Rural,Night,Rain
998,0.72,0,0,0,0,0.5,0.727083333,0.502454904,Highway,Evening,Rain
999,0.46,0,0,0,0,0,0.272083333,0.213630057,Highway,Evening,Fog
1000,0.67,0,0.93,0,0,0,0.580416667,0.633311986,Highway,Morning,Rain
1001,0.72,0.55,0.94,0,0,0,0.180833333,0.527590992,Rural,Morning,Clear
1002,0,0.92,0,0,0,0,0.444166667,0.119863379,Highway,Evening,Clear
1003,0.55,0,0,0,0,0,0.47125,0.286103106,Urban,Afternoon,Clear
1004,0.56,0,0,0,0,0,0.76375,0.361991675,Urban,Night,Clear
1005,0.63,0,0,0,0,0,0.4625,0.308997759,Urban,Afternoon,Rain
1006,0.41,0,0,0,0,0.61,0.45375,0.313960935,Highway,Afternoon,Clear
1007,0.59,0,0,0,0,0.56,0.046666667,0.275162771,Highway,Morning,Rain
1008,0.53,0,0,0,0,0.61,0.885416667,0.486658128,Rural,Afternoon,Clear
1009,0.6,0,0,0,0,0,0.416666667,0.266837443,Urban,Night,Clear
1010,0.47,0,0,0,0,0.82,0.40125,0.343739994,Highway,Afternoon,Rain
1011,0,0,0.6,0,0,0.62,0.965,0.478386167,Urban,Night,Clear
1012,0.93,0,0.77,0,0,0,0.434583333,0.630216672,Rural,Morning,Rain
1013,0.76,0,0,0,0,0,0.6675,0.3960935,Highway,Night,Clear
1014,0.81,0,0,0,0,0,0.7425,0.453730387,Highway,Afternoon,Fog
1015,0,0,0.96,0,0,0,0.670833333,0.454584267,Urban,Morning,Clear
1016,0.87,0,0.98,0,0,0.73,0.37,0.683317323,Highway,Night,Clear
1017,0,0,0.71,0,0,0,0.41375,0.255683638,Highway,Night,Fog
1018,0.7,0,0,0,0,0.46,0.3675,0.39737432,Urban,Morning,Fog
1019,0,0,0,0.5,0,0,0.460833333,0.20738606,Rural,Morning,Clear
1020,0,0,0,0,0,0,0.377916667,0.08095848,Urban,Afternoon,Rain
1021,0.45,0,0.67,0,0.73,0,0.582083333,0.600437613,Highway,Afternoon,Clear
1022,0.72,0,0,0,0,0,0.962083333,0.47491728,Urban,Night,Clear
1023,0.75,0,0,0,0,0,0.58,0.365674031,Highway,Night,Rain
1024,0,0,0.57,0,0,0,0.879583333,0.383018465,Highway,Afternoon,Clear
1025,0.85,0,0,0,0,0.88,0.27125,0.469260327,Urban,Morning,Rain
1026,0,0,0.98,0,0.52,0,0.54625,0.502561639,Highway,Evening,Clear
1027,0,0,0,0,0,0,0.727083333,0.207866368,Urban,Evening,Clear
1028,0.66,0,0,0,0,0,0.622916667,0.368502508,Highway,Afternoon,Clear
1029,0.48,0,0,0,0.59,0,0.245833333,0.325221475,Urban,Evening,Clear
1030,0,0,0.49,0.99,0,0,0.810416667,0.449514356,Highway,Night,Clear
1031,0,0,0.75,0,0,0,0.145833333,0.237485324,Urban,Morning,Fog
1032,0.57,0,0,0.74,0,0,0.789166667,0.48617782,Rural,Afternoon,Clear
1033,0.62,0,0.57,0,0,0,0.568333333,0.46643185,Highway,Night,Clear
1034,0.79,0,0,0,0,0.62,0.04375,0.345981428,Urban,Morning,Rain
1035,0,0,0.57,0,0,0,0.632916667,0.342886114,Rural,Morning,Rain
1036,0.74,0,0,0.81,0,0,0.119583333,0.377895186,Urban,Morning,Rain
1037,0,0,0,0,0,0,0.269166667,0.065428541,Highway,Evening,Rain
1038,0.61,0,0,0,0.57,0,0.04375,0.318443804,Urban,Morning,Clear
1039,0,0,0,0,0,0,0.42,0.130643612,Highway,Morning,Rain
1040,0.99,0,0.64,0.6,0,0,0.403333333,0.664958907,Highway,Evening,Fog
1041,0.76,0,1,0,0.72,0.79,0.66875,0.928754403,Highway,Evening,Clear
1042,0.54,0,0.43,0,0.43,0,0.68625,0.560838937,Highway,Evening,Rain
1043,0,0,0,0,0,0,0.78625,0.207973103,Highway,Afternoon,Clear
1044,0,0,0,0,0,0,0.405,0.071085495,Highway,Night,Rain
1045,0.46,0,0,0,0.5,0.84,0.6475,0.552353506,Highway,Morning,Clear
1046,0.49,0,0,0,0,0,0.2525,0.198847262,Urban,Afternoon,Clear
1047,0.55,0,0,0,0,0,0.36625,0.253442203,Highway,Afternoon,Clear
1048,0,0,0,0.46,0,0,0.307083333,0.136140463,Highway,Evening,Clear
1049,0.5,0,0,0,0,0.53,0.329583333,0.330504856,Highway,Morning,Rain
1050,0,0,0,0,0,0,0.382083333,0.118849397,Highway,Morning,Clear
1051,0.51,0,0,0,0,0.93,0.839583333,0.488686092,Urban,Night,Clear
1052,0,0,0,0,0.89,0,0.83,0.392571246,Highway,Afternoon,Rain
1053,0,0,0,0,0,0,0.844583333,0.226118049,Urban,Afternoon,Rain
1054,0.57,0,0,0,0,0,0.915416667,0.412370584,Urban,Night,Clear
1055,0.5,0,0,0,0,0,0.704583333,0.342672644,Highway,Afternoon,Clear
1056,0,0,0,0,0,0,0.380833333,0.081865727,Highway,Afternoon,Clear
1057,0,0,0.75,0.99,0,0,0.2225,0.369836695,Urban,Evening,Clear
1058,0.94,0,0,0,0.48,0,0.294583333,0.484843633,Highway,Morning,Clear
1059,0.45,0,0,0,0,0,0.177916667,0.199434305,Highway,Morning,Rain
1060,0.71,0,0,0.57,0,0,0.697916667,0.49914612,Rural,Evening,Clear
1061,0,0,0,0,0,0,0.774583333,0.204344114,Highway,Afternoon,Rain
1062,0.65,0,0.45,0,0,0.77,0.27125,0.506404099,Rural,Morning,Rain
1063,0,0,0,0,0,0.66,0.412916667,0.17637955,Urban,Afternoon,Rain
1064,0,0,0.49,0,0,0,0.671666667,0.316149002,Highway,Evening,Clear
1065,0,0,0,0,0,0,0.426666667,0.114419895,Highway,Evening,Rain
1066,0,0,0.66,0,0,0,0.862083333,0.400629736,Highway,Afternoon,Clear
1067,0.99,0,0.71,0.65,0,0,0.622916667,0.739299819,Urban,Afternoon,Rain
1068,0.47,0,0,0.79,0,0,0.600416667,0.38355214,Rural,Night,Rain
1069,0,0,0,0,0,0.51,0.548333333,0.235884299,Urban,Morning,Clear
1070,0,0,0,0,0,0,0.715416667,0.204237379,Urban,Evening,Clear
1071,0.64,0,0,0.41,0,0,0.242083333,0.332746291,Highway,Morning,Fog
1072,0.98,0,0,0,0,0,0.332083333,0.362205145,Urban,Night,Clear
1073,0,0,0,0,0,0.97,0.762083333,0.342992849,Highway,Evening,Clear
1074,0,0,0,0,0,0,0.377916667,0.08095848,Urban,Afternoon,Clear
1075,0.92,0,0.56,0,0,0.85,0.69875,0.727665706,Highway,Afternoon,Clear
1076,0.89,0,0,0,0,0,0.26625,0.349503682,Rural,Evening,Clear
1077,0.55,0,0,0,0.54,0,0.689166667,0.475931263,Highway,Evening,Clear
1078,0.5,0,0,0,0,0.52,0.5375,0.375600384,Highway,Evening,Rain
1079,0.8,0,0,0,0,0,0.359583333,0.349717152,Rural,Evening,Rain
1080,0.96,0,0,0,0,0,0.361666667,0.4198954,Highway,Morning,Clear
1081,0.73,0,0,0,0,0,0.389583333,0.318337069,Urban,Afternoon,Clear
1082,0,0,0,0,0.67,0,0.394583333,0.233162557,Rural,Evening,Clear
1083,0,0.5,0,0.89,0,0,0.26125,0.158661543,Urban,Afternoon,Fog
1084,0.74,0,0,0,0,0,0.8075,0.433237272,Highway,Night,Rain
1085,0,0,0,0.72,0,0.6,0.420833333,0.281673604,Highway,Evening,Rain
1086,0.57,0,0,0,0.71,0,0.631666667,0.478813107,Rural,Afternoon,Rain
1087,0.86,0.43,0,0.57,0,0,0.871666667,0.564628029,Highway,Night,Rain
1088,0.51,0,0,0,0,0,0.719166667,0.35041093,Rural,Afternoon,Clear
1089,0.59,0,0,0,0,0,0.604583333,0.35868289,Urban,Evening,Clear
1090,0.66,0,0.59,0,0,0,0.592916667,0.528604974,Rural,Evening,Rain
1091,0.7,0,0,0,0,0,0.71125,0.390489914,Urban,Night,Rain
1092,0.55,0,0,0,0,0,0.670833333,0.384779592,Highway,Morning,Clear
1093,0,0,0,0,0,0,0.4925,0.098302914,Urban,Night,Clear
1094,0.47,0,0,0,0,0,0.164166667,0.183263956,Urban,Evening,Clear
1095,0.77,0,0,0,0,0,0.380833333,0.328423524,Highway,Afternoon,Clear
1096,0,0,0,0,0,0,0.780416667,0.206158608,Highway,Afternoon,Clear
1097,0.57,0,0,0,0,0,0.874583333,0.399669122,Rural,Night,Clear
1098,0,0,0,0.44,0,0,0.364166667,0.1147401,Urban,Night,Clear
1099,0,0,0,0,0,0.89,0.5725,0.273775216,Urban,Evening,Clear
1100,0.75,0,0,0,0,0,0.69,0.41818764,Rural,Afternoon,Clear
1101,0.49,0,0.45,0,0,0,0.725833333,0.44305689,Highway,Night,Clear
1102,0,0,0,0,0,0.82,0.361666667,0.217525883,Rural,Morning,Clear
1103,0,0,0,0,0,0,0.221666667,0.068950795,Urban,Morning,Fog
1104,0.69,0,0,0,0,0,0.474166667,0.331839044,Rural,Afternoon,Clear
1105,0.72,0,0,0,0,0.86,0.412083333,0.450581706,Rural,Evening,Fog
1106,0.43,0,0,0,0,0,0.256666667,0.217525883,Highway,Morning,Clear
1107,0.6,0.83,0,0,0.86,0,0.09625,0.387287864,Highway,Morning,Rain
1108,0.48,0,0,0,0,0,0.399583333,0.277991248,Highway,Morning,Clear
1109,0.44,0.69,0.58,0,0,0,0.835833333,0.512861565,Urban,Afternoon,Fog
1110,0.99,0,0,0,0,0.66,0.180833333,0.457786317,Urban,Morning,Rain
1111,0.59,0,0,0,0,0.83,0.5075,0.453089978,Highway,Morning,Rain
1112,0.89,0,0,0,0,0,0.27125,0.369356388,Rural,Morning,Clear
1113,0,0,0,0,0,0,0.867916667,0.233376027,Highway,Afternoon,Clear
1114,0.55,0,0,0,0,0.63,0.49875,0.411943644,Urban,Morning,Rain
1115,0.81,0,0,0,0,0.53,0.534583333,0.475237485,Highway,Evening,Clear
1116,0.86,0,0,0,0,0,0.386666667,0.359056463,Urban,Afternoon,Clear
1117,0,0,0,0,0,0,0.519166667,0.16149002,Highway,Morning,Clear
1118,0.76,0,0,0,0,0,0.610416667,0.414932223,Highway,Evening,Clear
1119,0.68,0.91,0.98,0,0,0,0.399166667,0.538051019,Urban,Night,Rain
1120,0.65,0,0.97,0,0,0,0.526666667,0.583840324,Highway,Afternoon,Clear
1121,0,0,0,0,0,0.78,0.058333333,0.118048885,Highway,Morning,Clear
1122,0.61,0,0,0,0,0,0.584166667,0.358736258,Urban,Evening,Clear
1123,0.96,0,0,0,0.67,0.99,0.619166667,0.737218486,Highway,Evening,Clear
1124,0,0,0,0,0,0,0.6325,0.141850785,Rural,Night,Rain
1125,0.9,0,0,0,0,0,0.665833333,0.476998612,Highway,Evening,Rain
1126,0.98,0,0.6,0,0,0.59,0.272083333,0.609403351,Highway,Evening,Clear
1127,0.47,0,0.74,0,0.87,0,0.377916667,0.588163091,Highway,Afternoon,Rain
1128,0.84,0,0,0,0,0,0.342916667,0.339043655,Urban,Afternoon,Fog
1129,0,0,0.95,0,0,0.68,0.55125,0.50192123,Urban,Morning,Fog
1130,0.96,0,0,0,0,0,0.559583333,0.426566336,Highway,Night,Clear
1131,0.51,0,0,0,0,0.8,0.45,0.387447967,Highway,Evening,Clear
1132,0,0,0.4,0,0,0,0.748333333,0.298644466,Urban,Afternoon,Rain
1133,0.44,0,0,0.5,0,0.72,0.390833333,0.418721315,Highway,Morning,Fog
1134,0.84,0,0,0,0.77,0,0.415833333,0.509659515,Highway,Afternoon,Clear
1135,0.74,0,0,0,0,0.91,0.648333333,0.536876935,Highway,Evening,Clear
1136,0.91,0,0,0,0,0,0.469583333,0.437453303,Highway,Morning,Clear
1137,0,0,0,0,0,0,0.504583333,0.156953784,Urban,Morning,Clear
1138,0.48,0,0,0,0,0,0.249583333,0.194737966,Rural,Afternoon,Clear
1139,0,0,0,0,0.47,0.86,0.730833333,0.391183691,Rural,Afternoon,Rain
1140,0,0,0,0,0,0,0.5375,0.148895293,Rural,Evening,Clear
1141,0,0,0,0,0,0,0.6075,0.170669228,Highway,Evening,Clear
1142,0,0,0,0,0,0,0.68125,0.1753122,Urban,Afternoon,Clear
1143,0.88,0,0,0,0,0,0.37875,0.344700608,Highway,Night,Fog
1144,0,0,0.89,0,0,0.43,0.600416667,0.414932223,Urban,Night,Fog
1145,0.52,0,0.97,0,0,0,0.274166667,0.500266837,Rural,Morning,Rain
1146,0,0,0,0,0,1,0.897083333,0.370530473,Rural,Afternoon,Clear
1147,0.5,0,0,0,0.49,0,0.859166667,0.484897001,Urban,Afternoon,Clear
1148,0.5,0,0,0,0,0,0.653333333,0.363325862,Urban,Morning,Rain
1149,0.89,0,0.45,0,0,0.85,0.149583333,0.537357242,Highway,Evening,Clear
1150,0.8,0,0.5,0,0,0,0.470416667,0.512274522,Highway,Evening,Clear
1151,0.71,0,0,0,0,0,0.719166667,0.414451916,Rural,Afternoon,Rain
1152,0.62,0,0,0,0.66,0,0.944583333,0.564254456,Highway,Night,Clear
1153,0.93,0,0.98,0,0,0,0.272083333,0.61516704,Highway,Evening,Clear
1154,0.64,0,0,0,0,0,0.582083333,0.349396947,Rural,Afternoon,Rain
1155,0,0,0.72,0,0,0,0.2225,0.235350624,Highway,Evening,Rain
1156,0,0,0.41,0.94,0,0,0.321666667,0.307183264,Urban,Evening,Clear
1157,0.89,0,0,0,0.64,0.92,0.767916667,0.746344327,Rural,Evening,Clear
1158,0.66,0,0,0,0,0,0.892083333,0.433931049,Highway,Night,Clear
1159,0.63,0,0,0,0,0,0.393333333,0.269185612,Highway,Night,Clear
1160,0.68,0,0,0,0,0,0.73375,0.409382004,Highway,Afternoon,Clear
1161,0,0,0.55,0,0,0.79,0.468333333,0.351158075,Highway,Afternoon,Clear
1162,0,0,0,0,0,0,0.562916667,0.17509873,Rural,Morning,Clear
1163,0.58,0,0.67,0,0,0,0.809583333,0.572579784,Highway,Afternoon,Rain
1164,0.85,0,0.82,0,0,0,0.0525,0.498559078,Highway,Morning,Rain
1165,0.7,0,0,0,0.85,0,0.385,0.507204611,Highway,Morning,Fog
1166,0,0,0,0,0.75,0,0.454583333,0.230600918,Urban,Night,Clear
1167,0.54,0,0,0,0,0,0.137083333,0.215551286,Urban,Morning,Clear
1168,0.94,0,0,0,0,0,0.513333333,0.460668161,Rural,Morning,Rain
1169,0,0,0.84,0,0,0,0.289583333,0.286956986,Highway,Evening,Rain
1170,0.63,0,0,0,0,0,0.485,0.334293948,Highway,Evening,Clear
1171,0.73,0,0,0,0.63,0,0.69875,0.535542747,Highway,Afternoon,Rain
1172,0.94,0,0,0,0.5,0,0.722916667,0.567029566,Highway,Night,Rain
1173,0.77,0,0,0,0,0,0.643333333,0.410075782,Highway,Afternoon,Clear
1174,0,0,0,0,0,0,0.56,0.174191483,Highway,Morning,Clear
1175,0.47,0,0,0.81,0,0,0.407083333,0.344273668,Rural,Afternoon,Rain
1176,0.96,0,0,0,0,0,0.25375,0.386327249,Urban,Morning,Rain
1177,0.78,0,1,0,0,0.91,0.662916667,0.810385313,Urban,Evening,Clear
1178,0.6,0,0,0,0,0,0.889166667,0.413811506,Highway,Night,Rain
1179,0.48,0,0,0,0,0,0.740416667,0.329117302,Highway,Night,Rain
1180,0.88,0,0,0,0.54,0.47,0.81625,0.644732629,Urban,Night,Rain
1181,0.77,0,0,0.55,0.75,0.61,0.344166667,0.646280286,Urban,Morning,Rain
1182,0.72,0,0,0,0,0,0.815416667,0.447593126,Urban,Afternoon,Clear
1183,0.94,0,0,0,0,0,0.749166667,0.479133312,Urban,Night,Clear
1184,0,0,0.57,0,0,0,0.55375,0.263368556,Urban,Night,Rain
1185,0.87,0,0.72,0.44,0,0.93,0.6425,0.820044829,Highway,Evening,Rain
1186,0.49,0,0,0,0,0,0.47625,0.286743516,Highway,Evening,Clear
1187,0.59,0,0.72,0,0,0.52,0.850416667,0.667894119,Highway,Afternoon,Clear
1188,0.55,0,0,0,0,0,0.704583333,0.35868289,Urban,Afternoon,Fog
1189,0,0,0.64,0.81,0,0,0.583333333,0.449140783,Rural,Morning,Clear
1190,0.85,0,0,0.74,0.65,0,0.416666667,0.566549258,Highway,Night,Rain
1191,0,0,0,0,0,0.45,0.26125,0.102305476,Urban,Afternoon,Rain
1192,0.42,0.63,0,0,0,0,0.451666667,0.220087523,Highway,Night,Rain
1193,0.74,0,0.5,0,0,0.87,0.361666667,0.588963603,Urban,Morning,Clear
1194,0.86,0,0,0,0.71,0,0.752083333,0.590831465,Highway,Night,Clear
1195,0.93,0,0,0,0,0,0.689166667,0.493862739,Urban,Evening,Clear
1196,0.61,0,0.99,0,0,0,0.501666667,0.60497385,Highway,Morning,Clear
1197,0.89,0,0,0,0,0,0.587083333,0.449300886,Rural,Evening,Clear
1198,0.47,0,0,0,0,0,0.333333333,0.235884299,Highway,Evening,Rain
1199,0.91,0,0.91,0,0,0,0.639583333,0.705144626,Rural,Evening,Clear
1200,0.48,0,0,0,0,0,0.38,0.253602305,Highway,Evening,Clear
1201,0.64,0,0.7,0.64,0,0,0.45875,0.590617996,Rural,Evening,Clear
1202,0,0,0,0,0,0.9,0.540416667,0.265076316,Highway,Evening,Clear
1203,0.88,0,0.76,0,0,0,0.6025,0.62728146,Urban,Afternoon,Clear
1204,0,0,0,0,0,0,0.7025,0.16362472,Highway,Night,Fog
1205,0.49,0,0,0,0,0,0.456666667,0.262354574,Rural,Afternoon,Clear
1206,0.54,0,0.54,0,0,0,0.897083333,0.553687693,Rural,Afternoon,Rain
1207,0.83,0,0,0.62,0,0.5,0.626666667,0.549258192,Highway,Night,Clear
1208,0,0,0,0,0,0.91,0.48,0.229266731,Rural,Afternoon,Rain
1209,0.83,0,0,0,0,0,0.249583333,0.306809692,Highway,Afternoon,Clear
1210,0,0,0,0,0,0.81,0.342083333,0.191856121,Rural,Evening,Clear
1211,0.78,0,0,0,0,0,0.979583333,0.49957306,Highway,Night,Rain
1212,0.82,0,0,0,0,0,0.4275,0.358949728,Urban,Afternoon,Clear
1213,0.73,0,0,0,0,0,0.580416667,0.414291813,Highway,Morning,Clear
1214,0.55,0,0,0,0,0,0.601666667,0.344967446,Highway,Evening,Rain
1215,0.61,0,0,0.53,0,0,0.59,0.428434198,Rural,Evening,Clear
1216,0.51,0,0.73,0,0,0,0.391666667,0.453837122,Highway,Evening,Rain
1217,0,0,0,0,0,0,0.5675,0.139929555,Highway,Afternoon,Clear
1218,0.95,0,0.82,0,0,0,0.568333333,0.636140463,Rural,Night,Clear
1219,0.75,0,0,0.8,0,0,0.625,0.518731988,Urban,Evening,Rain
1220,0.64,0,0,0,0,0,0.69375,0.365834134,Highway,Night,Fog
1221,0.68,0.5,0.71,0,0,0,0.77375,0.621998079,Highway,Evening,Rain
1222,0.97,0,0,0,0,0,0.245833333,0.368769346,Highway,Evening,Rain
1223,0.49,0,0,0,0,0,0.45875,0.281300032,Highway,Evening,Clear
1224,0.75,0,0,0,0,0,0.731666667,0.412850891,Urban,Night,Clear
1225,0,0,0,0,0,0,0.660833333,0.168961469,Urban,Afternoon,Fog
1226,0,0,0,0,0,0,0.557916667,0.155246024,Highway,Evening,Rain
1227,0.7,0,0,0,0,0.71,0.883333333,0.534955705,Highway,Night,Clear
1228,0.77,0,0,0.98,0,0,0.172916667,0.40756751,Urban,Evening,Clear
1229,0.41,0,0.99,0,0,0,0.032083333,0.394866048,Rural,Morning,Fog
1230,0.92,0,0,0,0,0,0.7425,0.48895293,Highway,Afternoon,Clear
1231,0.96,0,0,0,0,0,0.79875,0.500960615,Rural,Night,Clear
1232,0.74,0,0,0,0,0,0.382916667,0.337762835,Highway,Evening,Rain
1233,0.82,0,0,0.51,0,0,0.63,0.523855267,Rural,Morning,Clear
1234,0.95,0,0,0,0,0.9,0.824166667,0.639235778,Urban,Afternoon,Fog
1235,0.82,0,0,0,0,0,0.941666667,0.500587042,Urban,Night,Clear
1236,0.49,0,0,0.76,0.5,0,0.880416667,0.569271,Urban,Night,Rain
1237,0.75,0,0,0,0,0,0.407083333,0.330184652,Highway,Afternoon,Clear
1238,0,0,0,0,0,0,0.46375,0.144252321,Highway,Morning,Rain
1239,0,0,0,0,0,0,0.501666667,0.156046536,Highway,Morning,Fog
1240,0.76,0,0,0,0,0,0.63,0.439321166,Highway,Morning,Rain
1241,0,0,0.77,0,0,0,0.539583333,0.365086989,Highway,Morning,Clear
1242,0,0,0,0.65,0,0,0.137083333,0.125893905,Urban,Morning,Fog
1243,0.65,0,0,0,0,0.65,0.420833333,0.403991888,Rural,Evening,Clear
1244,0.84,0,0,0,0,0,0.695,0.46685879,Highway,Evening,Rain
1245,0.96,0,0,0,0,0.52,0.824166667,0.593766677,Highway,Afternoon,Clear
1246,0.96,0,0,0,0,0,0.442916667,0.390276444,Urban,Night,Rain
1247,0.67,0,0,0,0,0.57,0.679583333,0.49893265,Highway,Morning,Fog
1248,0.47,0.9,0,0,0,0,0.212916667,0.216725371,Urban,Morning,Clear
1249,0,0,0,0,0,0,0.24875,0.05907781,Rural,Evening,Clear
1250,0.99,0,0.62,0,0.8,0,0.487916667,0.762994983,Urban,Evening,Clear
1251,0.9,0,0,0,0,0,0.536666667,0.455117942,Urban,Morning,Rain
1252,0.47,0,0.86,0,0,0,0.970833333,0.617888782,Rural,Night,Clear
1253,0,0,0,0,0,0,0.732916667,0.209680862,Urban,Evening,Rain
1254,0.95,0,0.5,0,0,0.7,0.321666667,0.60369303,Rural,Evening,Clear
1255,0.92,0,0.63,0,0,0,0.75125,0.653057957,Highway,Afternoon,Clear
1256,0.71,0,0,0,0,0.72,0.630833333,0.497491728,Rural,Evening,Clear
1257,0,0,0.61,0,0,0,0.312083333,0.253335468,Urban,Morning,Clear
1258,0,0,0,0,0,0,0.299166667,0.056462803,Urban,Afternoon,Rain
1259,0.75,0,0,0,0,0,0.788333333,0.46707226,Highway,Evening,Rain
1260,0.64,0,0,0,0.91,0,0.356666667,0.472409008,Urban,Evening,Clear
1261,0.43,0,0,0,0,0,0.210833333,0.184971715,Rural,Evening,Rain
1262,0.6,0,0.66,0,0,0.88,0.688333333,0.688013662,Highway,Morning,Clear
1263,0,0,0,0,0,0.87,0.4275,0.207813,Urban,Afternoon,Rain
1264,0.88,0,0,0,0.55,0,0.460416667,0.47577116,Rural,Night,Rain
1265,0,0,0,0,0,0,0.638333333,0.143665279,Highway,Night,Clear
1266,0.4,0,0.87,0,0,0,0.428333333,0.429288078,Rural,Night,Fog
1267,0.6,0,0.69,0,0,0,0.475416667,0.516757391,Rural,Morning,Clear
1268,0.64,0,0.88,0,0,0,0.417083333,0.560091792,Urban,Morning,Clear
1269,0,0,0.75,0.67,0,0,0.189583333,0.336908955,Rural,Morning,Clear
1270,0.72,0,0.61,0,0,0,0.367083333,0.446098837,Highway,Night,Clear
1271,0.95,0,0,0,0,0,0.641666667,0.503789092,Highway,Morning,Clear
1272,0.61,0,0,0,0,0,0.395416667,0.281726972,Urban,Afternoon,Clear
1273,0.61,0,0,0,0,0.75,0.876666667,0.527484257,Urban,Afternoon,Rain
1274,0.84,0,0,0,0,0,0.45,0.390650016,Rural,Evening,Clear
1275,0,0,0,0,0,0,0.732916667,0.209680862,Urban,Evening,Rain
1276,0.67,0,0,0.55,0,0,0.65875,0.434998399,Highway,Night,Clear
1277,0.53,0,0,0,0,0.87,0.662083333,0.487085068,Highway,Morning,Rain
1278,0,0,0,0,0,0,0.27125,0.084373999,Highway,Morning,Rain
1279,0,0,0,0.9,0,0,0.55375,0.232628882,Highway,Night,Clear
1280,0.67,0,0,0,0,0,0.239166667,0.288931583,Rural,Morning,Clear
1281,0.48,0,0,0,0,0.52,0.447083333,0.341071619,Urban,Evening,Clear
1282,0.51,0,0,0,0,0.43,0.167083333,0.252054648,Rural,Evening,Clear
1283,0,0,0,0,0.69,0,0.049583333,0.147988046,Urban,Morning,Clear
1284,0.7,0,0,0,0,0,0.34,0.293307717,Highway,Afternoon,Clear
1285,0,0,0,0,0,0,0.65125,0.184277938,Highway,Evening,Clear
1286,0,0,0.89,0,0,0,0.07875,0.252481588,Highway,Morning,Clear
1287,0.65,0,0,0,0,0,0.857083333,0.419842032,Highway,Night,Clear
1288,0.95,0,0,0,0,0,0.3325,0.407620877,Highway,Morning,Clear
1289,0,0,0,0,0.99,0,0.35,0.299071406,Rural,Morning,Rain
1290,0.62,0,0,0,0,0,0.438333333,0.316575942,Rural,Evening,Rain
1291,0,0,0,0,0,0.92,0.466666667,0.262994983,Urban,Morning,Clear
1292,0.75,0,0.54,0,0,0,0.504166667,0.480414132,Highway,Night,Clear
1293,0.78,0,0,0,0,0.45,0.445,0.409221902,Highway,Afternoon,Fog
1294,0.41,0,0,0.69,0,0.55,0.221666667,0.359056463,Urban,Morning,Clear
1295,0,0,0,0.73,0,0,0.230416667,0.165172377,Highway,Morning,Clear
1296,0,0,0,0,0,0.82,0.70375,0.305635607,Highway,Evening,Fog
1297,0,0,0,0,0.6,0,0.524583333,0.223556409,Urban,Night,Clear
1298,0.8,0,0,0,0,0.65,0.2525,0.381364073,Highway,Afternoon,Rain
1299,0.51,0,0,0,0,0.93,0.835833333,0.505817056,Urban,Afternoon,Clear
1300,0,0,0.53,0,0,0,0.692083333,0.332746291,Highway,Evening,Rain
1301,0.98,0,0,0,0,0,0.51125,0.4545309,Rural,Evening,Clear
1302,0.49,0,0,0,0,0.58,0.385833333,0.332906393,Rural,Evening,Rain
1303,0.65,0,0,0,0,0,0.538333333,0.338990287,Urban,Afternoon,Clear
1304,0.45,0.73,0,0,0,0,0.78625,0.352065322,Highway,Afternoon,Fog
1305,0,0,0,0,0,0,0.486666667,0.096488419,Urban,Night,Fog
1306,1,0,0.7,0,0.76,0,0.340833333,0.696659195,Highway,Night,Clear
1307,0.7,0,0.56,0.58,0,0.41,0.421666667,0.588963603,Highway,Afternoon,Clear
1308,0.76,0,0,0,0,0,0.862916667,0.456879069,Urban,Night,Fog
1309,0,0,0,0,0,0,0.212916667,0.066229053,Highway,Morning,Clear
1310,0,0,0.41,0,0,0,0.547916667,0.22056783,Highway,Night,Rain
1311,0,0,0,0,0,0,0.384583333,0.064734764,Highway,Night,Clear
1312,0,0,0,0.51,0,0,0.613333333,0.237805529,Rural,Evening,Clear
1313,0.44,0,0.79,0,0,0.58,0.16125,0.449407621,Highway,Evening,Rain
1314,0,0,0,0,0,0,0.554166667,0.172376988,Urban,Morning,Fog
1315,0,0,0,0.45,0,0,0.62375,0.19676593,Urban,Night,Clear
1316,0.85,0,0,0,0.45,0.75,0.193333333,0.496531113,Urban,Evening,Clear
1317,0,0,0.71,0,0.76,0.63,0.79125,0.636407301,Urban,Evening,Clear
1318,0,0,0,0,0.45,0.72,0.426666667,0.293094247,Highway,Evening,Clear
1319,0.53,0,0,0,0,0.93,0.13125,0.329650977,Highway,Morning,Clear
1320,0.94,0,0,0,0.98,0,0.682083333,0.646547123,Rural,Night,Clear
1321,0,0,0,0,0,0,0.592916667,0.166132992,Highway,Evening,Clear
1322,0.52,0,0,0.83,0.83,0,0.345,0.521293628,Highway,Evening,Clear
1323,0.51,0,0,0,0,0,0.32375,0.264008966,Urban,Morning,Clear
1324,0.42,0,0,0,0,0,0.377083333,0.233482762,Highway,Evening,Clear
1325,0,0,0,0,0,0,0.783333333,0.207065855,Highway,Afternoon,Clear
1326,0,0,0,0,0.87,0.95,0.584166667,0.452236098,Highway,Evening,Rain
1327,0,0,0.67,0,0,0.56,0.49875,0.398495037,Highway,Morning,Clear
1328,0,0.51,0,0,0,0,0.07,0.021773935,Highway,Morning,Rain
1329,0.68,0,0,0,0,0,0.452083333,0.358362685,Urban,Morning,Rain
1330,0.74,0,0.98,0,0,0,0.8825,0.725904579,Urban,Afternoon,Clear
1331,0.44,0,0.74,0,0,0,0.460416667,0.418774682,Urban,Night,Fog
1332,0.87,0,0,0,0,0,0.032083333,0.28855801,Urban,Morning,Clear
1333,0.67,0,0,0,0,0,0.164166667,0.247304942,Urban,Evening,Fog
1334,0.71,0,0.92,0,0,0,0.48125,0.612712136,Highway,Morning,Clear
1335,0,0,0,0,0,0.68,0.570416667,0.227932543,Highway,Afternoon,Clear
1336,0.66,0,0,0,0,0.73,0.862083333,0.536396627,Highway,Afternoon,Fog
1337,0.64,0,0,0,0,0,0.07875,0.229426833,Highway,Morning,Clear
1338,0.74,0,0,0,0,0,0.24375,0.276176753,Highway,Afternoon,Rain
1339,0,0,0,0,0,0,0.655,0.167146974,Highway,Afternoon,Rain
1340,0,0,0.48,0,0.82,0,0.745416667,0.47577116,Urban,Afternoon,Clear
1341,0.49,0,0,0,0,0,0.447083333,0.277671043,Urban,Evening,Clear
1342,0,0,0.74,0,0,0,0.43625,0.288664745,Highway,Afternoon,Clear
1343,0.51,0,0.92,0,0,0,0.749166667,0.577116021,Urban,Night,Fog
1344,0.92,0,0,0,0,0.97,0.512083333,0.541519906,Urban,Afternoon,Fog
1345,0,0,0,0,0,1,0.37,0.1882805,Urban,Night,Clear
1346,0.97,0,0.75,0,0,0,0.405416667,0.628829117,Highway,Morning,Clear
1347,0.62,0,0,0,0,0,0.664583333,0.350357562,Urban,Night,Clear
1348,0.56,0,0,0,0,0,0.379166667,0.297256911,Highway,Morning,Clear
1349,0,0,0,0.52,0,0,0.600833333,0.25349557,Highway,Morning,Clear
1350,0,0,0,0,0,0,0.624166667,0.194150923,Highway,Morning,Clear
1351,0.79,0,0,0,0,0,0.496666667,0.389155726,Highway,Evening,Rain
1352,0.65,0,0,0,0,0,0.235,0.244636567,Urban,Afternoon,Clear
1353,0,0,0.83,0,0,0,0.69875,0.393371758,Urban,Afternoon,Rain
1354,0.42,0,0,0,0,0,0.750416667,0.349610417,Rural,Evening,Rain
1355,0.49,0,0.62,0,0,0,0.335416667,0.420055502,Highway,Morning,Clear
1356,0.83,0,0,0,0,0,0.692083333,0.462749493,Highway,Evening,Rain
1357,0.8,0,0,0,0,0,0.809583333,0.471395026,Highway,Afternoon,Clear
1358,0.42,0,0.46,0.81,0,0.54,0.119583333,0.462429288,Highway,Morning,Clear
1359,0.53,0,0.67,0,0,0,0.5275,0.450528338,Urban,Night,Clear
1360,0.54,0,0,0,0,0.84,0.2875,0.333333333,Rural,Afternoon,Clear
1361,0,0,0,0,0,0.63,0.4625,0.187960295,Urban,Afternoon,Clear
1362,0.8,0,0.64,0,0,0,0.566666667,0.578076636,Urban,Evening,Clear
1363,0.41,0,0.92,0,0,0,0.495416667,0.466165012,Highway,Night,Clear
1364,0.46,0,0,0,0,0,0.649166667,0.312626748,Highway,Afternoon,Clear
1365,0,0,0,0,0.75,0,0.309166667,0.240260433,Urban,Morning,Clear
1366,0,0,0,0,0,0,0.687916667,0.159088483,Highway,Night,Clear
1367,0.88,0,0.55,0,0,0.4,0.800833333,0.686412637,Urban,Afternoon,Clear
1368,0.51,0,0,0,0,0,0.391666667,0.266837443,Rural,Evening,Clear
1369,0.79,0,0,0,0,0,0.375,0.333013128,Highway,Afternoon,Clear
1370,0.54,0,0,0,0.67,0,0.792916667,0.493382431,Highway,Night,Clear
1371,0.46,0,0,0.63,0,0,0.809583333,0.443216992,Rural,Afternoon,Clear
1372,0.55,0,0.98,0,0,0,0.73875,0.638648735,Rural,Evening,Clear
1373,0.83,0,0,0,0,0,0.66875,0.455491515,Highway,Evening,Rain
1374,0.91,0,0,0,0.92,0.41,0.396666667,0.644038852,Highway,Morning,Rain
1375,0.9,0,0,0,0,0,0.375,0.368235671,Rural,Afternoon,Clear
1376,0,0,0,0,0,0,0.953333333,0.241647988,Rural,Night,Clear
1377,0,0,0,0,0,0,0.17,0.034582133,Rural,Evening,Clear
1378,0,0,0.97,0,0,0,0.445,0.350304195,Urban,Afternoon,Fog
1379,0,0,0,0,0.97,0.68,0.28875,0.363272494,Highway,Morning,Rain
1380,0.64,0,0,0,0,0,0.202083333,0.249493009,Rural,Evening,Rain
1381,0,0,0.55,0,0,0,0.27875,0.191002241,Urban,Afternoon,Clear
1382,0.8,0,0,0,0,0,0.660833333,0.425125414,Urban,Afternoon,Fog
1383,0.52,0,0.61,0,0,0,0.237916667,0.36017718,Highway,Afternoon,Clear
1384,0,0,0,0,0,0,0.876666667,0.236097769,Urban,Afternoon,Clear
1385,0.58,0.83,0.94,0,0,0,0.552916667,0.561906287,Urban,Afternoon,Rain
1386,0.94,0,0,0,0,0.69,0.456666667,0.494823354,Urban,Afternoon,Clear
1387,0.41,0,0.98,0,0,0,0.474166667,0.493222329,Rural,Afternoon,Clear
1388,0.45,0,0,0,0,0,0.2975,0.236631444,Urban,Morning,Clear
1389,0,0.71,0,0.65,0,0.41,0.412916667,0.227612339,Highway,Afternoon,Clear
1390,0.52,0,0,0,0,0.81,0.27,0.317643292,Rural,Afternoon,Clear
1391,0.42,0,0.67,0,0,0,0.97375,0.554114633,Urban,Night,Clear
1392,0.51,0,0.59,0,0.7,0,0.730833333,0.639662717,Highway,Afternoon,Clear
1393,0.75,0,0.72,0,0.96,0,0.543333333,0.759739567,Highway,Evening,Rain
1394,0.65,0.76,0.81,0,0,0,0.775416667,0.601931903,Urban,Night,Clear
1395,0.94,0,0.56,0,0,0,0.416666667,0.519158928,Highway,Night,Clear
1396,0,0,0,0,0,0.58,0.298333333,0.148788558,Urban,Evening,Rain
1397,0.89,0,0,0,0,0,0.75625,0.50192123,Highway,Evening,Clear
1398,0,0.68,0.84,0,0,0.74,0.26625,0.374479667,Urban,Evening,Rain
1399,0,0,0,0.68,0,0,0.382083333,0.205945138,Highway,Morning,Clear
1400,0.61,0,0.43,0,0,0,0.277083333,0.391663998,Rural,Morning,Clear
1401,0.56,0,0.43,0,0,0.58,0.282916667,0.45175579,Urban,Morning,Fog
1402,0.63,0,0,0.62,0.75,0.5,0.5075,0.647134166,Highway,Morning,Clear
1403,0.75,0,0,0.46,0,0,0.531666667,0.446152204,Highway,Evening,Clear
1404,0,0,0,0,0,0,0.797083333,0.229640303,Highway,Evening,Fog
1405,0,0.9,0,0,0,0,0.049583333,0.015423204,Urban,Morning,Rain
1406,0.56,0,0.63,0,0,0,0.918333333,0.571459067,Rural,Night,Rain
1407,0.77,0,0.61,0,0.72,0,0.27,0.588536663,Highway,Afternoon,Rain
1408,0.65,0,0,0,0,0,0.31875,0.28898495,Highway,Evening,Clear
1409,0,0,0,0,0.67,0.64,0.125416667,0.249706479,Urban,Morning,Clear
1410,0.73,0,0.59,0,0,0,0.670416667,0.538531327,Highway,Night,Fog
1411,0,0,0.69,0,0,0,0.55125,0.348222863,Rural,Morning,Clear
1412,0.66,0,0,0,0,0,0.56875,0.388248479,Rural,Morning,Clear
1413,0.58,0,0,0,0,0.54,0.75125,0.45196926,Rural,Afternoon,Rain
1414,0.97,0,0,0,0,0,0.684166667,0.48681823,Urban,Afternoon,Clear
1415,0.86,0,0,0,0,0,0.674583333,0.466912157,Highway,Evening,Rain
1416,0.48,0,0.59,0,0,0.72,0.55375,0.514409222,Highway,Night,Fog
1417,0.92,0,0,0.59,0,0.52,0.597916667,0.622745224,Highway,Morning,Fog
1418,0,0,0,0,0,0,0.75625,0.216938841,Highway,Evening,Clear
1419,0.69,0,0,0.8,0,0.71,0.71625,0.600544348,Urban,Afternoon,Fog
1420,0.94,0,0,0,0.53,0.49,0.9475,0.705411463,Urban,Night,Rain
1421,0,0,0,0,0,0,0.566666667,0.157967766,Highway,Evening,Clear
1422,0.88,0,0,0,0,0,0.99125,0.535222542,Urban,Night,Rain
1423,0.66,0,0,0,0,0,0.787083333,0.401270146,Highway,Night,Fog
1424,0,0.9,0,0,0.4,0,0.970833333,0.323940655,Rural,Night,Clear
1425,0.41,0,0,0,0,0.8,0.204166667,0.297256911,Highway,Morning,Rain
1426,0.56,0,0.52,0,0,0.85,0.619166667,0.595687907,Highway,Evening,Clear
1427,0.72,0,0,0.8,0,0,0.146666667,0.360337283,Highway,Evening,Clear
1428,0.78,0,0,0.57,0,0,0.350833333,0.413598036,Highway,Evening,Fog
1429,0.55,0,0.59,0,0,0,0.609166667,0.461842246,Highway,Night,Rain
1430,0.48,0,0,0,0,0,0.389583333,0.238285836,Highway,Afternoon,Clear
1431,0.9,0,0,0.68,0.54,0,0.312083333,0.576102039,Highway,Morning,Clear
1432,0,0,0,0,0,0,0.277916667,0.068150283,Rural,Evening,Clear
1433,0.99,0,0,0.52,0,0,0.433333333,0.481801686,Highway,Afternoon,Fog
1434,0.72,0,0,0,0,0.47,0.394583333,0.395186253,Highway,Evening,Rain
1435,0.5,0,0.98,0,0,0,0.058333333,0.429288078,Highway,Morning,Rain
1436,0.56,0,0,0,0,0,0.395416667,0.265716725,Rural,Afternoon,Clear
1437,0.41,0,0,0,0,0,0.613333333,0.303767745,Rural,Evening,Rain
1438,0.95,0,0,0,0,0,0.382083333,0.423044082,Highway,Morning,Clear
1439,0.47,0,0.65,0,0,0,0.745416667,0.512274522,Highway,Afternoon,Fog
1440,0,0,0,0,0,0,0.055416667,0.017237699,Rural,Morning,Clear
1441,0.75,0,0,0,0,0.68,0.743333333,0.503575622,Highway,Night,Fog
1442,0.56,0,0.67,0,0,0,0.715416667,0.555181983,Urban,Evening,Clear
1443,0,0,0.75,0,0,0,0.5025,0.330131284,Rural,Evening,Clear
1444,0.73,0,0.99,0,0,0.44,0.582083333,0.688173765,Highway,Afternoon,Clear
1445,0,0,0.54,0,0,0,0.419583333,0.213950262,Highway,Night,Clear
1446,0.79,0.83,0.81,0.53,0,0,0.76,0.728146013,Highway,Afternoon,Clear
1447,0.9,0,0,0,0,0,0.479166667,0.418934785,Highway,Evening,Fog
1448,0.52,0,0,0,0,0.76,0.55125,0.435318604,Urban,Morning,Clear
1449,0.41,0,0,0,0,0,0.2925,0.203970541,Highway,Evening,Fog
1450,0.48,0,0,0,0,0.56,0.676666667,0.435905646,Highway,Morning,Clear
1451,0.94,0,0,0,0,0,0.65625,0.505123279,Rural,Morning,Fog
1452,0,0.46,0,0,0,0,0.685,0.158181236,Urban,Night,Clear
1453,0.92,0,0,0,0,0.72,0.237916667,0.424218166,Urban,Afternoon,Clear
1454,0,0,0,0,0,0.71,0.559583333,0.210107802,Urban,Night,Clear
1455,0,0,0,0,0,0,0.68625,0.195164906,Urban,Evening,Clear
1456,0,0,0,0,0,0,0.129166667,0.02188067,Highway,Evening,Fog
1457,0,0,0,0,0,0,0.175833333,0.036396627,Highway,Evening,Clear
1458,0.76,0,0,0,0,0,0.615,0.379763048,Rural,Night,Clear
1459,0,0,0.83,0,0,0.95,0.748333333,0.530472836,Rural,Afternoon,Clear
1460,0.76,0,0,0.41,0,0,0.944583333,0.534795603,Rural,Night,Rain
1461,0.8,0,0,0,0,0,0.249583333,0.297203544,Highway,Afternoon,Clear
1462,0.51,0,0.76,0.94,0,0.73,0.431666667,0.706158608,Highway,Morning,Rain
1463,0.95,0,0.45,0,0,0,0.349583333,0.473316256,Urban,Night,Fog
1464,0.65,0,0,0,0,0,0.635833333,0.405913118,Urban,Morning,Clear
1465,0.63,0,0,0,0,0,0.634583333,0.36252535,Highway,Afternoon,Clear
1466,0.71,0,0,0,0,0.75,0.451666667,0.409008432,Urban,Night,Rain
1467,0.43,0,0,0,0,0,0.249583333,0.178727719,Highway,Afternoon,Rain
1468,0,0,0.81,0,0,0.64,0.137916667,0.31406767,Highway,Evening,Clear
1469,0.5,0,0.44,0,0,0.97,0.251666667,0.457039172,Urban,Evening,Clear
1470,0.84,0,0,0,0,0,0.137916667,0.293574554,Highway,Evening,Rain
1471,0.45,0,0.76,0,0,0,0.04375,0.352385527,Rural,Morning,Clear
1472,0.76,0,0.84,0,0,0,0.741666667,0.670936066,Highway,Evening,Clear
1473,0.55,0,0,0,0,0,0.72,0.345180916,Urban,Night,Clear
1474,0.63,0,0,0,0,0,0.344166667,0.308784289,Highway,Morning,Clear
1475,0.57,0,0.53,0,0,0,0.620833333,0.456505497,Urban,Night,Fog
1476,0.61,0,0.9,0,0,0,0.778333333,0.613085708,Highway,Night,Clear
1477,0,0,0,0.53,0,0,0.617083333,0.223236205,Urban,Afternoon,Clear
1478,0,0,0,0,0,0,0.574166667,0.123705838,Highway,Night,Clear
1479,0,0,0.42,0,0,0.87,0.591666667,0.348169495,Highway,Night,Clear
1480,0.83,0,0.91,0,0,0,0.44625,0.63768812,Rural,Morning,Clear
1481,0.58,0.9,0.68,0,0,0,0.6775,0.552353506,Highway,Evening,Clear
1482,0.74,0,0.53,0,0,0.57,0.906666667,0.672857295,Highway,Night,Clear
1483,0.69,0,0,0,0,0.91,0.839583333,0.543761341,Highway,Night,Clear
1484,0.8,0,0,0,0,0,0.382083333,0.375013342,Rural,Morning,Clear
1485,0.96,0,0.48,0,0.71,0.66,0.535416667,0.781246665,Rural,Afternoon,Clear
1486,0.84,0,0,0,0,0,0.534583333,0.416960188,Rural,Evening,Rain
1487,0,0,0,0,0,0,0.54125,0.131764329,Urban,Afternoon,Clear
1488,0.53,0,0.97,0,0,0.9,0.386666667,0.617141637,Highway,Afternoon,Clear
1489,0.42,0,0,0,0,0.89,0.265416667,0.331038531,Urban,Morning,Clear
1490,0.56,0,0,0.54,0,0,0.37625,0.365513929,Highway,Morning,Clear
1491,0.76,0,0,0,0,0,0.4975,0.361511367,Rural,Afternoon,Clear
1492,0.43,0,0.44,0,0,0,0.867916667,0.483776283,Highway,Afternoon,Clear
1493,0.7,0,0,0,0,0,0.797083333,0.453783755,Urban,Evening,Rain
1494,0,0,0.52,0,0,0,0.381666667,0.197032768,Rural,Night,Clear
1495,0.76,0,0.61,0.57,0,0.51,0.571666667,0.715764756,Urban,Morning,Rain
1496,0,0,0,0,0,0,0.745416667,0.195271641,Urban,Afternoon,Rain
1497,0.6,0,0,0,0,0,0.547916667,0.307663571,Highway,Night,Clear
1498,0.86,0,0,0,0,0,0.542083333,0.389102359,Urban,Night,Rain
1499,0,0.8,0,0.48,0,0,0.032083333,0.071459067,Highway,Morning,Clear
1500,0,0,0.77,0,0,0,0.665833333,0.386060412,Highway,Evening,Clear
1501,0.46,0,0,0,0,0,0.268333333,0.23076102,Urban,Morning,Fog
1502,0.45,0,0.73,0,0,0.82,0.4225,0.512648095,Urban,Night,Clear
1503,0.84,0,0,0,0,0,0.701666667,0.450635073,Highway,Afternoon,Rain
1504,0,0,0,0.78,0,0.57,0.1875,0.212936279,Highway,Evening,Clear
1505,0,0,0,0,0,0,0.375,0.080051233,Rural,Afternoon,Clear
1506,0.7,0,0.48,0.45,0,0,0.363333333,0.481161277,Urban,Afternoon,Rain
1507,0.81,0,0,0,0.63,0,0.48125,0.530099264,Highway,Morning,Clear
1508,0.66,0,0.57,0,0,0,0.544166667,0.49002028,Urban,Afternoon,Rain
1509,0.55,0,0,0,0,0,0.695833333,0.355961148,Rural,Afternoon,Clear
1510,0.89,0,0,0.48,0,0,0.671666667,0.537090405,Highway,Evening,Clear
1511,0,0,0,0,0.67,0.58,0.57625,0.345661223,Highway,Afternoon,Fog
1512,0,0,0.54,0,0.99,0.58,0.368333333,0.499092753,Highway,Evening,Clear
1513,0.88,0,0,0,0,0,0.750416667,0.496904686,Urban,Evening,Rain
1514,0.82,0,0,0,0,0.84,0.479166667,0.500907247,Highway,Evening,Rain
1515,0,0,0,0,0,0.54,0.965,0.314441242,Highway,Night,Clear
1516,0,0,0,0,0,0.4,0.2925,0.123919308,Rural,Evening,Clear
1517,0.56,0,0,0,0,0,0.735833333,0.389902871,Highway,Evening,Clear
1518,0,0,0,0,0.61,0.83,0.347916667,0.31342726,Highway,Evening,Rain
1519,0.75,0,0.53,0.79,0,0.5,0.289583333,0.612925606,Rural,Evening,Clear
1520,0,0,0,0,0,0,0.859166667,0.230654285,Urban,Afternoon,Clear
1521,0.62,0,0,0,0,0.46,0.380833333,0.339310492,Highway,Afternoon,Clear
1522,0.45,0,0,0,0,0,0.627916667,0.321112178,Rural,Evening,Clear
1523,0,0,0,0.6,0,0,0.334166667,0.144198954,Rural,Afternoon,Rain
1524,0.95,0,0,0,0,0,0.280833333,0.373252215,Highway,Evening,Clear
1525,0,0,0,0,0,0,0.714166667,0.167253709,Urban,Night,Rain
1526,0.48,0,0,0,0,0.54,0.405,0.293948127,Urban,Night,Clear
1527,0.97,0.82,0,0,0,0,0.346666667,0.363539332,Urban,Night,Rain
1528,0,0,0,0.82,0,0,0.67375,0.314601345,Urban,Morning,Clear
1529,0.67,0,0,0,0.67,0.63,0.396666667,0.547336962,Highway,Morning,Clear
1530,0.51,0,0,0,0,0,0.460833333,0.306649589,Urban,Morning,Rain
1531,0.73,0,0,0,0.48,0.69,0.1525,0.44348383,Highway,Evening,Clear
1532,0.92,0,0,0,0,0.43,0.519166667,0.511153805,Rural,Morning,Rain
1533,0.84,0,0,0,0,0.98,0.28,0.481588216,Highway,Morning,Fog
1534,0,0,0,0,0,0,0.822083333,0.200821859,Urban,Night,Rain
1535,0.88,0,0,0,0,0.83,0.3925,0.473583093,Highway,Afternoon,Clear
1536,0,0,0,0,0,0.59,0.361666667,0.18806703,Urban,Morning,Clear
1537,0.8,0,0,0,0,0,0.27,0.303554275,Highway,Afternoon,Rain
1538,0.82,0,0.65,0,0,0,0.7475,0.643291707,Highway,Evening,Clear
1539,0.91,0,0,0,0,0,0.795,0.502081332,Highway,Afternoon,Clear
1540,0.55,0,0,0,0,0,0.56,0.350304195,Highway,Morning,Clear
1541,0.69,0,0.82,0,0,0,0.442083333,0.531913758,Urban,Afternoon,Clear
1542,0.53,0,0.53,0,0,0,0.697083333,0.52230761,Urban,Morning,Rain
1543,0.99,0,0.62,0,0,0,0.330416667,0.560305262,Highway,Evening,Rain
1544,0.97,0,0,0,0,0,0.635416667,0.453356815,Highway,Night,Fog
1545,0.42,0,0.63,0,0.43,0,0.615416667,0.56991141,Urban,Morning,Rain
1546,0.82,0.62,0,0,0,0,0.59875,0.43051553,Highway,Evening,Clear
1547,0.96,0,0,0.73,0.87,0,0.787083333,0.75797844,Urban,Night,Clear
1548,0.51,0,0.99,0,0,0,0.175833333,0.453303448,Rural,Evening,Fog
1549,0.74,0,0.97,0,0,0.59,0.46375,0.705251361,Highway,Morning,Clear
1550,0,0,0.88,0,0,0,0.326666667,0.32703597,Urban,Morning,Rain
1551,0.95,0,0,0.55,0,0,0.509166667,0.496424378,Urban,Afternoon,Clear
1552,0,0,0,0.79,0,0,0.379166667,0.219126908,Urban,Morning,Clear
1553,0.42,0,0.54,0,0,0,0.55375,0.390169709,Highway,Night,Fog
1554,0.82,0,0,0,0,0.67,0.66375,0.518251681,Urban,Afternoon,Clear
1555,0.58,0,0,0,0,0,0.407083333,0.275749813,Rural,Afternoon,Clear
1556,0.95,0,0,0,0,0,0.785416667,0.530205999,Urban,Evening,Clear
1557,0.98,0,0,0,0,0.78,0.1575,0.462696126,Highway,Morning,Rain
1558,0.97,0,0,0.47,0,0,0.78625,0.578770413,Rural,Afternoon,Clear
1559,0.68,0,0.44,0.72,0.74,0,0.512083333,0.687533355,Urban,Afternoon,Clear
1560,0.92,0,0,0,0,0,0.562916667,0.469687267,Rural,Morning,Rain
1561,0.91,0,0.59,0,0,0,0.941666667,0.680542214,Highway,Night,Rain
1562,0.59,0,0,0,0.86,0,0.6075,0.524815882,Urban,Evening,Clear
1563,0.9,0,0.56,0,0,0,0.25375,0.510566763,Urban,Morning,Rain
1564,0.42,0,0,0,0,0.49,0.76,0.397054115,Rural,Afternoon,Rain
1565,0,0,0,0,0.49,0,0.249583333,0.135179848,Highway,Afternoon,Clear
1566,0,0,0,0,0.74,0.51,0.897916667,0.431903085,Rural,Night,Clear
1567,0.76,0,0,0,0,0,0.377083333,0.342352439,Highway,Evening,Clear
1568,0.54,0,0,0,0,0,0.682083333,0.330184652,Rural,Night,Clear
1569,0.47,0,0,0,0,0,0.639583333,0.331145266,Rural,Evening,Clear
1570,0.45,0,0,0,0.55,0,0.685,0.407941082,Urban,Night,Clear
1571,0.82,0,0.7,0,0,0,0.52375,0.56820365,Highway,Afternoon,Clear
1572,0,0,0,0,0,0,0.708333333,0.165439214,Rural,Night,Clear
1573,0.6,0,0.87,0,0,0,0.660833333,0.583947059,Urban,Afternoon,Rain
1574,0.83,0,0,0,0,0.92,0.635416667,0.526363539,Urban,Night,Rain
1575,0.44,0,0,0.66,0,0,0.79125,0.45325008,Urban,Evening,Clear
1576,0.59,0,0,0,0,0,0.78625,0.396894012,Rural,Afternoon,Clear
1577,0,0,0,0,0,0.55,0.189583333,0.12941616,Highway,Morning,Rain
1578,0,0,0.91,0,0,0,0.339166667,0.320311666,Rural,Evening,Rain
1579,0,0,0,0,0.54,0,0.202083333,0.148308251,Highway,Evening,Clear
1580,0.72,0,0,0,0,0,0.797083333,0.460187854,Urban,Evening,Rain
1581,0,0,0.91,0,0,0,0.501666667,0.389155726,Highway,Morning,Clear
1582,0.87,0,0,0,0,0,0.319583333,0.341391824,Rural,Afternoon,Clear
1583,0.59,0,0,0,0,0,0.164166667,0.221688547,Highway,Evening,Clear
1584,0.78,0,0.62,0.56,0,0,0.97375,0.728306116,Highway,Night,Rain
1585,0,0.93,0,0,0,0,0.555833333,0.136300566,Highway,Afternoon,Clear
1586,0.93,0,0,0,0,0,0.932916667,0.533087843,Highway,Night,Rain
1587,0,0,0,0,0,0,0.76375,0.182676913,Urban,Night,Rain
1588,0.77,0,0,0,0,0.63,0.554166667,0.499626428,Highway,Morning,Clear
1589,0.54,0,0,0,0,0,0.5025,0.310918988,Rural,Evening,Clear
1590,0.41,0,0,0,0,0,0.80375,0.344700608,Urban,Afternoon,Clear
1591,0.92,0,0,0,0,0.92,0.32375,0.513128402,Highway,Morning,Rain
1592,0.41,0,0.81,0,0,0,0.897083333,0.581225318,Urban,Afternoon,Rain
1593,0.92,0,0,0,0,0,0.240833333,0.332906393,Urban,Afternoon,Clear
1594,0.72,0,0,0,0,0.8,0.679583333,0.54440175,Rural,Morning,Fog
1595,0.96,0.84,0,0.76,0,0,0.394583333,0.509179208,Urban,Evening,Clear
1596,0,0,0,0,0,0,0.590833333,0.147187533,Urban,Afternoon,Rain
1597,0.88,0,0,0.92,0,0,0.704583333,0.582185932,Highway,Afternoon,Fog
1598,0,0,0,0,0,0,0.533333333,0.111004376,Highway,Night,Fog
1599,1,0.47,0.59,0,0,0,0.749166667,0.649482335,Rural,Night,Rain
1600,0.61,0,0,0,0,0,0.82125,0.414185078,Highway,Afternoon,Rain
1601,0,0,0.44,0,0.41,0,0.876666667,0.427580318,Highway,Afternoon,Rain
1602,0.86,0,0,1,0,0,0.158333333,0.434411357,Urban,Evening,Clear
1603,0.64,0,0.82,0,0,0.61,0.792083333,0.702903191,Urban,Afternoon,Rain
1604,0.69,0,0,0,0,0.81,0.81625,0.523695165,Urban,Night,Clear
1605,0,0,0,0,0.48,0.41,0.4975,0.262888248,Rural,Afternoon,Clear
1606,0,0,0,0,0,0,0.347083333,0.107962429,Highway,Morning,Clear
1607,0.78,0,0.41,0.76,0.59,0,0.259583333,0.646226919,Highway,Morning,Clear
1608,0.92,0,0,0,0,0,0.63,0.490553955,Highway,Morning,Clear
1609,0,0,0,0,0,0,0.107916667,0.03356815,Highway,Morning,Rain
1610,0.99,0,0.65,0,0,0.84,0.3875,0.656740314,Rural,Night,Rain
1611,0.86,0,0,0,0,0,0.45875,0.399775857,Highway,Evening,Clear
1612,0,0,0.6,0,0.47,0,0.251666667,0.303981215,Rural,Evening,Rain
1613,0,0.64,0.82,0,0,0.69,0.53625,0.410342619,Highway,Night,Clear
1614,0,0,0,0,0,0,0.70375,0.200608389,Highway,Evening,Clear
1615,0.65,0,0,0,0,0,0.578333333,0.369729961,Urban,Evening,Rain
1616,0.65,0,0,0,0,0.89,0.63875,0.520813321,Highway,Morning,Clear
1617,0.84,0,0.86,0,0,0,0.6725,0.661863593,Highway,Afternoon,Clear
1618,0,0,0,0,0,0,0.14375,0.026416907,Highway,Evening,Clear
1619,0.54,0,0,0,0,0.97,0.407916667,0.369142918,Urban,Night,Fog
1620,0.47,0,0,0,0,0,0.468333333,0.259579464,Highway,Afternoon,Clear
1621,0.61,0,0,0,0,0.96,0.328333333,0.383818977,Highway,Afternoon,Rain
1622,0.57,0,0,0,0,0,0.640416667,0.345127548,Highway,Afternoon,Clear
1623,0.58,0,0.58,0.64,0,0,0.48875,0.531700288,Urban,Afternoon,Rain
1624,0.54,0,0,0.54,0,0,0.59,0.407300672,Rural,Evening,Clear
1625,0.43,0,0,0,0,0,0.90375,0.363912904,Highway,Night,Clear
1626,0.41,0,0.89,0,0,0.95,0.410833333,0.553847796,Urban,Night,Rain
1627,0.99,0,0,0,0,0,0.333333333,0.402390863,Rural,Evening,Rain
1628,0.66,0,0,0.55,0,0,0.56,0.455971822,Highway,Morning,Fog
1629,0,0,0.58,0.69,0,0.71,0.342916667,0.397961362,Highway,Afternoon,Rain
1630,0.63,0,0,0,0,0,0.665833333,0.390543281,Highway,Evening,Clear
1631,0,0,0,0,0,0,0.51,0.103746398,Rural,Night,Clear
1632,0,0,0,0,0.99,0.62,0.670833333,0.478279432,Urban,Morning,Rain
1633,0,0,0,0,0,0,0.51875,0.10646814,Urban,Night,Clear
1634,0,0,0.67,0,0,0.68,0.416666667,0.333440068,Rural,Night,Clear
1635,0.81,0.93,0,0.62,0,0,0.42875,0.472142171,Highway,Morning,Clear
1636,0.53,0,0,0.95,0,0.81,0.994166667,0.649482335,Highway,Night,Rain
1637,0,0,0.84,0,0,0,0.697916667,0.413971608,Urban,Evening,Clear
1638,0.97,0,0,0,0,0.93,0.708333333,0.595154232,Rural,Night,Clear
1639,0,0,0,0,0,0,0.689166667,0.196072153,Highway,Evening,Rain
1640,0,0,0,0,0,0,0.496666667,0.136193831,Urban,Evening,Clear
1641,0,0,0.82,0,0,0,0.655833333,0.359163198,Highway,Night,Clear
1642,0.87,0,0,0.62,0,0,0.219583333,0.40799445,Highway,Evening,Rain
1643,0,0,0,0,0,0.52,0.73375,0.258245277,Highway,Afternoon,Clear
1644,0.45,0,0,0.62,0,0,0.704583333,0.40607322,Rural,Afternoon,Clear
1645,0.65,0,0,0,0,0,0.3525,0.262888248,Highway,Night,Rain
1646,0,0,0,0,0,0.95,0.885416667,0.360497385,Urban,Afternoon,Clear
1647,0.93,0,0,0,0,0,0.249583333,0.338830185,Urban,Afternoon,Clear
1648,0.97,0,0,0.63,0,0.89,0.571666667,0.683103853,Highway,Morning,Clear
1649,0,0,0,0,0,0.99,0.482916667,0.240420536,Highway,Afternoon,Fog
1650,0.68,0,0,0,0,0,0.167083333,0.251414238,Highway,Evening,Clear
1651,0.77,0,0.99,0,0,0.93,0.3675,0.733589497,Rural,Morning,Rain
1652,0,0,0,0,0,0.57,0.824166667,0.292774042,Urban,Afternoon,Clear
1653,0.5,0,0,0,0,0,0.429583333,0.275429608,Highway,Evening,Clear
1654,0.99,0,0.54,0,0,0.46,0.34,0.583413385,Rural,Afternoon,Clear
1655,0.54,0,0,0,0,0,0.172916667,0.208400043,Rural,Evening,Rain
1656,0.97,0,0.8,0,0,0.47,0.657916667,0.743782688,Urban,Afternoon,Clear
1657,0,0,0.77,0,0,0.57,0.771666667,0.473689828,Highway,Afternoon,Clear
1658,0.79,0,0,0,0,0,0.522916667,0.397320952,Highway,Evening,Clear
1659,0.76,0,0,0,0,0,0.37125,0.340537944,Highway,Evening,Clear
1660,0.71,0,0.95,0,0,0.77,0.66375,0.739193084,Highway,Afternoon,Rain
1661,0.54,0,0.49,0,0,0,0.583333333,0.479880457,Rural,Morning,Fog
1662,0.51,0,0,0,0,0,0.670416667,0.316949514,Highway,Night,Rain
1663,0.53,0.43,0.85,0,0,0,0.510416667,0.546216245,Rural,Morning,Clear
1664,0.51,0,0.74,0,0,0.88,0.3575,0.540185719,Urban,Afternoon,Fog
1665,0.87,0,0,0,0,0,0.619166667,0.452876508,Urban,Evening,Clear
1666,0.61,0,0,0,0,0.94,0.76375,0.498398975,Highway,Night,Rain
1667,0,0,0.56,0,0,0,0.386666667,0.227132031,Highway,Afternoon,Clear
1668,0.43,0,0.68,0,0,0,0.422916667,0.443430462,Urban,Morning,Clear
1669,0.98,0,0,0.9,0,0,0.40625,0.537143772,Urban,Evening,Fog
1670,0.93,0,0.6,0,0,0,0.92125,0.683157221,Highway,Night,Clear
1671,0.96,0,0,0,0,0,0.246666667,0.347529085,Highway,Afternoon,Clear
1672,0,0,0,0,0,0.77,0.769583333,0.283114527,Highway,Night,Rain
1673,1,0,0.75,0.79,0,0,0.73375,0.805155299,Urban,Afternoon,Clear
1674,0,0,0.93,0,0,0,0.381666667,0.302059985,Urban,Night,Clear
1675,0.5,0,0,0,0,0,0.449166667,0.299818551,Urban,Morning,Clear
1676,0.64,0,0.74,0,0,0.4,0.207916667,0.492101612,Urban,Evening,Rain
1677,0.85,0,0,0.77,0,0,0.845416667,0.578877148,Urban,Night,Clear
1678,0.82,0,0.78,0,0,0,0.50625,0.583253282,Highway,Afternoon,Clear
1679,0.49,0,0,0,0,0.51,0.664583333,0.374052727,Highway,Night,Clear
1680,0.89,0,0.71,0,0,0,0.508333333,0.60668161,Urban,Evening,Rain
1681,0.53,0,0,0,0,0,0.622916667,0.326875867,Highway,Afternoon,Clear
1682,0,0,0.43,0.6,0,0,0.090416667,0.215124346,Highway,Morning,Clear
1683,0.53,0,0.54,0,0,0,0.435416667,0.425178781,Urban,Evening,Clear
1684,0.72,0,0,0,0,0,0.675416667,0.404045256,Urban,Afternoon,Clear
1685,0.76,0,0,0,0.59,0,0.40625,0.464777458,Highway,Evening,Rain
1686,0.75,0,0,0,0.48,0,0.624166667,0.526523642,Highway,Morning,Clear
1687,0,0,0,0.89,0,0,0.510416667,0.272761234,Urban,Morning,Fog
1688,0,0,0,0,0,0,0.60375,0.187800192,Highway,Morning,Clear
1689,0.45,0,0.7,0.42,0,0,0.695,0.575088056,Highway,Evening,Rain
1690,0.93,0,0.59,0,0,0,0.16625,0.50064041,Rural,Morning,Clear
1691,0.56,0,0,0,0,0,0.50625,0.300192123,Urban,Afternoon,Rain
1692,0.48,0,0,0,0,0.46,0.315833333,0.292560572,Highway,Evening,Clear
1693,0.93,0,0.51,0,0,0.62,0.6375,0.669548511,Highway,Afternoon,Rain
1694,0.97,0,0.7,0,0,0,0.9,0.733269292,Urban,Afternoon,Clear
1695,0.92,0,0.59,0,0,0.7,0.4275,0.631764329,Rural,Afternoon,Clear
1696,0.89,0,0.55,0,0,0,0.552083333,0.579304088,Highway,Evening,Clear
1697,0.79,0,0.68,0.92,0,0,0.54125,0.676753122,Highway,Afternoon,Rain
1698,0,0,0.48,0,0,0,0.491666667,0.239299819,Rural,Afternoon,Rain
1699,0.73,0,0,0,0,0,0.836666667,0.439107696,Rural,Night,Clear
1700,0,0,0,0,0,0,0.370416667,0.115220408,Urban,Morning,Clear
1701,0.45,0,0,0,0.52,0,0.207916667,0.290372505,Urban,Evening,Clear
1702,0.65,0,0,0,0,0,0.785416667,0.434144519,Highway,Evening,Clear
1703,0,0,0,0,0,0,0.614166667,0.154445512,Urban,Afternoon,Clear
1704,0.62,0,0,0,0,0.43,0.794166667,0.482335361,Highway,Evening,Clear
1705,0.56,0,0,0,0,0,0.6425,0.360870957,Highway,Evening,Clear
1706,0,0,0,0,0,0,0.494583333,0.117248372,Urban,Afternoon,Fog
1707,0.83,0,0,0,0,0,0.605416667,0.417493863,Urban,Afternoon,Clear
1708,0.7,0,0.96,0,0,0,0.449166667,0.609776924,Urban,Morning,Clear
1709,0,0,0,0,0,0,0.34375,0.052033301,Urban,Night,Clear
1710,0.45,0,0.92,0,0,0.61,0.760833333,0.639662717,Highway,Night,Clear
1711,0.53,0.98,0,0,0,0.51,0.229166667,0.269719287,Highway,Afternoon,Clear
1712,0,0,0,0.71,0,0.79,0.517916667,0.316629309,Urban,Afternoon,Clear
1713,0.81,0,0,0,0,0,0.374166667,0.357455438,Highway,Evening,Clear
1714,0.45,0,0,0,0,0,0.601666667,0.312946953,Urban,Evening,Clear
1715,0.91,0,0.82,0,0,0.68,0.407916667,0.660529405,Highway,Night,Clear
1716,0.7,0,0,0,0,0,0.342083333,0.312253175,Highway,Evening,Clear
1717,0.69,0,0.46,0,0,0.7,0.137916667,0.45303661,Rural,Evening,Rain
1718,0.76,0,0,0,0,0,0.718333333,0.448500374,Urban,Evening,Clear
1719,0.89,0,0.87,0,0,0,0.606666667,0.69655246,Rural,Morning,Rain
1720,0.61,0.81,0,0,0,0,0.360416667,0.270840004,Highway,Afternoon,Clear
1721,0.81,0,0,0,0,0,0.592916667,0.425498986,Urban,Evening,Clear
1722,0.74,0,0,0,0.75,0,0.704583333,0.563614046,Urban,Afternoon,Clear
1723,0.56,0,0,0,0,0,0.468333333,0.288397908,Urban,Afternoon,Rain
1724,0.93,0,0.88,0.64,0,0,0.73375,0.796829971,Urban,Afternoon,Clear
1725,0.88,0,0.86,0,0,0.66,0.298333333,0.661116448,Urban,Evening,Rain
1726,0.8,0,0,0,0,0,0.320833333,0.355961148,Urban,Morning,Clear
1727,0.91,0,0,0,0.44,0,0.706666667,0.577436226,Urban,Evening,Clear
1728,0,0,0,0,0,0,0.8,0.23054755,Highway,Evening,Clear
1729,0,0,0,0,0,0.97,0.433333333,0.222435692,Urban,Afternoon,Rain
1730,0.92,0,0.47,0,0,0.53,0.293333333,0.537517344,Highway,Afternoon,Clear
1731,0.83,0,0,0,0,0,0.469583333,0.411836909,Urban,Morning,Rain
1732,0,0,0,0,0,0,0.640416667,0.162610738,Urban,Afternoon,Clear
1733,0,0,0.79,0,0,0.71,0.906666667,0.520439748,Highway,Night,Clear
1734,0.9,0.78,0.9,0,0,0,0.491666667,0.635073113,Highway,Afternoon,Rain
1735,0,0,0.75,0,0,0,0.615,0.328530259,Rural,Night,Clear
1736,0.82,0,0,0,0,0,0.180833333,0.318817376,Highway,Morning,Rain
1737,0.81,0,0.79,0,0.92,0,0.76,0.83829651,Urban,Afternoon,Clear
1738,0.77,0,0,0,0,0.84,0.235,0.390650016,Highway,Afternoon,Clear
1739,0,0,0.68,0,0,0,0.282916667,0.262194471,Urban,Morning,Clear
1740,0.85,0,0.72,0,0,0.73,0.667916667,0.757871705,Highway,Morning,Rain
1741,0.5,0,0,0,0,0.96,0.525833333,0.428327463,Rural,Evening,Clear
1742,0,0,0,0,0,0,0.515,0.123599103,Highway,Afternoon,Rain
1743,0.93,0,0,0.7,0,0,0.73875,0.598943324,Rural,Evening,Clear
1744,0.92,0,0,0,0,0,0.561666667,0.432703597,Urban,Afternoon,Rain
1745,0.42,0,0,0,0,0,0.447916667,0.237218486,Highway,Afternoon,Rain
1746,0.9,0,0.42,0,0,0,0.883333333,0.615647348,Highway,Night,Clear
1747,0.48,0.56,0,0,0.98,0.63,0.339166667,0.509872985,Highway,Evening,Clear
1748,0.6,0,0.78,0,0,0.68,0.56875,0.655939801,Rural,Morning,Clear
1749,0.85,0,0.45,0,0,0.45,0.835833333,0.668481161,Urban,Afternoon,Clear
1750,0.5,0,0,0,0,0.77,0.545416667,0.42838083,Rural,Morning,Clear
1751,0,0,0,0,0.55,0,0.495833333,0.259899669,Urban,Morning,Clear
1752,0.89,0,0,0,0,0,0.14375,0.311399296,Rural,Evening,Rain
1753,0.9,0,0,0,0,0,0.320833333,0.387981642,Urban,Morning,Clear
1754,0.7,0,0.66,0,0,0,0.105,0.425872558,Highway,Morning,Rain
1755,0.4,0,0.58,0,0,0.57,0.565833333,0.525669762,Highway,Morning,Clear
1756,0.57,0,0.73,0,0,0,0.212916667,0.435745544,Highway,Morning,Rain
1757,0.77,0,0.48,0,0,0.5,0.445,0.535382645,Urban,Afternoon,Clear
1758,0,0,0.81,0,0,0,0.667916667,0.415252428,Highway,Morning,Clear
1759,0.99,0,0,0,0,0,0.415833333,0.409755577,Highway,Afternoon,Clear
1760,0,0,0,0,0,0.73,0.415833333,0.186252535,Highway,Afternoon,Clear
1761,0.78,0,0.88,0,0,0.72,0.475416667,0.715284449,Urban,Morning,Clear
1762,0.56,0.55,0,0,0,0,0.49875,0.334454051,Rural,Morning,Clear
1763,0.78,0,0,0,0,0,0.186666667,0.307823674,Rural,Morning,Clear
1764,0.72,0,0.5,0,0,0,0.556666667,0.476891877,Urban,Night,Rain
1765,0,0,0.46,0,0,0,0.64625,0.282260647,Urban,Afternoon,Clear
1766,0,0,0,0,0,0.45,0.727916667,0.247465044,Rural,Afternoon,Clear
1767,0,0,0.49,0,0,0.82,0.765,0.450208133,Rural,Evening,Clear
1768,0.87,0,0,0,0,0,0.381666667,0.342405806,Highway,Night,Clear
1769,0.46,0,0,0,0,0,0.286666667,0.218166293,Highway,Evening,Clear
1770,0.86,0.97,0,0,0,0,0.50125,0.376400897,Rural,Night,Clear
1771,0.72,0,0,0,0,0,0.604583333,0.400309531,Highway,Evening,Rain
1772,0,0.58,0,0,0,0,0.452083333,0.140623332,Rural,Morning,Clear
1773,0.98,0,0,0,0,0,0.636666667,0.493542534,Highway,Evening,Clear
1774,0.61,0,0,0,0,0.77,0.85625,0.523695165,Urban,Afternoon,Clear
1775,0.78,0,0,0,0,0,0.827916667,0.4523962,Highway,Night,Clear
1776,0,0,0,0,0,0,0.89125,0.240634006,Highway,Afternoon,Clear
1777,0.96,0,0,0.8,0,0.51,0.540416667,0.624986658,Highway,Evening,Clear
1778,0.46,0,0,0.41,0,0,0.422916667,0.331358736,Highway,Morning,Rain
1779,0.96,0,0.93,0,0,0,0.792083333,0.7554168,Highway,Afternoon,Clear
1780,0,0,0,0,0,0,0.76875,0.202529619,Rural,Afternoon,Clear
1781,0.81,0,0.72,0,0,0,0.6125,0.634325969,Rural,Morning,Rain
1782,0.44,0,0.68,0,0,0,0.37875,0.378001921,Highway,Night,Clear
1783,0.58,0,0,0,0,0.68,0.72,0.441882805,Rural,Night,Clear
1784,0,0,0.46,0,0,0,0.87375,0.353025937,Rural,Afternoon,Clear
1785,0.82,0,0,0,0.67,0,0.718333333,0.596435052,Highway,Evening,Clear
1786,0.44,0.87,0,0,0,0,0.615,0.27729747,Urban,Night,Rain
1787,0,0,0,0,0,0,0.391666667,0.103532928,Highway,Evening,Rain
1788,0.75,0,0,0,0,0,0.748333333,0.436332586,Urban,Afternoon,Clear
1789,0.61,0,0,0,0,0,0.295416667,0.268918775,Highway,Evening,Clear
1790,0.77,0,0.79,0,0,0,0.867916667,0.682303341,Urban,Afternoon,Clear
1791,0.43,0.64,0,0,0,0,0.569583333,0.296563134,Highway,Evening,Clear
1792,0,0,0.92,0,0,0,0.52,0.379122638,Highway,Evening,Fog
1793,0,0,0.9,0,0,0,0.8475,0.457572847,Rural,Afternoon,Clear
1794,0,0,0,0,0,0,0.321666667,0.081758992,Rural,Evening,Clear
1795,0,0,0,0,0,0,0.509166667,0.121784609,Rural,Afternoon,Clear
1796,0,0,0.78,0,0,0,0.307083333,0.277030633,Highway,Evening,Clear
1797,0,0,0.45,0,0,0,0.290416667,0.169014836,Urban,Afternoon,Clear
1798,0.92,0,0,0,0,0,0.692083333,0.491567937,Urban,Evening,Clear
1799,0.98,0,0.47,0,0.41,0.83,0.55125,0.790746077,Urban,Morning,Clear
1800,0.98,0,0,0,0,0,0.762916667,0.514515957,Urban,Afternoon,Clear
1801,0.85,0,0,0,0,0,0.63375,0.451008646,Rural,Evening,Rain
1802,0,0,0,0,0,0,0.1925,0.059878322,Highway,Morning,Clear
1803,0.48,0,0.43,0,0,0,0.445833333,0.34763582,Urban,Night,Clear
1804,0.85,0,0,0.92,0,0,0.759166667,0.607855694,Highway,Evening,Clear
1805,0,0,0,0,0.78,0,0.495833333,0.30408795,Urban,Morning,Rain
1806,0.41,0,0,0,0,0.72,0.766666667,0.407087202,Rural,Night,Clear
1807,0.41,0,0,0,0,0,0.56375,0.288344541,Highway,Evening,Clear
1808,0.59,0,0,0,0,0.64,0.39625,0.339257125,Urban,Night,Clear
1809,0.69,0,0,0,0,0,0.315833333,0.3008859,Highway,Evening,Rain
1810,0,0,0.55,0,0,0,0.876666667,0.376987939,Highway,Afternoon,Clear
1811,0.86,0,0.48,0,0,0.59,0.454583333,0.560411997,Highway,Night,Clear
1812,0,0,0,0.67,0,0.77,0.809583333,0.399669122,Highway,Afternoon,Clear
1813,0,0,0.56,0,0,0,0.325416667,0.208079838,Urban,Afternoon,Rain
1814,0,0,0,0,0,0,0.80375,0.213416587,Urban,Afternoon,Clear
1815,0,0,0,0,0,0.96,0.573333333,0.264702743,Highway,Afternoon,Clear
1816,0.81,0,0.63,0,0,0,0.950416667,0.66149002,Highway,Night,Clear
1817,0.67,0,0,0.61,0,0,0.62875,0.451649055,Rural,Afternoon,Clear
1818,0.56,0,0.97,0,0,0.8,0.859166667,0.760913651,Rural,Afternoon,Rain
1819,0,0,0,0.48,0,0,0.69875,0.24223503,Urban,Afternoon,Clear
1820,1,0,0.77,0,0,0,0.55875,0.654658982,Highway,Afternoon,Rain
1821,0.66,0,0.9,0.66,0,0,0.643333333,0.689934892,Urban,Afternoon,Fog
1822,0.67,0,0,0,0,0,0.766666667,0.398121464,Urban,Night,Fog
1823,0,0,0,0.7,0,0,0.689166667,0.285729534,Highway,Evening,Rain
1824,0.5,0,0,0,0,0,0.66375,0.329971182,Urban,Afternoon,Clear
1825,0,0,0,0,0.65,0.44,0.417916667,0.292934145,Highway,Evening,Rain
1826,0.88,0,0,0,0.56,0,0.8425,0.596541787,Highway,Night,Clear
1827,0.82,0,0.83,0,0,0.68,0.380833333,0.644145587,Highway,Afternoon,Clear
1828,0.53,0,0,0,0,0,0.69875,0.350464297,Urban,Afternoon,Clear
1829,0.45,0,0,0,0,0,0.465416667,0.252268118,Urban,Afternoon,Clear
1830,0.81,0,0,0,0,0,0.608333333,0.411997011,Urban,Afternoon,Clear
1831,0.79,0,0,0,0,0.93,0.37875,0.434998399,Urban,Night,Clear
1832,0,0,0,0,0,0.46,0.967916667,0.305101932,Rural,Night,Clear
1833,0.56,0,0,0,0,0,0.489583333,0.276710428,Highway,Night,Fog
1834,0.97,0,0,0,0,0,0.359583333,0.404151991,Urban,Evening,Fog
1835,0.49,0,0.47,0,0,0.99,0.164166667,0.436866261,Urban,Evening,Clear
1836,0,0,0.84,0,0,0,0.040833333,0.227879176,Highway,Morning,Clear
1837,0,0,0,0,0,0,0.935833333,0.236204504,Highway,Night,Rain
1838,0.66,0,0,0.64,0,0,0.469166667,0.384352652,Highway,Night,Clear
1839,0,0,0,0,0.52,0.97,0.75625,0.441082293,Rural,Evening,Clear
1840,0.97,0,0,0,0,0,0.304166667,0.386914292,Highway,Evening,Clear
1841,0.65,0,0,0,0.79,0.45,0.819166667,0.617461842,Highway,Night,Clear
1842,0.78,0,0.57,0,0,0,0.57625,0.538424592,Urban,Afternoon,Rain
1843,0.64,0,0,0,0,0,0.447083333,0.325701782,Urban,Evening,Clear
1844,0,0,0,0,0,0.96,0.944583333,0.36188494,Highway,Night,Clear
1845,0,0,0.78,0,0,0,0.290416667,0.253548938,Highway,Afternoon,Clear
1846,0,0,0.6,0,0,0,0.565833333,0.329704344,Urban,Morning,Clear
1847,0.56,0,0,0,0.65,0.62,0.93,0.617995517,Highway,Night,Clear
1848,0.99,0,0,0,0,0,0.766666667,0.500587042,Highway,Night,Fog
1849,0.65,0,0,0.81,0,0.91,0.697083333,0.645266304,Rural,Morning,Clear
1850,0,0.48,0,0,0,0.65,0.779583333,0.307450101,Highway,Evening,Clear
1851,0.94,0,0,0,0,0,0.695,0.498879283,Highway,Evening,Rain
1852,0.54,0,0,0,0,0,0.275,0.240153698,Highway,Evening,Clear
1853,0.53,0,0,0,0,0,0.517083333,0.312253175,Highway,Evening,Clear
1854,0.42,0,1,0,0,0,0.417916667,0.502348169,Highway,Evening,Rain
1855,0.79,0,0,0,0.51,0.66,0.237083333,0.490927527,Urban,Evening,Clear
1856,0.62,0,0,0,0,0,0.245833333,0.25669762,Rural,Evening,Fog
1857,0.92,0,0,0.65,0.81,0,0.565833333,0.709467392,Highway,Morning,Clear
1858,0.68,0,0,0.98,0,0,0.69125,0.558277297,Rural,Morning,Clear
1859,0.98,0,0.56,0.76,0,0,0.809583333,0.769826022,Highway,Afternoon,Fog
1860,0.51,0,0,0,0,0,0.92125,0.394972783,Rural,Night,Clear
1861,0.92,0,0.57,0,0,0,0.337083333,0.508859003,Rural,Afternoon,Fog
1862,0.87,0,0,0,0,0,0.16125,0.310438681,Urban,Evening,Clear
1863,0.86,0,0,0,0,0,0.944583333,0.514302487,Urban,Night,Rain
1864,0,0,0,0,0,0,0.256666667,0.079837763,Urban,Morning,Clear
1865,0,0,0.96,0,0,0.78,0.697083333,0.562653432,Highway,Morning,Rain
1866,0.91,0,0,0,0,0.86,0.897083333,0.643985484,Highway,Afternoon,Rain
1867,0,0,0,0.88,0,0,0.85125,0.322606468,Urban,Night,Clear
1868,0,0,0.41,0.47,0,0,0.444166667,0.285089124,Urban,Evening,Clear
1869,0.86,0,0.82,0,0,0,0.07,0.507204611,Highway,Morning,Rain
1870,0.78,0,0.84,0,0.74,0,0.32375,0.707813,Highway,Morning,Clear
1871,0.48,0,0,0.64,0.92,0,0.2625,0.494076209,Urban,Morning,Clear
1872,0.42,0,0,0.6,0,0,0.71125,0.377681716,Highway,Night,Fog
1873,0.95,0,0.9,0,0,0,0.2525,0.576689081,Rural,Afternoon,Clear
1874,0,0,0,0,0,0,0.795833333,0.192656634,Highway,Night,Clear
1875,0.77,0.41,0.98,0,0,0,0.994166667,0.751947913,Urban,Night,Rain
1876,0.88,0,0,0,0,0,0.451666667,0.367381791,Urban,Night,Rain
1877,0.69,0,0,0,0,0.42,0.149583333,0.302967232,Rural,Evening,Clear
1878,0,0,0,0.74,0,0,0.573333333,0.236524709,Urban,Afternoon,Rain
1879,0.47,0,0.99,0.92,0,0.76,0.757083333,0.818176967,Rural,Afternoon,Clear
1880,0.48,0.73,0,0,0,0,0.36125,0.211175152,Highway,Night,Rain
1881,0,0,0,0,0,0,0.451666667,0.085601452,Urban,Night,Clear
1882,0.81,0,0,0.45,0,0,0.730833333,0.507738286,Urban,Afternoon,Clear
1883,0.66,0.99,0.44,0,0,0,0.570416667,0.464884193,Highway,Afternoon,Rain
1884,0,0,0,0,0,0,0.865833333,0.214430569,Highway,Night,Clear
1885,0.52,0,0.89,0,0,0,0.704583333,0.577062653,Highway,Afternoon,Clear
1886,0,0,0,0.44,0.47,0,0.745416667,0.341925499,Highway,Afternoon,Rain
1887,0.69,0,0,0,0,0,0.841666667,0.446152204,Urban,Afternoon,Rain
1888,0,0,0.79,0,0,0,0.281666667,0.253388836,Highway,Afternoon,Rain
1889,0.44,0,0,0.91,0,0,0.509166667,0.379229373,Urban,Afternoon,Clear
1890,0.75,0,0,0,0,0.51,0.499583333,0.442576582,Highway,Evening,Rain
1891,0.56,0,0,0,0,0,0.1525,0.20845341,Urban,Evening,Clear
1892,0,0,0,0,0,0.61,0.375833333,0.140143025,Urban,Night,Rain
1893,0.88,0,0,0,0,0,0.45,0.403458213,Highway,Evening,Clear
1894,0.59,0,0,0,0,0,0.41875,0.282580852,Rural,Afternoon,Clear
1895,0,0,0,0.53,0,0,0.250833333,0.145906714,Rural,Morning,Clear
1896,0,0,0,0,0,0.61,0.27,0.125520333,Highway,Afternoon,Rain
1897,0.67,0,0,0,0,0,0.795833333,0.407193937,Highway,Night,Clear
1898,0,0,0.79,0.8,0,0,0.394583333,0.40927527,Highway,Evening,Clear
1899,0.41,0,0,0,0.87,0.68,0.189583333,0.444497812,Highway,Morning,Clear
1900,0,0,0,0.73,0,0.6,0.617083333,0.325701782,Highway,Afternoon,Clear
1901,0,0,0,0,0,0,0.31,0.078130003,Rural,Evening,Rain
1902,0.44,0.62,0,0,0.8,0,0.638333333,0.438253816,Rural,Night,Clear
1903,0,0,0.48,0.9,0,0,0.454583333,0.324741168,Highway,Night,Clear
1904,0.64,0,0,0,0,0,0.530416667,0.315028285,Urban,Night,Clear
1905,0,0,0,0.48,0,0,0.64625,0.225904579,Urban,Afternoon,Clear
1906,0,0,0.79,0.48,0,0,0.3975,0.369196286,Highway,Evening,Clear
1907,0.69,0,0,0,0,0.46,0.315,0.377841819,Urban,Morning,Rain
1908,0.76,0,0.99,0,0,0,0.38875,0.599583734,Highway,Evening,Fog
1909,0,0,0,0,0,0,0.544166667,0.132671576,Highway,Afternoon,Clear
1910,0.57,0,0,0,0,0,0.662083333,0.388461949,Highway,Morning,Clear
1911,0,0,0,0.73,0,0,0.229166667,0.128188707,Urban,Afternoon,Clear
1912,0.82,0,0,0,0,0,0.184583333,0.301686413,Rural,Evening,Clear
1913,0,0,0,0,0,0,0.695833333,0.179848436,Highway,Afternoon,Clear
1914,0.92,0,0,0,0,0,0.55875,0.43179635,Highway,Afternoon,Rain
1915,0.87,0,0,0.97,0,0,0.544166667,0.53548938,Highway,Afternoon,Rain
1916,0.42,0,0.95,0,0,0.49,0.557916667,0.595848009,Highway,Evening,Rain
1917,0.69,0,0,0,0,0.42,0.659166667,0.479773722,Rural,Morning,Clear
1918,0.46,0,0.66,0,0,0,0.145833333,0.361724837,Urban,Morning,Fog
1919,0.55,0,0,0,0,0.68,0.081666667,0.288611378,Highway,Morning,Rain
1920,0.99,0,0.42,0.65,0,0,0.426666667,0.622264916,Highway,Evening,Clear
1921,0.49,0,0.62,0,0,0,0.414166667,0.444551179,Rural,Morning,Fog
1922,0.7,0,0,0,0,0,0.190416667,0.265076316,Rural,Evening,Fog
1923,0.77,0,0.9,0,0,0.97,0.818333333,0.819297684,Highway,Afternoon,Rain
1924,0.82,0,0,0,0,0,0.337083333,0.330825061,Urban,Afternoon,Clear
1925,0.74,0,0,0,0,0,0.582083333,0.38141744,Urban,Afternoon,Clear
1926,0.41,0,0.82,0,0,0.47,0.654166667,0.586722169,Urban,Evening,Fog
1927,0.6,0,0.68,0.6,0,0,0.530833333,0.608282634,Highway,Morning,Clear
1928,0,0,0.43,0,0,0,0.500416667,0.229213363,Highway,Afternoon,Rain
1929,0,0,0,0,0,0,0.865,0.23246878,Highway,Afternoon,Clear
1930,0,0,0,0,0,0,0.387916667,0.120663892,Highway,Morning,Rain
1931,0,0,0.66,0,0.47,0.97,0.7125,0.586935639,Highway,Evening,Clear
1932,0.71,0,0,0.76,0,0,0.83,0.546269613,Highway,Afternoon,Clear
1933,0,0,0.68,0,0,0,0.224583333,0.244049525,Highway,Morning,Clear
1934,0,0,0,0,0,0.84,0.466666667,0.252748426,Urban,Morning,Fog
1935,0.45,0.61,0.96,0,0,0,0.713333333,0.575301526,Highway,Afternoon,Clear
1936,0.61,0,0,0,0,0.78,0.1875,0.335254563,Highway,Evening,Fog
1937,0.42,0,0,0,0,0,0.67625,0.289945565,Urban,Night,Clear
1938,0,0,0,0,0,0.79,0.26125,0.145853346,Urban,Afternoon,Clear
1939,0.45,0,0,0,0,0,0.282916667,0.232095208,Rural,Morning,Clear
1940,0,0,0.78,0,0,0.9,0.382916667,0.415892838,Highway,Evening,Clear
1941,0.64,0,0,0,0,0.46,0.72,0.432917067,Rural,Night,Clear
1942,0,0,0,0,0,0,0.688333333,0.214110364,Highway,Morning,Clear
1943,0.48,0.61,0.59,0,0,0,0.494583333,0.422083467,Highway,Afternoon,Clear
1944,0.74,0,0,0,0,0,0.504583333,0.393905433,Highway,Morning,Fog
1945,0.81,0,0,0,0,0,0.193333333,0.301206105,Highway,Evening,Clear
1946,0,0,0.72,0.96,0,0,0.256666667,0.387234497,Highway,Morning,Clear
1947,0,0,0,0,0,0,0.9825,0.250720461,Highway,Night,Rain
1948,0,0,0,0,0,0,0.660833333,0.168961469,Highway,Afternoon,Fog
1949,0.88,0,0,0,0,0,0.540416667,0.43158288,Urban,Evening,Clear
1950,0.52,0,0.44,0,0,0,0.617083333,0.434571459,Highway,Afternoon,Clear
1951,0.5,0,0,0.9,0,0.7,0.608333333,0.517664639,Highway,Afternoon,Rain
1952,0.46,0,0.98,0,0,0,0.635833333,0.596114847,Highway,Morning,Rain
1953,0,0,0.62,0,0.82,0,0.530416667,0.426459601,Rural,Night,Rain
1954,0.78,0,0,0,0,0.82,0.319583333,0.417600598,Urban,Afternoon,Clear
1955,0,0.71,0,0,0,0,0.61125,0.153538264,Urban,Afternoon,Clear
1956,0.82,0.66,0,0,0,0,0.246666667,0.302700395,Urban,Afternoon,Clear
1957,0.42,0,0.69,0,0,0.75,0.309166667,0.503468887,Highway,Morning,Clear
1958,0.96,0,0,0,0.66,0.9,0.754166667,0.747465044,Highway,Afternoon,Clear
1959,0.43,0,0,1,0,0.44,0.491666667,0.438467286,Highway,Afternoon,Clear
1960,0.72,0,0,0,0,0,0.635416667,0.373305582,Urban,Night,Clear
1961,0,0,0,0,0,0,0.90375,0.226224784,Rural,Night,Clear
1962,0,0.93,0,0,0,0,0.78625,0.207973103,Rural,Afternoon,Clear
1963,0,0,0,0.41,0,0.81,0.72,0.32532821,Urban,Night,Rain
1964,0.83,0,0,0.47,0,0,0.099166667,0.356815028,Urban,Morning,Rain
1965,0.92,0,0,0,0.97,0,0.59875,0.648895293,Highway,Evening,Clear
1966,0,0,0,0,0,0,0.638333333,0.143665279,Highway,Night,Clear
1967,0.83,0,0.61,0,0.48,0,0.387916667,0.634913011,Highway,Morning,Rain
1968,0.88,0,0,0,0.79,0.72,0.128333333,0.565695378,Highway,Morning,Clear
1969,0.6,0,0.81,0,0,0.63,0.918333333,0.711068417,Highway,Night,Rain
1970,0,0,0,0,0,0,0.330416667,0.084480734,Urban,Evening,Rain
1971,0.89,0,0,0,0,0.6,0.655833333,0.510940335,Highway,Night,Fog
1972,0.45,0.7,0,0,0.63,0,0.69125,0.480147294,Rural,Morning,Clear
1973,0.94,0,0,0,0,0,0.0525,0.317323087,Highway,Morning,Clear
1974,0.73,0,0,0,0.97,0,0.452083333,0.560732202,Highway,Morning,Rain
1975,0.89,0,0,0.77,0,0,0.684166667,0.559824955,Urban,Afternoon,Clear
1976,0,0,0.8,0,0,0,0.62125,0.398174832,Urban,Morning,Clear
1977,0.67,0,0.83,0.89,0,0,0.473333333,0.670082186,Urban,Evening,Clear
1978,0.79,0,0.56,0,0,0,0.434583333,0.531593553,Highway,Morning,Fog
1979,0.72,0,0.59,0,0,0.77,0.6725,0.652897855,Urban,Afternoon,Clear
1980,0,0,0,0,0,0,0.850416667,0.227932543,Highway,Afternoon,Clear
1981,0,0,0.48,0,0,0,0.0525,0.139289145,Urban,Morning,Clear
1982,0.84,0,0.79,0,0,0,0.31,0.549471662,Urban,Evening,Clear
1983,0.45,0,0,0,0,0,0.58875,0.272334294,Highway,Night,Rain
1984,0.44,0,0,0,0,0.93,0.424583333,0.355480841,Highway,Afternoon,Clear
1985,0.55,0,0,0,0,0,0.512083333,0.298804568,Urban,Afternoon,Clear
1986,0.5,0,0.42,0,0,0,0.582083333,0.412157114,Highway,Afternoon,Clear
1987,0,0.7,0.76,0,0,0,0.71125,0.36103106,Highway,Night,Clear
1988,0,0,0,0,0,0.7,0.819166667,0.289571993,Highway,Night,Clear
1989,0,0,0,0,0.6,0.89,0.749166667,0.407407407,Rural,Night,Clear
1990,0,0,0,0,0,0,0.424583333,0.095474437,Highway,Afternoon,Clear
1991,0,0,0,0,0,0,0.465416667,0.108175899,Urban,Afternoon,Clear
1992,0.92,0,0,0.57,0,0,0.48125,0.517291066,Highway,Morning,Clear
1993,0.53,0,0,0,0,0,0.315,0.267691322,Urban,Morning,Rain
1994,0,0,0.92,0,0,0,0.997083333,0.490927527,Rural,Night,Clear
1995,0,0.48,0,0,0,0,0.400416667,0.10625467,Highway,Evening,Clear
1996,0,0,0,0,0,0,0.48,0.112712136,Highway,Afternoon,Rain
1997,0.99,0,0.93,0.54,0,0.64,0.0525,0.72270253,Highway,Morning,Fog
1998,0.6,0,0.67,0,0,0,0.545,0.478386167,Highway,Night,Clear
1999,0.51,0,0,0,0,0,0.510416667,0.322072793,Rural,Morning,Fog
2000,0.87,0,0.68,0,0.98,0.46,0.26625,0.764489273,Urban,Evening,Rain
2001,0.8,0,0,0.87,0,0,0.508333333,0.507418081,Highway,Evening,Rain
2002,0,0,0,0,0,0,0.68625,0.195164906,Highway,Evening,Clear
2003,0.7,0,0,0.43,0,0,0.496666667,0.415412531,Highway,Evening,Clear
2004,0.73,0,0.45,0,0.94,0,0.6075,0.700288184,Highway,Evening,Rain
2005,0.83,0,0,0.62,0,0,0.479166667,0.475931263,Highway,Evening,Clear
2006,0.54,0,0,0,0,0,0.853333333,0.401750454,Urban,Afternoon,Clear
2007,1,0.99,0,0,0.56,0,0.390416667,0.494343046,Highway,Night,Fog
2008,0,0,0,0,0,0,0.504583333,0.156953784,Highway,Morning,Rain
2009,0.98,0,0,0,0,0.44,0.459583333,0.476518305,Rural,Afternoon,Clear
2010,0,0,0.8,0,0,0,0.99125,0.458373359,Highway,Night,Clear
2011,0.79,0,0,0,0,0,0.731666667,0.425659088,Highway,Night,Clear
2012,0.52,0,0.89,0,0,0,0.560833333,0.550645747,Highway,Evening,Clear
2013,0.81,0,0.55,0,0,0,0.029166667,0.409328637,Urban,Morning,Clear
2014,0.44,0,0.65,0.7,0,0,0.355416667,0.452716405,Highway,Night,Rain
2015,0,0,0,0,0,0,0.594583333,0.13005657,Highway,Night,Clear
2016,0,0,0,0,0,0,0.835833333,0.223396307,Highway,Afternoon,Rain
2017,0.42,0,0,0,0,0,0.701666667,0.316149002,Highway,Afternoon,Clear
2018,0.55,0,0,0,0,0.43,0.608333333,0.383818977,Urban,Afternoon,Clear
2019,0.68,0,0.9,0,0,0,0.592916667,0.614419895,Rural,Evening,Rain
2020,0.92,0,0.93,0,0,0,0.090416667,0.560945672,Urban,Morning,Clear
2021,0,0,0,0,0,0,0.504583333,0.156953784,Highway,Morning,Clear
2022,0.84,0,0.55,0.74,0,0,0.480833333,0.599316896,Highway,Night,Clear
2023,0,0.55,0,0,0,0,0.237916667,0.037410609,Urban,Afternoon,Clear
2024,0,0,0,0,0,0,0.859166667,0.230654285,Rural,Afternoon,Clear
2025,0.85,0,0,0,0,0,0.465416667,0.380350091,Highway,Afternoon,Rain
2026,0.66,0,0,0,0,0.63,0.250833333,0.370050165,Rural,Morning,Rain
2027,0.61,0,0.73,0.84,0,0,0.522083333,0.652310812,Highway,Morning,Clear
2028,0.62,0,0.52,0,0.88,0.6,0.230416667,0.649322233,Urban,Morning,Clear
2029,0,0.44,0,0,0,0,0.28375,0.069964777,Highway,Evening,Rain
2030,0.99,0,0,0.61,0,0.83,0.242916667,0.558704237,Highway,Evening,Rain
2031,0,0,0,0,0,0,0.62375,0.139129043,Highway,Night,Rain
2032,0.42,0,0,0,0,0,0.79875,0.328049952,Highway,Night,Fog
2033,0,0,0,0,0,0.85,0.317916667,0.207759633,Urban,Morning,Clear
2034,0,0,0.46,0,1,0,0.145833333,0.355320739,Highway,Morning,Rain
2035,0,0,0.95,0,0,0.43,0.304166667,0.374746504,Urban,Evening,Clear
2036,0,0,0,0,0,0,0.587916667,0.146280286,Urban,Afternoon,Clear
2037,0.92,0,0,0,0,0,0.766666667,0.478172697,Urban,Night,Clear
2038,0,0,0.89,0.77,0,0,0.272916667,0.374906607,Urban,Afternoon,Clear
2039,0.75,0,0,0,0,0,0.33125,0.306596222,Urban,Afternoon,Clear
2040,0.66,0,0.86,0,0,0,0.31375,0.492635287,Urban,Afternoon,Clear
2041,0.84,0,0,0,0,0,0.509166667,0.390756751,Highway,Afternoon,Clear
2042,0.69,0,0,0,0,0,0.499583333,0.358042481,Highway,Evening,Clear
2043,0.92,0,0,0,0,0,0.110833333,0.329063934,Rural,Morning,Clear
2044,0.94,0,0,0,0,0.53,0.442916667,0.45175579,Urban,Night,Clear
2045,0,0,0,0,0,0.56,0.755,0.251681076,Highway,Night,Clear
2046,0,0,0,0,0,0,0.792916667,0.191749386,Highway,Night,Clear
2047,0.65,0,0.43,0.75,0,0,0.533333333,0.525349557,Highway,Night,Clear
2048,0.57,0,0,0.73,0,0,0.45,0.397694524,Highway,Evening,Clear
2049,0,0.8,0.91,0,0,0,0.67625,0.388568684,Urban,Night,Clear
2050,0,0,0.66,0,0,0.73,0.514166667,0.404205358,Urban,Evening,Clear
2051,0.76,0,0.61,0,0,0,0.229166667,0.434304622,Urban,Afternoon,Clear
2052,0,0,0.73,0,0,0,0.580416667,0.367541893,Highway,Morning,Clear
2053,0.95,0.76,0,0,0,0,0.83,0.525776497,Highway,Afternoon,Clear
2054,0,0,0,0,0,0.49,0.496666667,0.198953997,Highway,Evening,Clear
2055,0.53,0,0,0.78,0,0.48,0.190416667,0.372024763,Highway,Evening,Clear
2056,0.77,0,0,0,0,0.97,0.722916667,0.540772761,Rural,Night,Rain
2057,0.78,0,0,0,0,0.88,0.52875,0.508645533,Highway,Evening,Clear
2058,0,0,0,0,0,0,0.501666667,0.156046536,Highway,Morning,Clear
2059,0.84,0,0,0,0,0,0.382083333,0.387821539,Rural,Morning,Fog
2060,0.48,0,0,0,0,0,0.819166667,0.353612979,Urban,Night,Clear
2061,0.83,0,0,0,0,0,0.55375,0.3831252,Rural,Night,Rain
2062,0,0,0,0,0,0.51,0.754166667,0.263315188,Highway,Afternoon,Clear
2063,0.95,0,0.45,0,0,0.64,0.595,0.686519372,Urban,Morning,Rain
2064,0,0,0,0,0.55,0,0.627083333,0.300725798,Urban,Morning,Clear
2065,0,0,0,0,0,0,0.344166667,0.107055182,Highway,Morning,Clear
2066,0,0,0,0,0,0.61,0.5975,0.20909382,Urban,Night,Rain
2067,0.51,0,0.85,0,0,0,0.853333333,0.609883659,Urban,Afternoon,Rain
2068,0.54,0,0,0,0,0,0.7425,0.367275056,Highway,Afternoon,Clear
2069,0,0,0.75,0,0,0,0.647083333,0.33850998,Urban,Night,Clear
2070,0.98,0,0,0,0,0,0.80375,0.527217419,Highway,Afternoon,Clear
2071,0,0,0,0,0,0.87,0.671666667,0.302059985,Highway,Evening,Clear
2072,0.51,0,0.51,0,0,0,0.24,0.350304195,Urban,Evening,Clear
2073,0,0,0.51,0,0,0.71,0.229166667,0.25627068,Highway,Afternoon,Fog
2074,0.91,0,0,0,0,0,0.20125,0.353986551,Highway,Morning,Clear
2075,0,0,0,0,0,0,0.404166667,0.089123706,Highway,Afternoon,Clear
2076,0,0,0,0.56,0,0,0.69125,0.286743516,Urban,Morning,Clear
2077,0.7,0,0.51,0,0,0,0.535416667,0.484736898,Highway,Afternoon,Rain
2078,0.55,0,0,0,0,0,0.83875,0.400416266,Highway,Afternoon,Clear
2079,0.92,0,0.43,0,0,0.48,0.102083333,0.497972035,Highway,Morning,Clear
2080,0,0.65,0,0,0.66,0.84,0.425416667,0.311826235,Highway,Night,Rain
2081,0.67,0,0,0,0.71,0,0.508333333,0.490767424,Highway,Evening,Clear
2082,0.71,0.65,0.75,0,0.58,0,0.460416667,0.619222969,Highway,Night,Clear
2083,0,0,0.9,0,0,0,0.542083333,0.344273668,Urban,Night,Rain
2084,0.62,0,0.41,0,0.41,0,0.876666667,0.618422457,Highway,Afternoon,Rain
2085,0.76,0,0,0,0,0,0.0525,0.259686199,Highway,Morning,Rain
2086,0,0,0,0.45,0,0,0.556666667,0.175899242,Rural,Night,Fog
2087,0.5,0,0.43,0.47,0,0,0.8475,0.557476785,Highway,Afternoon,Clear
2088,0,0,0.74,0,0,0,0.759166667,0.407407407,Urban,Evening,Clear
2089,0.63,0,0,0.53,0,0,0.792916667,0.461361938,Highway,Night,Clear
2090,0,0,0.89,0,0,0,0.342916667,0.298057423,Urban,Afternoon,Clear
2091,0.98,0,0,0,0.53,0,0.531666667,0.562706799,Rural,Evening,Clear
2092,0.55,0,0,0,0,0,0.757083333,0.375013342,Highway,Afternoon,Clear
2093,0.79,0,0,0.7,0,0,0.075833333,0.366207706,Rural,Morning,Clear
2094,0.6,0,0.6,0,0.57,0,0.5775,0.634966378,Highway,Morning,Rain
2095,0,0,0,0,0,0,0.517916667,0.124506351,Urban,Afternoon,Rain
2096,0,0,0.61,0.9,0,0,0.272916667,0.319831359,Highway,Afternoon,Rain
2097,0.86,0,0,0,0,0,0.225416667,0.327196072,Urban,Evening,Clear
2098,0,0.87,0,0,0,0,0.5325,0.129042587,Urban,Afternoon,Clear
2099,0.48,0,0,0,0,0,0.167083333,0.187373252,Urban,Evening,Rain
2100,0.98,0,0.76,0,0,0.64,0.7075,0.773935319,Urban,Afternoon,Rain
2101,0,0,0.56,0,0,0,0.574583333,0.322179528,Rural,Morning,Rain
2102,0.67,0,0.42,0,0,0,0.382916667,0.422937347,Highway,Evening,Clear
2103,0.54,0,0.84,0,0,0,0.27875,0.438200448,Urban,Afternoon,Fog
2104,0,0,0.78,0,0,0.56,0.21375,0.319724624,Urban,Evening,Clear
2105,0.44,0,0,0,0,0.63,0.237916667,0.258992422,Urban,Afternoon,Clear
2106,0,0,0,0,0,0,0.4275,0.096381684,Highway,Afternoon,Rain
2107,0.5,0,0,0,0,0,0.149583333,0.188333867,Urban,Evening,Fog
2108,0.71,0.52,0,0,0,0,0.41125,0.355267371,Highway,Morning,Rain
2109,0,0,0.75,0,0,0.7,0.72125,0.487832213,Rural,Evening,Rain
2110,0.6,0.89,0.85,0,0,0,0.404166667,0.498986018,Rural,Afternoon,Clear
2111,0,0,0.81,0.82,0,0.61,0.154583333,0.438734123,Highway,Morning,Rain
2112,0,0.79,0.52,0.87,0,0,0.3625,0.339097022,Urban,Evening,Clear
2113,0.9,0,0,0,0.67,0.55,0.45,0.609029779,Urban,Evening,Rain
2114,0.66,0.65,0,0,0,0,0.239166667,0.285729534,Urban,Morning,Clear
2115,0.55,0,0,0,0,0,0.797916667,0.387714804,Highway,Afternoon,Clear
2116,0.77,0,0.61,0,0,0,0.757083333,0.601718433,Urban,Afternoon,Clear
2117,0.82,0,0,0,0,0.64,0.52875,0.490714057,Highway,Evening,Clear
2118,0,0,0.48,0,0,0,0.466666667,0.268118262,Rural,Morning,Clear
2119,0.5,0,0,0,0,0,0.28375,0.230067243,Urban,Evening,Rain
2120,0.5,0,0.48,0,0,0,0.626666667,0.423097449,Highway,Night,Clear
2121,0.42,0,0.81,0.61,0,0.41,0.04375,0.486231188,Urban,Morning,Clear
2122,0.84,0,0,0,0,0.86,0.66875,0.56884406,Urban,Evening,Rain
2123,0,0,0,0,0,0,0.885416667,0.238819511,Urban,Afternoon,Clear
2124,0,0,0,0,0,0,0.675416667,0.173497705,Urban,Afternoon,Clear
2125,0.8,0,0,0,0,0,0.421666667,0.350731135,Highway,Afternoon,Clear
2126,0,0,0,0,0.5,0,0.255416667,0.138915573,Urban,Afternoon,Clear
2127,0,0,0,0,0,0,0.433333333,0.098196179,Urban,Afternoon,Clear
2128,0.68,0,0,0,0,0,0.530416667,0.327836482,Highway,Night,Clear
2129,0.91,0,0.92,0,0,0,0.34375,0.579090618,Highway,Night,Clear
2130,0.88,0,0.98,0,0.92,0,0.463333333,0.798804568,Urban,Night,Clear
2131,0.75,0,0,0,0,0,0.85125,0.450048031,Urban,Night,Clear
2132,0,0,0,0,0,0,0.76875,0.202529619,Highway,Afternoon,Rain
2133,0.92,0,0,0,0,0,0.477916667,0.388355214,Highway,Night,Rain
2134,0.52,0,0,0,0,0,0.475,0.259365994,Highway,Night,Clear
2135,0.47,0,0,0,0,0,0.303333333,0.244850037,Urban,Morning,Clear
2136,0.56,0,0,0,0,0,0.42375,0.29282741,Highway,Evening,Clear
2137,0.43,0,0,0,0,0,0.2925,0.21037464,Rural,Evening,Clear
2138,0.72,0.67,0.78,0.64,0,0,0.291666667,0.60305262,Highway,Morning,Clear
2139,0.96,0,0,0,0,0,0.70375,0.508005123,Highway,Evening,Clear
2140,0,0,0.51,0.64,0,0,0.31,0.290746077,Highway,Evening,Clear
2141,0.42,0,0.46,0,0,0,0.33625,0.338616715,Rural,Evening,Clear
2142,0.47,0.55,0.89,0,0,0,0.379166667,0.496424378,Rural,Morning,Rain
2143,0,0,0.75,0.52,0,0,0.79875,0.452289465,Highway,Night,Clear
2144,0,0,0,0,0,0,0.832916667,0.22248906,Highway,Afternoon,Fog
2145,0.67,0,0.77,0,0,0,0.93,0.646173551,Highway,Night,Fog
2146,0.96,0,0.87,0,0,0.5,0.058333333,0.612445298,Highway,Morning,Clear
2147,0,0,0,0,0,0,0.312916667,0.079037251,Rural,Evening,Clear
2148,0,0,0,0,0.82,0,0.35,0.266410503,Rural,Morning,Clear
2149,0.59,0,0.82,0,0,0.43,0.400416667,0.560305262,Urban,Evening,Clear
2150,0.7,0,0,0.44,0,0.79,0.560833333,0.537837549,Urban,Evening,Clear
2151,0.42,0,0,0,0,0.86,0.47125,0.354626961,Urban,Afternoon,Rain
2152,0.49,0,0.9,0,0,0,0.706666667,0.588963603,Urban,Evening,Clear
2153,0.99,0,0,0,0.45,0,0.634583333,0.564254456,Rural,Afternoon,Rain
2154,0.98,0,0,0,0,0,0.242083333,0.389102359,Urban,Morning,Clear
2155,0.4,0,0,0,0,0,0.169166667,0.180702316,Urban,Morning,Clear
2156,0,0,0,0,0,0,0.513333333,0.159675526,Highway,Morning,Fog
2157,0,0,0.43,0,0,0,0.622916667,0.26731775,Urban,Afternoon,Clear
2158,0,0,0,0,0,0.89,0.79,0.304835094,Rural,Night,Rain
2159,0.97,0,0,0,0,0,0.713333333,0.495890703,Highway,Afternoon,Rain
2160,0.78,0,0,0,0,0.7,0.740416667,0.514836162,Rural,Night,Clear
2161,0.92,0,0,0.75,0.79,0,0.595833333,0.709467392,Highway,Evening,Rain
2162,0,0,0,0,0,0,0.3275,0.083573487,Urban,Evening,Fog
2163,0,0,0,0,0,0,0.435416667,0.117141637,Rural,Evening,Clear
2164,0.67,0,0.85,0,0,0,0.142916667,0.476731775,Rural,Morning,Clear
2165,0.71,0,0,0,0.79,0,0.892083333,0.601718433,Highway,Night,Clear
2166,0.69,0,0,0,0,0,0.827083333,0.441615968,Highway,Afternoon,Rain
2167,0.8,0,0.91,0,0,0,0.775416667,0.675579037,Highway,Night,Clear
2168,0,0,0.57,0.99,0,0.52,0.396666667,0.46280286,Highway,Morning,Clear
2169,0.48,0,0.78,0,0,0,0.6475,0.554915146,Urban,Morning,Rain
2170,0,0,0,0.5,0,0.84,0.309166667,0.267798057,Highway,Morning,Rain
2171,0.42,0,0.59,0.43,0,0,0.219583333,0.390703383,Urban,Evening,Rain
2172,0.58,0,0,0.87,0,0,0.44625,0.435959014,Highway,Morning,Clear
2173,0,0,0,0,0,0,0.445,0.101825168,Highway,Afternoon,Clear
2174,0.82,0,0,0,0,0,0.783333333,0.469633899,Rural,Afternoon,Rain
2175,0.52,0,0,0.55,0,0,0.655,0.404098623,Urban,Afternoon,Rain
2176,0.8,0,0,0,0,0,0.897083333,0.498612445,Rural,Afternoon,Clear
2177,0,0,0,0,0,0,0.976666667,0.248905966,Urban,Night,Clear
2178,0.98,0,0,0,0,0.82,0.485833333,0.53335468,Highway,Afternoon,Clear
2179,0.46,0,0,0,0,0,0.632916667,0.344166934,Rural,Morning,Clear
2180,0,0,0.97,0,0,0,0.566666667,0.406446793,Highway,Evening,Clear
2181,0,0,0,0,0,0,0.256666667,0.079837763,Highway,Morning,Clear
2182,0.8,0,0,0,0,0.55,0.30125,0.402017291,Highway,Evening,Fog
2183,0,0,0,0,0,0,0.583333333,0.181449461,Urban,Morning,Fog
2184,0,0,0,0,0,0,0.445833333,0.083786957,Urban,Night,Rain
2185,0,0,0,0,0,0,0.7,0.217739353,Highway,Morning,Rain
2186,0.67,0,0,0,0.97,0,0.625833333,0.558971075,Highway,Afternoon,Clear
2187,0,0,0.42,0,0,0,0.315,0.205571566,Highway,Morning,Clear
2188,0,0,0,0.9,0,0.94,0.28375,0.305635607,Highway,Evening,Rain
2189,0.92,0.85,0,0,0,0,0.2525,0.336535383,Rural,Afternoon,Rain
2190,0.51,0,0.75,0,0,0,0.622916667,0.512594727,Urban,Afternoon,Clear
2191,0,0,0,0,0,0,0.725,0.188920909,Rural,Afternoon,Clear
2192,0.82,0,0,0,0,0,0.368333333,0.358842993,Highway,Evening,Clear
2193,0,0,0.5,0,0,0.46,0.652083333,0.353239407,Highway,Afternoon,Rain
2194,0.9,0,0.83,0,0,0,0.605416667,0.652524282,Urban,Afternoon,Rain
2195,0.97,0,0.51,0,0,0,0.29625,0.496797951,Rural,Afternoon,Fog
2196,0,0,0,0,0,0,0.032083333,0.00997972,Highway,Morning,Clear
2197,0.81,0,0,0,0,0,0.639583333,0.440014943,Rural,Evening,Clear
2198,0.7,0,0,0,0,0,0.941666667,0.462162451,Urban,Night,Clear
2199,0,0,0,0,0.4,0,0.442916667,0.159728893,Highway,Night,Clear
2200,0.77,0,0.54,0.82,0,0,0.498333333,0.590030953,Rural,Night,Clear
2201,0,0,0,0.97,0,0.99,0.609583333,0.440655353,Highway,Morning,Clear
2202,0,0,0.7,0,0,0,0.619166667,0.353612979,Highway,Evening,Clear
2203,0.92,0,0,0.65,0,0,0.265416667,0.460401324,Urban,Morning,Clear
2204,0.74,0,0,0.8,0,0,0.550833333,0.455865087,Rural,Night,Clear
2205,0.42,0,0,0,0,0.92,0.55375,0.369676593,Highway,Night,Clear
2206,0.96,0.71,0,0,0,0,0.5325,0.436439321,Urban,Afternoon,Rain
2207,0.81,0,0,0,0,0.81,0.442916667,0.445992102,Highway,Night,Clear
2208,0.81,0,0.95,0,0,0,0.582083333,0.647187533,Rural,Afternoon,Clear
2209,0.53,0,0.53,0,0,0,0.444166667,0.425338884,Highway,Evening,Clear
2210,0.8,0,0,0.68,0,0,0.6375,0.504963176,Highway,Afternoon,Clear
2211,0.64,0,0,0,0,0,0.53625,0.316842779,Highway,Night,Clear
2212,0.79,0,0,0,0,0,0.490833333,0.387341232,Urban,Evening,Clear
2213,0,0,0.49,0,0,0,0.237916667,0.162930942,Urban,Afternoon,Rain
2214,0,0,0,0,0,0,0.2525,0.041946846,Highway,Afternoon,Rain
2215,0.46,0,0.86,0,0,0,0.706666667,0.569110898,Rural,Evening,Clear
2216,0.79,0,0.7,0,0,0,0.2975,0.524815882,Highway,Morning,Clear
2217,0,0,0,0.78,0,0,0.79125,0.327729747,Highway,Evening,Clear
2218,0,0,0,0,0,0,0.449166667,0.139716085,Rural,Morning,Clear
2219,1,0,0.95,0,0,0.96,0.221666667,0.755470168,Highway,Morning,Clear
2220,0,0,0.49,0,0,0,0.207083333,0.189934892,Urban,Morning,Clear
2221,0.43,0,0,0,0,0,0.456666667,0.243142278,Urban,Afternoon,Fog
2222,0,0,0,0,0,0.83,0.46625,0.196445725,Highway,Night,Rain
2223,0,0,0,0,0,0.51,0.522083333,0.227719074,Highway,Morning,Rain
2224,0.99,0,0,0.67,0,0,0.694166667,0.618742662,Rural,Morning,Rain
2225,0.64,0,0,0,0,0.67,0.31,0.368876081,Urban,Evening,Clear
2226,0.92,0,0,0,0,0,0.539583333,0.462429288,Urban,Morning,Rain
2227,0.87,0,0.79,0,0,0,0.290416667,0.534688868,Highway,Afternoon,Fog
2228,0,0,0,0,0,0,0.468333333,0.109083147,Highway,Afternoon,Clear
2229,0,0,0.54,0,0.55,0.44,0.0875,0.327569645,Highway,Morning,Clear
2230,0.74,0,0,0,0,0.63,0.862916667,0.531166613,Highway,Night,Clear
2231,0.84,0,0,0,0,0,0.31375,0.329971182,Highway,Afternoon,Clear
2232,0.93,0,0.49,0,0,0,0.181666667,0.461522041,Urban,Evening,Clear
2233,0.64,0,0.81,0,0,0,0.169166667,0.465044295,Highway,Morning,Clear
2234,0.6,0,0,0,0.96,0,0.979583333,0.626374213,Urban,Night,Clear
2235,0.8,0,0,0,0,0,0.513333333,0.415839471,Highway,Morning,Clear
2236,0,0,0,0.51,0,0.84,0.305,0.23118796,Highway,Afternoon,Clear
2237,0,0,0.76,0,0,0.63,0.370416667,0.390596649,Highway,Morning,Clear
2238,0.88,0,0,0,0,0,0.56875,0.458693564,Rural,Morning,Rain
2239,0.86,0,0.85,0,0,0,0.18375,0.550272174,Urban,Morning,Rain
2240,0,0,0,0.7,0,0,0.850416667,0.317589924,Highway,Afternoon,Clear
2241,0,0,0,0,0,0,0.265416667,0.082559505,Urban,Morning,Clear
2242,0.88,0,0,0.72,0,0,0.500416667,0.493062226,Urban,Afternoon,Clear
2243,0,0,0.59,0,0,0,0.461666667,0.276443591,Rural,Evening,Rain
2244,0.66,0,0.67,0,0,0,0.18375,0.440121678,Urban,Morning,Clear
2245,0,0,0,0,0,0,0.689166667,0.196072153,Highway,Evening,Clear
2246,0.89,0,0,0,0,0.6,0.545416667,0.531486818,Urban,Morning,Rain
2247,0,0,0,0,0,0,0.234166667,0.054541573,Urban,Evening,Rain
2248,0.47,0,0,0,0.96,0,0.655833333,0.484043121,Highway,Night,Clear
2249,0.73,0.59,0,0,0,0,0.23125,0.287383926,Urban,Evening,Clear
2250,0.4,0,0,0,0,0,0.592083333,0.312253175,Highway,Morning,Rain
2251,0.59,0,0,0,0,0.76,0.42,0.41690682,Urban,Morning,Rain
2252,0.62,0,0,0,0,0,0.51625,0.35910983,Rural,Morning,Clear
2253,0,0,0.64,0,0.83,0.92,0.081666667,0.46664532,Rural,Morning,Rain
2254,0,0,0,0,0,0,0.776666667,0.223289572,Urban,Evening,Clear
2255,0.64,0,0.99,0.89,0,0,0.85125,0.782420749,Urban,Night,Rain
2256,0.82,0,0,0,0,0,0.85625,0.492315082,Highway,Afternoon,Clear
2257,0.63,0,0,0,0,0,0.53625,0.31364073,Urban,Night,Clear
2258,0,0,0,0.84,0,0,0.3925,0.193083573,Rural,Afternoon,Clear
2259,0.67,0,0,0,0,0,0.795833333,0.407193937,Highway,Night,Rain
2260,0,0,0,0,0.86,0.43,0.255416667,0.263155086,Highway,Afternoon,Clear
2261,0,0,0,0,0,0,0.449166667,0.139716085,Rural,Morning,Rain
2262,0.54,0,0,0,0,0,0.040833333,0.185612125,Highway,Morning,Rain
2263,0.62,0,0.58,0,0,0.63,0.23625,0.50128082,Urban,Morning,Clear
2264,0,0,0.58,0.8,0,0,0.670833333,0.459707546,Urban,Morning,Clear
2265,0.54,0,0,0,0,0,0.86875,0.388248479,Rural,Night,Fog
2266,0.44,0,0,0,0,0.49,0.73,0.412423951,Urban,Evening,Rain
2267,0.76,0,0.61,0,0,0,0.099166667,0.430462162,Highway,Morning,Clear
2268,0.8,0,0.74,0,0,0,0.61625,0.619116234,Highway,Evening,Rain
2269,0.77,0,0,0,0,0,0.692916667,0.425498986,Urban,Afternoon,Fog
2270,0.68,0,0,0,0.45,0,0.592083333,0.488365888,Urban,Morning,Clear
2271,0,0,0,0,0,0,0.416666667,0.074714484,Highway,Night,Clear
2272,0.63,0,0,0,0,0,0.57625,0.344380403,Highway,Afternoon,Clear
2273,0,0.76,0,0,0,0,0.409166667,0.108976412,Highway,Evening,Clear
2274,0,1,0.55,0,0.71,0,0.421666667,0.37186466,Urban,Afternoon,Clear
2275,0,0,0.95,0,0,0,0.85625,0.473102786,Urban,Afternoon,Clear
2276,0.92,0,0,0,0,0,0.804583333,0.489966912,Urban,Night,Rain
2277,0.71,0,0,0,0,0,0.692083333,0.424324901,Highway,Evening,Clear
2278,0.69,0,0.56,0,0,0,0.765833333,0.566015583,Rural,Afternoon,Clear
2279,0,0,0,0,0.54,0,0.295416667,0.177340164,Highway,Evening,Clear
2280,0.42,0,0,0,0,0.82,0.76,0.439321166,Highway,Afternoon,Rain
2281,0.6,0,0.94,0,0.51,0.46,0.561666667,0.727932543,Rural,Afternoon,Rain
2282,0.63,0,0,0.47,0,0.8,0.132083333,0.387181129,Rural,Evening,Clear
2283,0.64,0,0,0,0,0,0.2525,0.246878002,Highway,Afternoon,Clear
2284,0.75,0,0,0,0,0,0.533333333,0.351158075,Highway,Night,Clear
2285,0.72,0.66,0,0,0.89,0,0.31375,0.462536023,Highway,Afternoon,Clear
2286,0.76,0,0,0,0,0,0.595,0.428434198,Highway,Morning,Fog
2287,0,0,0.46,0,0,0,0.53625,0.229747038,Highway,Night,Clear
2288,0.86,0,0,0,0,0.57,0.081666667,0.37378589,Highway,Morning,Rain
2289,0.89,0,0.79,0,0.48,0,0.2575,0.641370477,Urban,Evening,Fog
2290,0.83,0,0,0,0,0,0.472083333,0.357722276,Highway,Night,Clear
2291,0.97,0,0,0,0.68,0,0.59,0.60646814,Highway,Evening,Clear
2292,0.41,0,0,0,0,0,0.381666667,0.195111538,Urban,Night,Clear
2293,0.52,0,0,0,0,0,0.272916667,0.214804141,Highway,Afternoon,Clear
2294,0.4,0,0.94,0,0,0.52,0.561666667,0.573593767,Urban,Afternoon,Clear
2295,0.79,0,0.5,0.83,0,0,0.234166667,0.541893478,Urban,Evening,Rain
2296,0,0,0,0,0,0,0.07875,0.024495677,Urban,Morning,Rain
2297,0,0,0,0,0,0,0.577083333,0.124613086,Highway,Night,Clear
2298,0.94,0,0.98,0.7,0,0,0.692083333,0.838670082,Urban,Evening,Clear
2299,0.55,0,0,0,0,0,0.304166667,0.252428221,Highway,Evening,Clear
2300,0.96,0,0,0,0,0.96,0.199166667,0.474010033,Rural,Evening,Clear
2301,0.44,0,0,0.94,0.96,0,0.2525,0.48767211,Highway,Afternoon,Rain
2302,0.96,0,0,0,0,0,0.119583333,0.344593873,Highway,Morning,Clear
2303,0.61,0,0.67,0,0,0,0.040833333,0.379656313,Highway,Morning,Clear
2304,0.46,0,0,0,0,0,0.657916667,0.31534849,Highway,Afternoon,Clear
2305,0.69,0,0,0,0,0,0.525,0.384245917,Rural,Morning,Rain
2306,0,0,0,0,0.51,0,0.785416667,0.323994023,Rural,Evening,Rain
2307,0.55,0,0,0,0,0,0.242083333,0.251414238,Highway,Morning,Clear
2308,0,0,0,0,0,0.41,0.722916667,0.22248906,Urban,Night,Rain
2309,0,0,0.97,0,0,0,0.492916667,0.401803821,Urban,Morning,Rain
2310,0,0,0,0,0,0.66,0.55875,0.221741915,Highway,Afternoon,Rain
2311,0.57,0,0,0.95,0,0,0.550833333,0.420642545,Urban,Night,Clear
2312,0,0,0,0,0,0,0.2225,0.050912584,Highway,Evening,Clear
2313,0,0,0,0,0,0,0.605416667,0.15172377,Highway,Afternoon,Clear
2314,0,0,0,0,0,0,0.636666667,0.179741701,Urban,Evening,Clear
2315,0,0,0,0,0.99,0,0.80375,0.403618316,Urban,Afternoon,Fog
2316,0.58,0,0,0,0,0,0.475416667,0.333600171,Urban,Morning,Rain
2317,0.88,0,0,0.43,0,0,0.997083333,0.592112285,Highway,Night,Clear
2318,0.72,0.95,0,0,0,0,0.997083333,0.485804248,Highway,Night,Rain
2319,0,0,0.81,0,0,0,0.534583333,0.355480841,Highway,Evening,Clear
2320,0.59,0,0.58,0,0,0,0.40125,0.425712456,Rural,Afternoon,Clear
2321,0.77,0,0.51,0,0,0,0.754166667,0.575194791,Highway,Afternoon,Rain
2322,0.83,0,0,0,0,0,0.478333333,0.414558651,Urban,Morning,Clear
2323,0.56,0,0,0,0,0,0.387916667,0.299978653,Highway,Morning,Clear
2324,0,0,0,0,0,0.41,0.609166667,0.187106415,Highway,Night,Clear
2325,0,0,0,0,0,0,0.76,0.199807877,Urban,Afternoon,Rain
2326,0.65,0,0.58,0,0,0,0.434583333,0.491888142,Rural,Morning,Clear
2327,0,0,0.46,0,0,0,0.725833333,0.288718113,Urban,Night,Rain
2328,0,0,0,0.89,0,0,0.444166667,0.233856335,Urban,Evening,Clear
2329,0.47,0,0.49,0.42,0,0,0.23125,0.383445405,Rural,Evening,Rain
2330,0.51,0,0.46,0,0,0.69,0.449166667,0.509232576,Highway,Morning,Rain
2331,0.81,0,0,0,0,0.7,0.325416667,0.413651404,Highway,Afternoon,Clear
2332,0.51,0,0,0.62,0,0.59,0.599583333,0.468192977,Highway,Afternoon,Rain
2333,0.72,0,0.65,0,0,0,0.585,0.542427153,Rural,Afternoon,Rain
2334,0,0,0.88,0,0,0.48,0.440416667,0.423897961,Highway,Morning,Clear
2335,0,0,0,0,0,0.63,0.72,0.249759846,Urban,Night,Rain
2336,0.83,0,0.48,0,0,0,0.68625,0.583893692,Highway,Evening,Rain
2337,0.46,0,0.48,0,0,0,0.665833333,0.459067136,Highway,Evening,Clear
2338,0,0,0,0,0,0,0.853333333,0.228839791,Highway,Afternoon,Clear
2339,0.74,0,0,0,0,0,0.21375,0.285142491,Urban,Evening,Clear
2340,0,0,0,0,0,0,0.643333333,0.163517985,Highway,Afternoon,Clear
2341,0.55,0,0,0,0,0.8,0.128333333,0.318497172,Highway,Morning,Clear
2342,0.98,0,0,0,0,0.87,0.137916667,0.449834561,Highway,Evening,Clear
2343,0.69,0,0,0,0,0,0.420833333,0.333546803,Urban,Evening,Fog
2344,0.88,0,0,0,0,0,0.871666667,0.498025403,Rural,Night,Fog
2345,0,0,0,0,0,0,0.437083333,0.081065215,Rural,Night,Clear
2346,0.73,0,0,0,0,0.72,0.189583333,0.384939695,Urban,Morning,Rain
2347,0.43,0,0,0,0,0,0.608333333,0.290319138,Urban,Afternoon,Clear
2348,0,0,0,0,0,0,0.46375,0.144252321,Highway,Morning,Fog
2349,0,0,0,0.73,0,0.75,0.460833333,0.332906393,Highway,Morning,Clear
2350,0.78,0,0.79,0,0,0,0.375,0.532180596,Rural,Afternoon,Clear
2351,0.97,0,0,0,1,0,0.352916667,0.612498666,Rural,Morning,Rain
2352,0.76,0,0.52,0,0,0,0.399583333,0.50085388,Urban,Morning,Clear
2353,0.89,0,0,0,0,0,0.452916667,0.40756751,Urban,Evening,Clear
2354,0,0,0.46,0,0,0,0.787083333,0.307770306,Rural,Night,Rain
2355,0.93,0,0,0,0,0,0.329166667,0.345287651,Highway,Night,Clear
2356,0.54,0,0,0,0,0,0.172083333,0.226438254,Highway,Morning,Clear
2357,0,0,0,0.49,0,0,0.69875,0.24351585,Highway,Afternoon,Clear
2358,0.53,0.61,0,0,0,0.52,0.27125,0.320685239,Urban,Morning,Clear
2359,0,0,0,0,0.73,0,0.713333333,0.32554168,Highway,Afternoon,Clear
2360,0,0,0,0,0,0,0.530416667,0.110097129,Highway,Night,Clear
2361,0.77,0,0.5,0,0,0,0.5775,0.554274736,Urban,Morning,Clear
2362,0,0,0,0,0,0,0.619166667,0.174298218,Highway,Evening,Clear
2363,0,0,0,0,0,0,0.389583333,0.084587469,Urban,Afternoon,Clear
2364,0.65,0,0,0,0,0,0.398333333,0.295442416,Highway,Afternoon,Clear
2365,0.9,0,0.95,0.85,0,0,0.428333333,0.718753335,Urban,Night,Rain
2366,0,0,0,0,0,0,0.447916667,0.102732415,Urban,Afternoon,Clear
2367,0.94,0,0,0,0.5,0,0.818333333,0.615006938,Highway,Afternoon,Clear
2368,0.61,0,0,0.41,0.59,0,0.216666667,0.410289252,Rural,Evening,Clear
2369,0,0,0,0,0,0,0.177916667,0.055342086,Highway,Morning,Rain
2370,0,0,0.89,0.5,0,0,0.4375,0.428113993,Urban,Morning,Rain
2371,0,0,0,0,0.65,0,0.57625,0.26753122,Highway,Afternoon,Clear
2372,0.54,0,0,0,0,0,0.61125,0.326448927,Highway,Afternoon,Clear
2373,0,0.43,0,0,0,0.57,0.8475,0.30003202,Highway,Afternoon,Rain
2374,0.87,0,0.61,0,0,0,0.380833333,0.516704024,Highway,Afternoon,Clear
2375,0.56,0,0.79,0,0,0,0.60625,0.515369837,Urban,Night,Clear
2376,0.89,0,0,0,0,0,0.748333333,0.481161277,Rural,Afternoon,Clear
2377,0,0,0.72,0,0.59,0,0.590833333,0.444978119,Urban,Afternoon,Clear
2378,0,0,0,0.75,0.57,0,0.699583333,0.368289038,Highway,Night,Clear
2379,0.65,0,0,0,0,0,0.55375,0.325488313,Rural,Night,Rain
2380,0.8,0,0.81,0,0,0.5,0.54625,0.679314761,Highway,Evening,Clear
2381,0.46,0,0,0,0,0,0.95625,0.389849504,Highway,Night,Rain
2382,0.77,0,0,0,0,0,0.0875,0.273775216,Urban,Morning,Rain
2383,0.67,0,0,0,0,0,0.246666667,0.254669655,Rural,Afternoon,Rain
2384,0.75,0,0,0,0,0,0.507083333,0.342992849,Highway,Night,Clear
2385,0.5,0,0.81,0,0,0,0.489583333,0.464990928,Rural,Night,Clear
2386,0.84,0,0,0,0,0,0.303333333,0.363325862,Highway,Morning,Clear
2387,0.92,0,0,0,0,0,0.578333333,0.456185292,Urban,Evening,Clear
2388,0.53,0,0,0.83,0,0,0.151666667,0.323193511,Highway,Morning,Clear
2389,0,0.52,0,0,0,0,0.625833333,0.158074501,Highway,Afternoon,Clear
2390,0,0,0,0,0,0,0.17,0.034582133,Rural,Evening,Clear
2391,0,0,0.78,0.95,0,0.55,0.464583333,0.518144946,Urban,Evening,Rain
2392,0,0,0,0,0.98,0,0.093333333,0.217312413,Highway,Morning,Clear
2393,0.46,0,0,0,0,0,0.538333333,0.27815135,Highway,Afternoon,Clear
2394,0.41,0,0,0,0,0,0.997083333,0.386540719,Highway,Night,Fog
2395,0,0,0,0,0,0,0.394583333,0.104440175,Urban,Evening,Rain
2396,0.79,0,0,0,0,0,0.657083333,0.439054328,Urban,Evening,Clear
2397,0.76,0,0,0.82,0.49,0,0.275833333,0.491728039,Rural,Afternoon,Clear
2398,0.73,0,0,0,0,0,0.275833333,0.282954424,Highway,Afternoon,Clear
2399,0.54,0.65,0,0,0,0,0.853333333,0.401750454,Highway,Afternoon,Clear
2400,0.63,0,0,0,0,0.53,0.186666667,0.32767638,Highway,Morning,Clear
2401,0,0,0.56,0,0.84,0.71,0.258333333,0.439534636,Urban,Afternoon,Rain
2402,0,0,0,0,0,0,0.741666667,0.212402604,Urban,Evening,Rain
2403,0.76,0,0,0,0,0,0.759166667,0.461201836,Highway,Evening,Clear
2404,0.7,0,0,0,0.4,0,0.58125,0.463496638,Highway,Evening,Clear
2405,0,0,0.42,0,0,0,0.800833333,0.320098196,Highway,Afternoon,Clear
2406,0.99,0,0.67,0,0,0.74,0.888333333,0.823140143,Rural,Afternoon,Clear
2407,0.48,0,0,0,0,0,0.43125,0.232949087,Urban,Night,Clear
2408,0.82,0,0.93,0,0,0.97,0.539166667,0.737858896,Highway,Night,Rain
2409,0.64,0,0.74,0.8,0,0,0.722916667,0.666933504,Highway,Night,Fog
2410,0,0,0,0,0,0,0.719166667,0.187106415,Rural,Afternoon,Clear
2411,0.66,0,0,0,0,0,0.461666667,0.336642118,Rural,Evening,Clear
2412,0,0,0,0,0,0.52,0.190416667,0.107535489,Highway,Evening,Rain
2413,0.83,0,0,0,0,0,0.290416667,0.319511154,Highway,Afternoon,Clear
2414,0,0,0.9,0,0,0,0.57625,0.373198847,Urban,Afternoon,Clear
2415,0,0,0.99,0,0,0,0.836666667,0.458960401,Urban,Night,Clear
2416,0.82,0,0.5,0,0.76,0,0.420833333,0.649268865,Urban,Evening,Fog
2417,0,0,0,0,0.95,0,0.30125,0.257925072,Highway,Evening,Clear
2418,0,0,0,0,0,0,0.492916667,0.153324795,Highway,Morning,Clear
2419,0.99,0,0,0,0,0,0.250833333,0.39502615,Highway,Morning,Clear
2420,0.48,0.53,0,0,0,0.79,0.254583333,0.31577543,Rural,Evening,Clear
2421,0.46,0,0.82,0,0,0,0.345,0.446365674,Highway,Evening,Clear
2422,0.83,0,0.8,0,0,0,0.347083333,0.578663678,Highway,Morning,Clear
2423,0.75,0,0.99,0,0,0,0.329583333,0.596274949,Highway,Morning,Clear
2424,0,0,0,0,0,0,0.544166667,0.132671576,Urban,Afternoon,Fog
2425,0.56,0,0,0,0,0,0.534583333,0.327302807,Urban,Evening,Clear
2426,0.45,0,0,0,0,0,0.299166667,0.200555022,Urban,Afternoon,Clear
2427,0.45,0,0.99,0.64,0,0.89,0.3625,0.688120397,Highway,Evening,Clear
2428,0,0,0.81,0,0,0.74,0.644583333,0.502775109,Highway,Morning,Clear
2429,0.94,0,0,0,0,0,0.505416667,0.439908208,Highway,Evening,Rain
2430,0.52,0,0,0,0.57,0.55,0.040833333,0.359163198,Highway,Morning,Rain
2431,0.59,0,0,0,0,0.56,0.332083333,0.309051126,Rural,Night,Clear
2432,0.54,0.4,0,0,0,0,0.345833333,0.243889423,Highway,Afternoon,Clear
2433,0.61,0,0,0,0,0,0.6125,0.385846942,Highway,Morning,Rain
2434,0.44,0,0,0,0,0,0.766666667,0.32447433,Highway,Night,Clear
2435,0,0,0,0,0,0,0.617083333,0.155352759,Highway,Afternoon,Clear
2436,0,0,0.55,0,0,0,0.33125,0.207332693,Urban,Afternoon,Rain
2437,0.71,0,0.88,0,0,0,0.697083333,0.669601879,Rural,Morning,Clear
2438,0.44,0,0,0,0,0.42,0.641666667,0.394279005,Urban,Morning,Clear
2439,0.88,0,0,0.4,0,0.58,0.26125,0.45196926,Rural,Afternoon,Clear
2440,0.54,0,0,0,0,0,0.876666667,0.409008432,Highway,Afternoon,Rain
2441,0.72,0,0.46,0,0,0,0.526666667,0.475611058,Rural,Afternoon,Clear
2442,0.93,0,0.87,0,0,0,0.622916667,0.677820472,Highway,Afternoon,Clear
2443,0.79,0.95,0,0,0,0,0.739583333,0.446419042,Highway,Afternoon,Clear
2444,0,0,0.95,0.47,0.51,0.85,0.589166667,0.693670616,Highway,Morning,Rain
2445,0,0,0,0,0,0,0.564583333,0.139022308,Urban,Afternoon,Clear
2446,0,0,0,0.72,0,0.43,0.587083333,0.311612766,Urban,Evening,Clear
2447,0.72,0,0.63,0,0,0,0.437083333,0.472996051,Rural,Night,Rain
2448,0,0,0.78,0.81,0,0,0.75625,0.520493116,Urban,Evening,Clear
2449,0,0,0,0,0,0,0.55125,0.171469741,Urban,Morning,Clear
2450,0.59,0,0.66,0,0,0,0.345833333,0.428967873,Highway,Afternoon,Clear
2451,0.6,0,0,0,0,0.53,0.487916667,0.393478493,Highway,Evening,Clear
2452,0.8,0,0,0,0,0,0.505416667,0.395079518,Highway,Evening,Clear
2453,1,0,0,0,0,0,0.688333333,0.534315295,Highway,Morning,Clear
2454,0.8,0,0,0,0,0,0.07875,0.280659622,Highway,Morning,Clear
2455,0,0,0.66,0,0,0,0.727916667,0.35889636,Urban,Afternoon,Clear
2456,0,0,0.59,0,0,0,0.2875,0.203970541,Highway,Afternoon,Rain
2457,0,0.91,0,0.65,0,0.82,0.618333333,0.380616928,Highway,Morning,Clear
2458,0.73,0,0,0,0,0,0.48875,0.349183477,Rural,Afternoon,Fog
2459,0,0,0,0,0.79,0,0.334166667,0.219126908,Highway,Afternoon,Clear
2460,0,0,0.86,0,0,0.87,0.8775,0.549791867,Urban,Night,Clear
2461,0.84,0,0,0,0,0,0.722083333,0.456985804,Urban,Afternoon,Clear
2462,0.68,0,0,0,0.83,0,0.489583333,0.474597075,Urban,Night,Clear
2463,0,0,0,0,0,0,0.9475,0.239833493,Highway,Night,Clear
2464,0.44,0,0,0,0.81,0,0.579166667,0.44006831,Highway,Afternoon,Clear
2465,0.74,0,0,0,0,0,0.918333333,0.467712669,Urban,Night,Rain
2466,0.97,0,0.96,0,0.59,0.67,0.67375,0.965257765,Highway,Morning,Clear
2467,0.51,0,0.96,0,0,0,0.3225,0.472942683,Urban,Afternoon,Clear
2468,0.81,0,0.5,0,0.55,0,0.408333333,0.620130217,Highway,Morning,Fog
2469,0.52,0,0.92,0,0,0,0.61125,0.555715658,Highway,Afternoon,Clear
2470,0,0,0.84,0.84,0,0,0.27,0.3701569,Highway,Afternoon,Clear
2471,0,0.85,0.55,0,0,0.82,0.275,0.313160423,Urban,Evening,Clear
2472,0.72,0,0.44,0.71,0,0,0.8775,0.652257445,Highway,Night,Clear
2473,0,0,0,0,0,0.63,0.52375,0.207012488,Urban,Afternoon,Rain
2474,0,0,0,0,0,0,0.267083333,0.046483083,Highway,Afternoon,Clear
2475,0.46,0,0.56,0,0,0,0.6675,0.44348383,Highway,Night,Clear
2476,0.67,0,0,0.44,0,0,0.125416667,0.309905006,Urban,Morning,Clear
2477,0.85,0,0.95,0.52,0,0,0.281666667,0.633151884,Rural,Afternoon,Clear
2478,0,0.5,0,0,0,0,0.1525,0.029138649,Highway,Evening,Clear
2479,0.61,0,0,0,0,0,0.543333333,0.346034796,Urban,Evening,Clear
2480,0,0,0.78,0,0,0.5,0.303333333,0.358202583,Urban,Morning,Clear
2481,0,0,0,0,0,0.64,0.535416667,0.211922297,Highway,Afternoon,Clear
2482,0,0,0,0,0,0,0.644583333,0.200501654,Urban,Morning,Clear
2483,0.8,0,0,0,0.97,0,0.525833333,0.587789519,Highway,Evening,Rain
2484,0.88,0,0,0,0,0,0.330416667,0.366261074,Highway,Evening,Clear
2485,0.96,0,0,0.9,0,0,0.906666667,0.64980254,Rural,Night,Clear
2486,0,0,0,0,0,0,0.687083333,0.177126694,Urban,Afternoon,Fog
2487,0.54,0,0.83,0.83,0.95,0,0.457916667,0.816789412,Urban,Morning,Clear
2488,0,0,0,0.94,0,0,0.53625,0.232308678,Urban,Night,Fog
2489,0.64,0,0,0,0,0,0.545416667,0.374586402,Highway,Morning,Rain
2490,0.49,0,0,0,0,0.75,0.316666667,0.314868182,Rural,Afternoon,Clear
2491,0,0,0,0,0,0,0.55125,0.171469741,Highway,Morning,Rain
2492,1,0,0.55,0.47,0,0,0.599583333,0.671202903,Highway,Afternoon,Clear
2493,0.96,0,0.83,0.99,0,0,0.595833333,0.8138542,Highway,Evening,Clear
2494,0.72,0.47,0,0,0,0,0.848333333,0.439534636,Urban,Night,Clear
2495,0.91,0,0.42,0,0,0,0.625,0.575088056,Highway,Evening,Clear
2496,0,0,0,0,0,0.97,0.405416667,0.250346889,Highway,Morning,Clear
2497,0,0,0.63,0,0,0,0.967916667,0.40756751,Highway,Night,Clear
2498,0.71,0,0.78,0.53,0,0,0.484166667,0.645639876,Highway,Morning,Clear
2499,0,0,0,0,0,0.44,0.317916667,0.155246024,Highway,Morning,Clear
2500,0.77,0,0,0,0,0,0.302083333,0.303927847,Rural,Afternoon,Rain
2501,0.45,0,0.49,0,0,0,0.480833333,0.364286477,Highway,Night,Clear
2502,0.85,0,0,0,0,0,0.879583333,0.509179208,Rural,Afternoon,Clear
2503,0.48,0,0.89,0,0,0,0.565416667,0.502668374,Highway,Night,Fog
2504,0,0,0,0,0,0,0.17,0.034582133,Urban,Evening,Rain
2505,0.9,0,0,0,0.67,0.7,0.797916667,0.718166293,Rural,Afternoon,Clear
2506,0.87,0,0,0,0,0,0.644166667,0.424058064,Highway,Night,Rain
2507,0,0,0.54,0,0,0,0.239166667,0.212722809,Urban,Morning,Clear
2508,0,0,0,0,0,0,0.319583333,0.062813534,Highway,Afternoon,Rain
2509,0,0,0.79,0,0,0,0.769583333,0.386860924,Rural,Night,Rain
2510,0.83,0,0.64,0,0,0,0.496666667,0.565908848,Highway,Evening,Rain
2511,0,0,0,0,0.91,0.6,0.634583333,0.412477319,Urban,Afternoon,Rain
2512,0.42,0,0,0.41,0.67,0.7,0.385833333,0.507097876,Urban,Evening,Rain
2513,0.58,0,0,0,0,0,0.272083333,0.252054648,Rural,Evening,Rain
2514,0,0,0,0,0,0,0.307083333,0.077222756,Urban,Evening,Rain
2515,0.56,0,0.76,0,0,0,0.38375,0.456772334,Highway,Afternoon,Clear
2516,0.62,0,0,0,0,0,0.706666667,0.400042694,Highway,Evening,Clear
2517,0.45,0,0,0,0,0,0.82125,0.362952289,Rural,Afternoon,Clear
2518,0.96,0,0,0,0,0,0.727916667,0.497224891,Rural,Afternoon,Clear
2519,0.73,0,0.46,0,0.65,0,0.883333333,0.69633899,Highway,Night,Clear
2520,0.58,0,0,0,0,0,0.830833333,0.389262461,Highway,Night,Rain
2521,0.64,0,0,0,0.49,0,0.63,0.495036824,Urban,Morning,Clear
2522,0.67,0,0,1,0,0,0.9,0.585975024,Highway,Afternoon,Clear
2523,0.76,0,0,0,0,0,0.328333333,0.308891024,Highway,Afternoon,Clear
2524,0.71,0.44,0,0,0,0.41,0.64625,0.444284342,Rural,Afternoon,Clear
2525,0,0,0,0.57,0,0.59,0.267083333,0.195058171,Urban,Afternoon,Fog
2526,0.95,0,0,0,0,0,0.515,0.427793788,Highway,Afternoon,Rain
2527,0,0,0.41,0,0,0.89,0.345833333,0.289998933,Highway,Afternoon,Rain
2528,0.7,0,0,0.8,0,0.73,0.237916667,0.457519479,Rural,Afternoon,Rain
2529,0,0,0,0,0,0,0.744583333,0.213309852,Highway,Evening,Rain
2530,0,0,0,0,0,0,0.198333333,0.061692817,Highway,Morning,Rain
2531,1,0,0.95,0,0,0,0.93,0.797950688,Highway,Night,Clear
2532,0.91,0,0.56,0,0,0,0.39375,0.557316683,Rural,Morning,Rain
2533,0.53,0,0.89,0,0,0,0.475,0.490553955,Urban,Night,Fog
2534,0.96,0,1,0,0,0.67,0.315833333,0.729320098,Highway,Evening,Clear
2535,0.47,0,0,0,0,0.57,0.346666667,0.276443591,Urban,Night,Rain
2536,0.89,0,0,0,0.66,0.58,0.713333333,0.671363006,Rural,Afternoon,Rain
2537,0.63,0,0.53,0,0,0,0.3925,0.422990714,Rural,Afternoon,Rain
2538,0.93,0,0,0,0,0.63,0.648333333,0.561852919,Highway,Evening,Clear
2539,0.92,0,0,0,0,0,0.562916667,0.469687267,Highway,Morning,Clear
2540,0,0,0,0,0,0.9,0.585,0.260646814,Urban,Afternoon,Clear
2541,0.88,0.83,0.56,0,0,0,0.718333333,0.630376774,Highway,Evening,Clear
2542,0.87,0,0,0.51,0.72,0.98,0.058333333,0.625893905,Rural,Morning,Clear
2543,0.58,0,0,0,0,0,0.644166667,0.331198634,Rural,Night,Fog
2544,0,0,0,0,0.41,0.66,0.264166667,0.20888035,Rural,Afternoon,Rain
2545,0.45,0,0,0,0,0,0.58125,0.306596222,Urban,Evening,Rain
2546,0,0,0,0,0,0,0.175833333,0.036396627,Highway,Evening,Clear
2547,0.64,0,0,0,0,0,0.559583333,0.324100758,Urban,Night,Rain
2548,0.5,0,0,0,0,0,0.583333333,0.341551927,Highway,Morning,Clear
2549,0.82,0,0.8,0,0.67,0,0.405416667,0.722328957,Highway,Morning,Rain
2550,0,0,0,0,0,0.64,0.30625,0.177233429,Urban,Morning,Clear
2551,0,0,0,0,0,0,0.86875,0.215337816,Urban,Night,Fog
2552,0.61,0,0,0,0,0,0.293333333,0.249973316,Highway,Afternoon,Rain
2553,0.99,0,0,0,0,0,0.426666667,0.431422777,Urban,Evening,Rain
2554,0,0,0.98,0,0.87,0,0.597916667,0.604173338,Urban,Morning,Clear
2555,0.78,0,0.95,0,0,0,0.504166667,0.595047497,Highway,Night,Rain
2556,0.89,0,0.7,0,0,0,0.44625,0.603105988,Highway,Morning,Clear
2557,0.48,0,0,0,0,0.91,0.17,0.304835094,Highway,Evening,Clear
2558,0,0,0,0,0.81,0,0.385,0.275376241,Urban,Morning,Fog
2559,0.92,0,0,0,0,0,0.51875,0.401056676,Rural,Night,Fog
2560,0.95,0,0,0,0,0,0.45375,0.408741595,Highway,Afternoon,Clear
2561,0.69,0,0,0,0.78,0,0.70375,0.5714057,Rural,Evening,Clear
2562,0.76,0,0,0,0,0.66,0.674583333,0.519425766,Rural,Evening,Clear
2563,0.86,0,0,0.75,0,0,0.355833333,0.482121891,Urban,Morning,Rain
2564,0.5,0.96,0,0,0,0.73,0.710416667,0.437986978,Highway,Afternoon,Clear
2565,0.7,0,0,0,0,0,0.650416667,0.426459601,Highway,Morning,Clear
2566,0,0.66,0.88,0,0.95,0,0.918333333,0.638702103,Urban,Night,Clear
2567,0,0,0,0,0,0,0.38375,0.082772975,Urban,Afternoon,Clear
2568,0.64,0,0.48,0,0,0,0.482916667,0.441509233,Highway,Afternoon,Clear
2569,0.49,0,0,0,0,0.54,0.64625,0.390489914,Urban,Afternoon,Clear
2570,0.62,0,0,0,0,0,0.386666667,0.282207279,Highway,Afternoon,Clear
2571,0.44,0,0.99,0,0,0,0.3325,0.497918668,Highway,Morning,Clear
2572,0.42,0,0,0,0,0,0.765833333,0.336108443,Urban,Afternoon,Clear
2573,0.48,0,0,0,0,0,0.146666667,0.181022521,Urban,Evening,Clear
2574,0.98,0,0,0.94,0,0,0.549166667,0.586722169,Rural,Evening,Clear
2575,0,0,0.98,0,0,0,0.935833333,0.48724517,Rural,Night,Clear
2576,0.73,0,0.5,0,0,0,0.662916667,0.549738499,Urban,Evening,Clear
2577,0.98,0,0,0,0,0.85,0.329166667,0.470167574,Rural,Night,Clear
2578,0.66,0,0,0,0,0,0.195416667,0.272120824,Highway,Morning,Clear
2579,0,0,0,0,0,0,0.508333333,0.13982282,Rural,Evening,Clear
2580,0.59,0,0,0,0,0.72,0.404166667,0.370263635,Highway,Afternoon,Rain
2581,0.7,0,0,0,0.41,0,0.33125,0.369356388,Urban,Afternoon,Rain
2582,0.66,0,0,0.59,0,0,0.415833333,0.379656313,Urban,Afternoon,Clear
2583,0.46,0,0,0,0,0.89,0.31875,0.342138969,Urban,Evening,Clear
2584,0.78,0,0,0,0,0,0.54125,0.381524175,Urban,Afternoon,Rain
2585,0.53,0,0,0,0,0,0.395416667,0.256110577,Urban,Afternoon,Clear
2586,0.77,0,0,0,0,0.87,0.68125,0.533301313,Highway,Afternoon,Rain
2587,0.79,0,0,0,0,0.53,0.810416667,0.518038211,Urban,Night,Clear
2588,0.49,0,0,0,0.73,0,0.888333333,0.536876935,Highway,Afternoon,Clear
2589,0,0,0,0,0,0,0.358333333,0.056569538,Urban,Night,Clear
2590,0.44,0,0,0,0,0.83,0.655833333,0.39630697,Urban,Night,Fog
2591,0.87,0,0.58,0,0,0,0.164166667,0.459921016,Highway,Evening,Clear
2592,0.68,0,0,0,0,0,0.6325,0.359590138,Highway,Night,Clear
2593,0,0,0,0.8,0.87,0,0.550833333,0.386060412,Highway,Night,Clear
2594,0.43,0,0,0,0,0.88,0.620833333,0.388622051,Rural,Night,Fog
2595,1,0,0.46,0,0,0,0.762083333,0.656793681,Highway,Evening,Clear
2596,0.43,0,0,0,0,0.61,0.38375,0.298591098,Highway,Afternoon,Rain
2597,0.82,0,0,0,0,0,0.207083333,0.326982602,Urban,Morning,Fog
2598,0.99,0,0.56,0,0,0,0.125416667,0.499466325,Highway,Morning,Clear
2599,0,0,0,0,0,0,0.688333333,0.214110364,Rural,Morning,Clear
2600,0,0,0.89,0,0,0.5,0.382916667,0.392838083,Rural,Evening,Rain
2601,0.54,0,0,0,0,0,0.675416667,0.346408368,Urban,Afternoon,Clear
2602,0,0,0,0,0,0.4,0.569583333,0.210107802,Highway,Evening,Fog
2603,0.49,0,0,0,0,0,0.38375,0.239673391,Highway,Afternoon,Rain
2604,0,0,0.63,0,0,0,0.391666667,0.264916213,Highway,Evening,Clear
2605,0.47,0,0,0,0,0,0.389583333,0.235083787,Highway,Afternoon,Clear
2606,0,0,0,0,0,0,0.246666667,0.040132351,Highway,Afternoon,Clear
2607,0.58,0,0,0,0,0,0.514166667,0.327356175,Urban,Evening,Rain
2608,0,0,0,0,0,0,0.377916667,0.08095848,Highway,Afternoon,Clear
2609,0.46,0,0,0,0,0,0.389583333,0.231881738,Highway,Afternoon,Clear
2610,0,0,0.45,0,0,0,0.500416667,0.234336642,Urban,Afternoon,Rain
2611,0.82,0,0,0.51,0.72,0,0.56375,0.623278898,Urban,Evening,Fog
2612,0.44,0,0,0,0,0,0.303333333,0.235243889,Highway,Morning,Rain
2613,0.71,0,0,0,0,0,0.30625,0.322606468,Urban,Morning,Clear
2614,1,0,0,0,0.59,0,0.683333333,0.627815135,Highway,Evening,Clear
2615,0.89,0,0,0,0,0,0.585,0.430355427,Urban,Afternoon,Clear
2616,0.77,0,0,0,0,0,0.5375,0.39545309,Highway,Evening,Rain
2617,0.58,0,0,0,0,0,0.484166667,0.336321913,Urban,Morning,Rain
2618,0.77,0,0,0,0,0,0.718333333,0.451702423,Highway,Evening,Clear
2619,0.72,0,0,0,0,0,0.42,0.361191162,Rural,Morning,Rain
2620,0.66,0,0.61,0,0.48,0,0.935833333,0.696018785,Highway,Night,Rain
2621,0.48,0,0,0,0,0,0.97375,0.401697086,Urban,Night,Rain
2622,0,0,0,0.77,0.93,0,0.810416667,0.47449034,Highway,Night,Clear
2623,0.93,0,0,0,0.68,0.67,0.439166667,0.614259793,Rural,Afternoon,Rain
2624,0.67,0,0,0,0,0,0.254583333,0.275429608,Highway,Evening,Rain
2625,0.52,0,0,0,0,0,0.34375,0.218539866,Rural,Night,Clear
2626,0,0,0,0,0,0,0.135,0.023695165,Rural,Evening,Clear
2627,0.62,0.47,0,0,0,0.61,0.4325,0.392891451,Highway,Evening,Rain
2628,0.65,0,0.99,0,0,0,0.300416667,0.555181983,Highway,Morning,Clear
2629,0.9,0,0,0.6,0,0.73,0.2625,0.540185719,Highway,Morning,Rain
2630,0,0,0,0,0,0,0.622083333,0.175205465,Highway,Evening,Fog
2631,0,0,0,0,0,0.51,0.48,0.178033942,Highway,Afternoon,Clear
2632,0.84,0,0,0,0,0,0.75125,0.466058277,Rural,Afternoon,Fog
2633,0.86,0,0.78,0,0,0,0.134166667,0.516917494,Urban,Morning,Clear
2634,0,0,0,0.53,0,0,0.727916667,0.257711602,Urban,Afternoon,Clear
2635,0.41,0,0,0,0,0.92,0.51,0.352865834,Urban,Night,Clear
2636,0.65,0.71,0,0,0,0,0.430416667,0.305422137,Urban,Afternoon,Clear
2637,0.69,0,0,0,0,0,0.766666667,0.404525563,Highway,Night,Rain
2638,0,0,0.65,0,0,0,0.27125,0.250880564,Urban,Morning,Clear
2639,0.41,0,0,0,0,0.55,0.14375,0.228146013,Rural,Evening,Clear
2640,0.56,0,0,0,0,0,0.6075,0.34998399,Highway,Evening,Clear
2641,0.86,0.61,0,0,0,0,0.251666667,0.335361298,Rural,Evening,Clear
2642,0,0,0.5,0,0.93,0,0.682083333,0.464030313,Highway,Night,Clear
2643,0.48,0,0,0,0.75,0.54,0.732916667,0.576635714,Urban,Evening,Clear
2644,0.72,0,0,0,0,0,0.337916667,0.280766357,Highway,Night,Clear
2645,0.53,0,0,0.59,0,0,0.125416667,0.284288611,Urban,Morning,Clear
2646,0.41,0,0,0,0,0,0.1925,0.191162344,Urban,Morning,Clear
2647,0.54,0,0,0,0.8,0,0.137083333,0.369249653,Urban,Morning,Rain
2648,0.99,0,0,0,0,0,0.25375,0.395933397,Rural,Morning,Clear
2649,0,0,0,0,0,0.69,0.23125,0.142010887,Highway,Evening,Clear
2650,0,0.62,0,0,0,0,0.724166667,0.206959121,Rural,Evening,Clear
2651,0.88,0,0,0,0,0.7,0.199166667,0.415092326,Highway,Evening,Clear
2652,0.98,0,0,0.51,0,0.53,0.426666667,0.561425979,Urban,Evening,Clear
2653,0,0,0.99,0.94,0.88,0,0.613333333,0.715551286,Urban,Evening,Clear
2654,0.69,0,0,0,0.8,0,0.215833333,0.44177607,Rural,Morning,Clear
2655,0,0,0,0,0.64,0,0.504166667,0.224890597,Urban,Night,Clear
2656,0,0,0.89,0,0,0.56,0.77375,0.52209414,Urban,Evening,Clear
2657,0.47,0,0.57,0,0,0,0.190416667,0.33744263,Highway,Evening,Clear
2658,0,0,0,0,0.71,0,0.7375,0.310918988,Highway,Night,Clear
2659,0.73,0,0,0,0,0.5,0.684166667,0.474010033,Rural,Afternoon,Clear
2660,0,0,0,0.64,0.88,0,0.573333333,0.392784716,Urban,Afternoon,Clear
2661,0.67,0,0.44,0,0,0,0.719166667,0.514355854,Urban,Afternoon,Rain
2662,0,0,0,0,0,0,0.8125,0.216138329,Rural,Afternoon,Rain
2663,0.91,0.77,0,0,0,0,0.792083333,0.501174085,Urban,Afternoon,Clear
2664,0.46,0,0,0,0,0,0.37125,0.244476465,Highway,Evening,Clear
2665,0.69,0,0.43,0.55,0,0,0.228333333,0.454264062,Highway,Evening,Rain
2666,0.49,0,0,0.67,0,0,0.239166667,0.317109617,Highway,Morning,Rain
2667,0,0,0.47,0,0,0,0.604583333,0.290159035,Rural,Evening,Fog
2668,0,0,0,0,0,0,0.466666667,0.145159569,Rural,Morning,Clear
2669,0,0,0,0.59,0,0,0.142916667,0.120023482,Rural,Morning,Clear
2670,0,0,0,0,0.62,0.83,0.608333333,0.378055289,Highway,Afternoon,Clear
2671,0,0,0.75,0,0,0.86,0.507083333,0.405112605,Urban,Night,Rain
2672,0,0,0.96,0,0,0,0.500416667,0.364980254,Highway,Afternoon,Clear
2673,0.59,0,0,0,0,0,0.935833333,0.425125414,Highway,Night,Clear
2674,0,0,0,0.85,0,0,0.17875,0.146173551,Highway,Evening,Clear
2675,0.84,0,0,0,0,0,0.662916667,0.456879069,Highway,Evening,Clear
2676,0.69,0,0,0,0,0,0.307916667,0.280125947,Highway,Afternoon,Clear
2677,0,0,0,0,0,0,0.39625,0.068363753,Highway,Night,Clear
2678,0,0,0,0,0,0.68,0.202083333,0.131657594,Highway,Evening,Rain
2679,0.63,0.83,0.7,0,0.63,0,0.277083333,0.588269826,Highway,Morning,Rain
2680,0.64,0,0,0,0,0,0.451666667,0.290532608,Urban,Night,Clear
2681,0.68,0,0,0,0,0.83,0.757083333,0.52294802,Highway,Afternoon,Clear
2682,0.87,0,0.91,0,0,0,0.407916667,0.583680222,Rural,Night,Fog
2683,0.94,0,0.67,0,0,0.84,0.56375,0.737271854,Rural,Evening,Clear
2684,0,0,0,0,0,0,0.57125,0.122798591,Highway,Night,Clear
2685,0.97,0,0.83,0.98,0.46,0.48,0.58875,0.926833173,Rural,Night,Clear
2686,0.87,0,0.84,0,0.95,0,0.347916667,0.766197033,Highway,Evening,Clear
2687,0,0,0.5,0.66,0,0,0.35375,0.304354787,Highway,Evening,Rain
2688,0.59,0,0,0,0,0,0.247916667,0.26603693,Highway,Morning,Clear
2689,0,0,0,0,0,0,0.924166667,0.232575515,Rural,Night,Rain
2690,0.81,0,0.62,0,0,0,0.219583333,0.468192977,Highway,Evening,Clear
2691,0.66,0,0,0,0,0,0.542083333,0.325061373,Urban,Night,Rain
2692,0,0,0,0,0,0,0.540416667,0.14980254,Highway,Evening,Clear
2693,0.55,0.47,0,0,0.45,0,0.17875,0.299871918,Rural,Evening,Rain
2694,0.9,0,0,0,0,0,0.167083333,0.321859323,Highway,Evening,Clear
2695,0,0,0.78,0,0,0,0.485,0.332372719,Highway,Evening,Rain
2696,0,0,0,0.92,0,0.98,0.307916667,0.302540292,Urban,Afternoon,Clear
2697,0.42,0,0,0.74,0,0,0.603333333,0.362045042,Highway,Night,Clear
2698,0.94,0,0.44,0,0,0,0.783333333,0.620770627,Highway,Afternoon,Clear
2699,0.68,0.42,0.62,0,0,0,0.09625,0.40650016,Highway,Morning,Rain
2700,0.78,0,0.72,0,0,0.89,0.14875,0.594460455,Urban,Morning,Clear
2701,0.8,1,0,0,0,0,0.334166667,0.323513715,Urban,Afternoon,Fog
2702,0,0,0,0,0.79,0,0.692916667,0.330718326,Highway,Afternoon,Clear
2703,0,0,0,0,0,0,0.662916667,0.187906927,Rural,Evening,Clear
2704,0,0,1,0,0.65,0,0.694166667,0.596968727,Highway,Morning,Clear
2705,0.94,0.54,0,0,0,0,0.5025,0.439000961,Urban,Evening,Clear
2706,0,0,0,0,0,0,0.755,0.179955171,Urban,Night,Clear
2707,0.78,0,0.68,0,0,0,0.73,0.632724944,Urban,Evening,Clear
2708,0,0,0,0,0,0,0.342083333,0.088109724,Highway,Evening,Rain
2709,0,0,0,0,0,0.52,0.319583333,0.12941616,Urban,Afternoon,Clear
2710,0.77,0,0,0,0,0,0.609166667,0.381150603,Urban,Night,Clear
2711,0,0,0,0,0,0,0.291666667,0.09072473,Rural,Morning,Fog
2712,0.44,0,0,0.49,0,0,0.619166667,0.377948554,Urban,Evening,Rain
2713,0.71,0,0,0,0,0,0.470416667,0.355374106,Highway,Evening,Rain
2714,0.49,0,0.89,0,0,0,0.85625,0.614633365,Highway,Afternoon,Clear
2715,0.84,0,0.66,0,0,0.51,0.468333333,0.612445298,Urban,Afternoon,Fog
2716,0.71,0,0,0.81,0,0.48,0.670833333,0.601238126,Rural,Morning,Fog
2717,0.81,0,0,0,0.64,0,0.28875,0.472142171,Highway,Morning,Rain
2718,0,0,0.88,0,0,0,0.27875,0.275536343,Highway,Afternoon,Rain
2719,0.43,0,0,0,0,0,0.43625,0.236791547,Highway,Afternoon,Rain
2720,0.45,0,0,0,0,0,0.560833333,0.30024549,Highway,Evening,Rain
2721,0.83,0,0.76,0,0,0,0.8125,0.67659302,Highway,Afternoon,Clear
2722,0,0,0,0,0,0,0.472083333,0.091952183,Highway,Night,Rain
2723,0.44,0,0,0,0,0.48,0.1925,0.262247839,Highway,Morning,Clear
2724,0.44,0,0,0,0,0,0.941666667,0.378909169,Highway,Night,Rain
2725,0,0,0,0,0,0,0.38875,0.10262568,Highway,Evening,Rain
2726,0,0,0,0.71,0,0,0.792083333,0.300725798,Urban,Afternoon,Rain
2727,0.41,0,0,0,0.81,0,0.355416667,0.342565909,Highway,Night,Clear
2728,0.97,0,0,0,0,0,0.207916667,0.356975131,Highway,Evening,Clear
2729,0,0,0.93,0,0,0,0.679583333,0.449621091,Rural,Morning,Fog
2730,0.84,0,0,0,0,0,0.475,0.361831572,Highway,Night,Clear
2731,0.61,0,0.65,0,0,0,0.596666667,0.5108336,Rural,Afternoon,Clear
2732,0.58,0,0,0,0,0.85,0.37125,0.391770733,Urban,Evening,Rain
2733,0.61,0,0,0,0.44,0,0.6075,0.450528338,Highway,Evening,Clear
2734,0,0,0,0,0,0,0.149583333,0.028231401,Highway,Evening,Clear
2735,0.86,0,0.76,0,0,0,0.543333333,0.620770627,Urban,Evening,Clear
2736,0,0,0.78,0,0,0,0.445833333,0.283594834,Urban,Night,Clear
2737,0,0,0,0,0,0.68,0.210833333,0.134379336,Urban,Evening,Clear
2738,0.8,0,0,0,0,0,0.390833333,0.377735084,Highway,Morning,Rain
2739,0,0,0,0,0,0.87,0.464583333,0.237645426,Rural,Evening,Clear
2740,0.51,0,0.65,0,0,0,0.614166667,0.484256591,Highway,Afternoon,Fog
2741,0.5,0,0.49,0,0,0,0.037916667,0.297417014,Urban,Morning,Clear
2742,0.46,0,0.46,0,0,0,0.552916667,0.400523001,Rural,Afternoon,Clear
2743,0.8,0,0.41,0.79,0,0.85,0.508333333,0.711068417,Highway,Evening,Clear
2744,0,0,0,0,0,0,0.83,0.221581812,Rural,Afternoon,Clear
2745,0.86,0,0,0,0.76,0.76,0.3925,0.604226705,Urban,Afternoon,Clear
2746,0.56,0,0,0,0.86,0,0.87375,0.579731028,Urban,Afternoon,Rain
2747,0.41,0,0,0,0,0,0.490833333,0.265663358,Urban,Evening,Clear
2748,0.45,0,0,0,0,0,0.674583333,0.335628135,Highway,Evening,Clear
2749,0,0.43,0,0,0,0,0.9825,0.250720461,Urban,Night,Clear
2750,0.98,0,0,0,0,0,0.7075,0.497278258,Urban,Afternoon,Clear
2751,0.58,0,0,0,0.9,0,0.897083333,0.601078023,Urban,Afternoon,Rain
2752,0,0,0.92,0,0,0,0.5325,0.364713417,Urban,Afternoon,Clear
2753,0.86,0,0.54,0,0,0.81,0.547916667,0.632991781,Highway,Night,Rain
2754,0.77,0,0,0,0,0,0.565416667,0.367541893,Urban,Night,Clear
2755,0,0,0.53,0,0,0,0.865,0.368235671,Urban,Afternoon,Clear
2756,0,0,0,0,0,0.41,0.37,0.112712136,Highway,Night,Clear
2757,0.63,0,0.84,0,0,0.59,0.52875,0.638648735,Highway,Evening,Rain
2758,0.52,0,0.59,0,0,0,0.827916667,0.520279646,Highway,Night,Clear
2759,0.47,0,0,0,0,0.78,0.77375,0.472782581,Rural,Evening,Clear
2760,0,0,0,0,0,0.41,0.88625,0.273294909,Highway,Night,Clear
2761,0.77,0,0.7,0,0,0,0.438333333,0.543921443,Highway,Evening,Rain
2762,0.86,0,0,0,0,0,0.305,0.333653538,Urban,Afternoon,Rain
2763,0,0,0.5,0,0,0.42,0.600416667,0.313747465,Urban,Night,Clear
2764,0.79,0,0.98,0,0,0.91,0.421666667,0.715124346,Urban,Afternoon,Rain
2765,0,0,0.91,0.93,0,0,0.521666667,0.459600811,Urban,Night,Clear
2766,0,0,0,0,0.5,0,0.315833333,0.176005977,Urban,Evening,Clear
2767,0.72,0,0,0,0,0.81,0.5325,0.463336535,Urban,Afternoon,Clear
2768,0,0,0.92,0,0,0,0.264166667,0.281246665,Highway,Afternoon,Clear
2769,0.43,0,0,0,0,0,0.8775,0.355747679,Urban,Night,Clear
2770,0,0,0,0,0,0,0.433333333,0.098196179,Rural,Afternoon,Clear
2771,0.98,0,0,0,0,0,0.245,0.390009606,Rural,Morning,Clear
2772,0.88,0,0.64,0,0,0.56,0.854166667,0.728252748,Highway,Night,Rain
2773,0,0.51,0,0,0,0,0.1925,0.059878322,Highway,Morning,Clear
2774,0.58,0,0.86,0,0,0,0.73375,0.597662504,Highway,Afternoon,Rain
2775,0.99,0.42,0,0,0,0,0.835833333,0.540399189,Highway,Afternoon,Fog
2776,0.76,0,0,0,0,0,0.517083333,0.38590031,Rural,Evening,Rain
2777,0.75,0,0,0,0,0,0.524583333,0.348436333,Highway,Night,Clear
2778,0.85,0,0,0,0,0.81,0.688333333,0.590030953,Highway,Morning,Clear
2779,0.89,0,0.49,0.66,0.94,0,0.748333333,0.871811293,Urban,Afternoon,Clear
2780,0.79,0.64,0.41,0.94,0,0.88,0.92125,0.822766571,Highway,Night,Clear
2781,0.48,0,0,0,0,0.58,0.129166667,0.249866581,Highway,Evening,Rain
2782,0.6,0,0,0.85,0.79,0.42,0.734583333,0.680168641,Urban,Night,Fog
2783,0.96,0,0,0,0,0,0.640416667,0.470007471,Rural,Afternoon,Clear
2784,0.53,0,0,0,0,0,0.657916667,0.337762835,Highway,Afternoon,Clear
2785,0.62,0,0,0,0,0,0.804583333,0.393905433,Rural,Night,Rain
2786,0,0,0.41,0.69,0,0,0.175,0.247838617,Highway,Morning,Fog
2787,0,0,0,0,0,0.96,0.305,0.181235991,Highway,Afternoon,Clear
2788,0.66,0,0,0,0,0.61,0.75125,0.486551393,Urban,Afternoon,Clear
2789,0,0,0,0,0,0.46,0.544166667,0.191589284,Highway,Afternoon,Fog
2790,0.66,0,0,0.76,0,0,0.42875,0.442042907,Rural,Morning,Rain
2791,0.77,0,0,0,0.93,0.7,0.614166667,0.669335041,Highway,Afternoon,Clear
2792,0,0,0,0,0,0,0.35,0.108869677,Highway,Morning,Clear
2793,0,0,0.75,0,0,0,0.662916667,0.380029886,Highway,Evening,Fog
2794,0.97,0,0,0,0,0.86,0.470416667,0.548777885,Highway,Evening,Clear
2795,0.54,0,0,0.6,0,0,0.725,0.438680756,Urban,Afternoon,Clear
2796,0.47,0,0,0,0,0,0.137083333,0.193136941,Highway,Morning,Rain
2797,0.52,0,0,0,0,0,0.263333333,0.230120611,Rural,Evening,Clear
2798,0.93,0,0,0,0,0,0.56375,0.454851105,Urban,Evening,Clear
2799,0,0,0,0.99,0,0,0.058333333,0.144946099,Highway,Morning,Clear
2800,0.79,0,0.67,0,0,0,0.407083333,0.514622692,Urban,Afternoon,Clear
2801,0.57,0,0.71,0,0,0,0.740416667,0.539812146,Urban,Night,Clear
2802,0.89,0,0,0,0,0,0.854166667,0.495783968,Highway,Night,Clear
2803,0.92,0,0,0,0,0.53,0.237916667,0.399882592,Rural,Afternoon,Rain
2804,0.91,0,0.4,0,0,0,0.494583333,0.511100438,Highway,Afternoon,Clear
2805,0.95,0,0,0,0,0.56,0.315,0.473903298,Highway,Morning,Clear
2806,0.55,0,0,0,0,0,0.513333333,0.335788238,Urban,Morning,Rain
2807,0,0,0.65,0,0,0,0.48,0.2792187,Urban,Afternoon,Fog
2808,0.85,0,0.83,0,0,0,0.862083333,0.716351798,Highway,Afternoon,Clear
2809,0.68,0,0,0,0,0,0.319583333,0.280552887,Urban,Afternoon,Clear
2810,0.91,0,0,0,0,0.55,0.659166667,0.566869463,Highway,Morning,Clear
2811,0.84,0,0.67,0,0,0,0.237916667,0.478012595,Highway,Afternoon,Rain
2812,0.87,0,0.84,0.8,0,1,0.585,0.869676593,Urban,Afternoon,Clear
2813,0,0,0,0,0,0,0.533333333,0.111004376,Rural,Night,Rain
2814,0,0,0,0,0,0,0.53625,0.111911623,Highway,Night,Fog
2815,0.79,0,0.54,0,0,0,0.62375,0.530419468,Rural,Night,Rain
2816,0,0,0,0,0,0,0.40125,0.088216459,Urban,Afternoon,Rain
2817,0,0,0,0,0,0,0.813333333,0.198100117,Highway,Night,Clear
2818,0.51,0,0,0,0,0,0.149583333,0.191535916,Urban,Evening,Clear
2819,0,0,0,0,0,0,0.548333333,0.170562493,Rural,Morning,Clear
2820,0.73,0,0,0,0,0,0.597916667,0.419735297,Urban,Morning,Clear
2821,0,0,0,0,0,0.52,0.505416667,0.205518198,Rural,Evening,Clear
2822,0,0,0.89,0,0,0,0.42375,0.341498559,Rural,Evening,Rain
2823,0.99,0,0,0,0,0.75,0.625,0.589177073,Urban,Evening,Rain
2824,0.96,0,0,0,0,0,0.27,0.354787064,Highway,Afternoon,Clear
2825,0.43,0,0,0,0.69,0,0.447083333,0.391023588,Highway,Evening,Clear
2826,0.5,0,0,0,0,0,0.16125,0.191962856,Urban,Evening,Clear
2827,0.48,0,0,0,0,0,0.732916667,0.363379229,Highway,Evening,Clear
2828,0,0,0,0,0,0,0.434583333,0.135179848,Highway,Morning,Fog
2829,0,0,0,0,0,0,0.710416667,0.184384673,Highway,Afternoon,Clear
2830,0.84,0,0,0.43,0,0.96,0.2525,0.48895293,Highway,Afternoon,Clear
2831,0.89,0,0,0,0,0,0.783333333,0.492048244,Rural,Afternoon,Clear
2832,0.53,0,0,0,0.73,0,0.655,0.477105347,Rural,Afternoon,Rain
2833,0,0,0.75,0,0,0,0.23625,0.26560999,Highway,Morning,Clear
2834,0,0,0,0,0,0,0.685,0.158181236,Urban,Night,Clear
2835,0.7,0,0.53,0,0,0.49,0.347916667,0.512594727,Highway,Evening,Rain
2836,0,0,0.54,0,0,0,0.472083333,0.230280713,Highway,Night,Rain
2837,0.9,0,0,0,0,0.98,0.116666667,0.449994663,Rural,Morning,Clear
2838,0,0,0,0,0,0,0.142916667,0.044455118,Urban,Morning,Clear
2839,0.84,0,0,0,0,0.97,0.527916667,0.557423418,Urban,Morning,Rain
2840,0.73,0,0,0,0,0,0.687916667,0.392838083,Highway,Night,Clear
2841,0.75,0,0,0,0,0.93,0.879583333,0.596274949,Urban,Afternoon,Clear
2842,0,0,0,0,0,0,0.776666667,0.223289572,Urban,Evening,Clear
2843,0.71,0,0,0,0,0.53,0.34125,0.401376881,Urban,Morning,Rain
2844,0.58,0,0,0,0,0,0.662916667,0.373625787,Rural,Evening,Clear
2845,0,0,0.78,0,0,0,0.239166667,0.274202156,Urban,Morning,Clear
2846,0.74,0.88,0,0,0,0,0.725833333,0.407834347,Highway,Night,Clear
2847,0.81,0,0,0,0,0,0.894166667,0.500907247,Highway,Afternoon,Clear
2848,0.92,0,0.9,0.6,0,0,0.804583333,0.797363646,Urban,Night,Clear
2849,0.78,0,0,0,0,0,0.368333333,0.346034796,Urban,Evening,Clear
2850,0.86,0.6,0,0,0,0,0.482083333,0.407033835,Urban,Evening,Clear
2851,0,0,0.65,0,0,0,0.53375,0.332532821,Urban,Morning,Clear
2852,0.5,0,0,0,0,0,0.26625,0.224623759,Urban,Evening,Clear
2853,0.68,0,0,0.77,0,0.78,0.531666667,0.563347209,Rural,Evening,Clear
2854,0.41,0,0.55,0,0,0,0.444166667,0.392037571,Highway,Evening,Clear
2855,0.55,0,0.92,0,0,0,0.412083333,0.5216672,Highway,Evening,Clear
2856,0.84,0,0.8,0,0,0,0.507083333,0.576742449,Rural,Night,Clear
2857,0,0,0.67,0,0,0,0.5375,0.320525136,Urban,Evening,Clear
2858,0,0,0,0,0,0,0.66,0.18699968,Highway,Evening,Clear
2859,1,0,0,0,0,0.86,0.505416667,0.569271,Urban,Evening,Clear
2860,0.46,0,0.69,0,0,0,0.442083333,0.424965311,Urban,Afternoon,Rain
2861,0,0,0.52,0,0.95,0,0.49375,0.451008646,Highway,Evening,Rain
2862,0.64,0,0,0,0,0,0.329166667,0.252428221,Rural,Night,Clear
2863,0.88,0,0,0,0,0,0.30125,0.357188601,Highway,Evening,Rain
2864,0,0,0,0,0,0,0.169166667,0.052620344,Rural,Morning,Clear
2865,0,0,0.78,0,0,0.99,0.307916667,0.385793575,Highway,Afternoon,Clear
2866,0.52,0,0.62,0,0,0.51,0.205,0.436119116,Highway,Evening,Clear
2867,0.73,0,0,0,0,0,0.312916667,0.31278685,Highway,Evening,Clear
2868,0.84,0,0,0,0,0.86,0.615,0.515529939,Urban,Night,Clear
2869,0,0,0,0,0,0,0.620833333,0.138221795,Urban,Night,Clear
2870,0,0,0,0,0,0,0.58,0.125520333,Rural,Night,Rain
2871,0.77,0,0,0.43,0,0,0.79125,0.529458854,Highway,Evening,Rain
2872,0.51,0,0,0,0,0.6,0.648333333,0.423524389,Highway,Evening,Clear
2873,0.61,0,0,0,0,0,0.43125,0.274575728,Urban,Night,Rain
2874,0.87,0,1,0,0,0.51,0.259583333,0.680809051,Rural,Morning,Clear
2875,0.73,0,0.69,0,0,0,0.299166667,0.466965525,Rural,Afternoon,Clear
2876,0,0,0,0,0,0,0.60375,0.187800192,Highway,Morning,Clear
2877,0.4,0,0,0,0,0,0.333333333,0.213469954,Urban,Evening,Clear
2878,0,0,0.69,0.41,0,0.65,0.86,0.525136087,Highway,Night,Clear
2879,0,0,0,0.67,0,0.88,0.597916667,0.384512755,Rural,Morning,Clear
2880,0.86,0,0,0,0,0.68,0.460833333,0.505817056,Highway,Morning,Clear
2881,0.42,0,0,0,0,0.72,0.14,0.270252962,Highway,Morning,Clear
2882,0.85,0,0.74,0,0,1,0.8,0.820365034,Urban,Evening,Clear
2883,0.52,0,0.95,0,0,0.64,0.334166667,0.559184545,Highway,Afternoon,Clear
2884,0.97,0,0.88,0,0,0,0.315,0.634005764,Urban,Morning,Clear
2885,0.62,0,0.67,0,0,0,0.757083333,0.56905753,Highway,Afternoon,Rain
2886,0,0,0.83,0,0,0,0.232083333,0.248212189,Highway,Afternoon,Clear
2887,0.6,0,0,0,0,0,0.45375,0.296669869,Highway,Afternoon,Clear
2888,0.49,0,0,0,0,0,0.68625,0.352065322,Highway,Evening,Rain
2889,0,0,0,0,0,0,0.219583333,0.050005337,Urban,Evening,Rain
2890,0.58,0,0.75,0,0,0.77,0.762916667,0.677180062,Urban,Afternoon,Clear
2891,0.93,0.67,0,0,0,0,0.42375,0.411303234,Highway,Evening,Rain
2892,1,0,0.7,0.6,0,0.62,0.04375,0.669388409,Highway,Morning,Rain
2893,0.62,0,0,0,0,0,0.970833333,0.445618529,Urban,Night,Clear
2894,0,0,0,0,0,0,0.405416667,0.126107375,Urban,Morning,Rain
2895,0.67,0,0.52,0,0,0,0.58125,0.510246558,Highway,Evening,Clear
2896,0.83,0,0.68,0,0,0,0.69375,0.600864553,Urban,Night,Clear
2897,0,0,0,0.66,0,0,0.631666667,0.244423097,Highway,Afternoon,Clear
2898,0.93,0,0.55,0,0,0,0.89125,0.679314761,Urban,Afternoon,Rain
2899,0,0,0,0,0,0,0.429583333,0.115327143,Urban,Evening,Fog
2900,0.76,0,0,0,0,0,0.439166667,0.343366421,Highway,Afternoon,Clear
2901,0.63,0,0.95,0,0,0.64,0.517916667,0.651563667,Urban,Afternoon,Clear
2902,0,0,0.6,0,0,0.82,0.2575,0.320525136,Highway,Evening,Rain
2903,0.65,0,0,0,0,0,0.405,0.2792187,Urban,Night,Rain
2904,0,0,0.97,0,0,0,0.645416667,0.43094247,Highway,Evening,Clear
2905,0.82,0,0.72,0,0,0.96,0.818333333,0.787917601,Highway,Afternoon,Clear
2906,0.4,0.81,0.78,0,0,0,0.592916667,0.494022841,Highway,Evening,Clear
2907,0.77,0,0.73,0,0,0.73,0.65,0.674351585,Urban,Night,Clear
2908,0,0,0,0,0,0,0.379166667,0.11794215,Urban,Morning,Rain
2909,0,0,0.48,0,0,0.86,0.557916667,0.388355214,Highway,Evening,Clear
2910,0,0,0,0,0,0,0.485833333,0.11452663,Urban,Afternoon,Rain
2911,0,0,0,0,0,0,0.219583333,0.050005337,Urban,Evening,Clear
2912,0.61,0,0,0,0,0,0.361666667,0.307823674,Urban,Morning,Clear
2913,0,0,0,0,0.94,0,0.404166667,0.269719287,Highway,Afternoon,Fog
2914,0.88,0,0,0,0,0.45,0.57625,0.482068524,Highway,Afternoon,Rain
2915,0,0,0,0,0,0.53,0.760833333,0.249653111,Urban,Night,Clear
2916,0.46,0,0,0,0,0,0.354583333,0.22099477,Highway,Afternoon,Clear
2917,0.75,0,0,0,0.67,0,0.771666667,0.572312947,Highway,Afternoon,Clear
2918,0.69,0,0,0,0,0,0.750416667,0.436065749,Urban,Evening,Rain
2919,0.79,0,0.63,0,0,0,0.501666667,0.570391717,Urban,Morning,Clear
2920,0,0,0,0,0,0.7,0.582083333,0.234123172,Highway,Afternoon,Clear
2921,0,0,0,0,0,0.41,0.1525,0.081652257,Urban,Evening,Rain
2922,0.44,0,0,0,0,0.55,0.421666667,0.305902444,Highway,Afternoon,Clear
2923,0,0,0,0.56,0,0,0.205,0.117195005,Highway,Evening,Clear
2924,0,0,0,0,0,0.71,0.578333333,0.252534956,Rural,Evening,Clear
2925,0,0,0.46,0,0,0.41,0.21,0.235670829,Urban,Morning,Clear
2926,0.75,0,0,0.5,0,0,0.676666667,0.514676059,Urban,Morning,Clear
2927,0.74,0,0,0,0,0.56,0.74625,0.485910983,Urban,Night,Clear
2928,0.74,0,0.77,0,0,0,0.415833333,0.526950582,Highway,Afternoon,Clear
2929,0.76,0,0,0,0,0.71,0.233333333,0.406873733,Highway,Morning,Clear
2930,0.81,0,0.67,0,0,0.74,0.5425,0.694524496,Highway,Morning,Clear
2931,0.88,0,0,0,0,0,0.232083333,0.317376454,Highway,Afternoon,Rain
2932,0.56,0,0,0,0,0,0.92125,0.410983029,Urban,Night,Clear
2933,0,0,0,0,0,0.96,0.186666667,0.181022521,Highway,Morning,Clear
2934,0,0,0.87,0,0,0,0.909583333,0.450901911,Urban,Night,Clear
2935,0,0,0,0.81,0,0,0.35,0.212616074,Rural,Morning,Rain
2936,0.9,0,0,0,0.56,0,0.374166667,0.493862739,Urban,Evening,Clear
2937,0.7,0,0,0,0.64,0,0.753333333,0.563133739,Rural,Evening,Clear
2938,0.45,0.71,0,0,0,0,0.155416667,0.174138115,Highway,Evening,Clear
2939,0.44,0.92,0,0,0,0.79,0.888333333,0.481801686,Highway,Afternoon,Rain
2940,0.6,0.92,0.53,0,0,0,0.599583333,0.477799125,Rural,Afternoon,Rain
2941,0.87,0,0,0,0,0,0.58125,0.441082293,Rural,Evening,Clear
2942,0,0,0.5,0,0,0,0.565416667,0.249066069,Highway,Night,Rain
2943,0.82,0,0.64,0,0,0,0.459583333,0.532874373,Urban,Afternoon,Clear
2944,0.87,0,0,0,0,0,0.47125,0.388568684,Rural,Afternoon,Rain
2945,0.71,0,0,0,0,0,0.354583333,0.301046003,Urban,Afternoon,Fog
2946,0.66,0,0,0,0,0.65,0.644166667,0.44006831,Urban,Night,Rain
2947,0.49,0,0,0.71,0,0,0.771666667,0.451275483,Urban,Afternoon,Rain
2948,0.6,0,0.96,0,0,0,0.597916667,0.624026043,Highway,Morning,Clear
2949,0.66,0,0.83,0,0,0.96,0.775416667,0.733215925,Urban,Night,Fog
2950,0.45,0.41,0,0,0,0.87,0.364583333,0.368929448,Highway,Morning,Clear
2951,0,0,0,0.52,0,0,0.442916667,0.149482335,Highway,Night,Rain
2952,0.53,0,0,0,0,0.52,0.73,0.445084854,Highway,Evening,Clear
2953,0.76,0,0,0.59,0,0.48,0.36125,0.437880243,Highway,Night,Fog
2954,0.84,0,0,0,0,0,0.655,0.436119116,Urban,Afternoon,Fog
2955,1,0,0,0,0,0,0.486666667,0.41669335,Rural,Night,Clear
2956,0.96,0,0.65,0,0,0.81,0.32375,0.678354147,Highway,Morning,Clear
2957,0.79,0,0,0.76,0,0,0.39625,0.418667947,Urban,Night,Rain
2958,0,0,0.71,0,0,0.74,0.474166667,0.387554702,Highway,Afternoon,Clear
2959,0.65,0,0,0,0.63,0.87,0.73375,0.632244637,Highway,Afternoon,Clear
2960,0.78,0,0,0,0,0.84,0.819166667,0.557263315,Urban,Night,Clear
2961,0.87,0,0,0,0,0,0.359583333,0.372131497,Rural,Evening,Rain
2962,0,0,0,0,0,0,0.404166667,0.089123706,Highway,Afternoon,Rain
2963,0.47,0,0,0,0,0,0.739583333,0.343953464,Highway,Afternoon,Clear
2964,0.65,0,0.45,0,0,0,0.5025,0.461415306,Rural,Evening,Clear
2965,0,0,0.99,0,0,0.78,0.727916667,0.543334401,Rural,Afternoon,Fog
2966,0,0,0,0,0.57,0,0.614166667,0.263955598,Highway,Afternoon,Clear
2967,0,0,0,0,0,0,0.853333333,0.228839791,Highway,Afternoon,Clear
2968,0.9,0,0,0,0,0.99,0.600416667,0.546856655,Highway,Night,Rain
2969,0.63,0,0.8,0,0,0,0.116666667,0.442950155,Highway,Morning,Clear
2970,0,0,0,0,0,0,0.229166667,0.034688868,Highway,Afternoon,Clear
2971,0.74,0,0.57,0,0,0.72,0.692083333,0.672163518,Rural,Evening,Rain
2972,0.75,0,0.75,0.44,0,0,0.193333333,0.530472836,Highway,Evening,Clear
2973,0.51,0,0,0,0,0,0.27,0.210694845,Rural,Afternoon,Rain
2974,0.62,0,0.47,0,0,0,0.548333333,0.489486605,Highway,Morning,Clear
2975,0.6,0,0,0,0,0,0.688333333,0.406233323,Rural,Morning,Clear
2976,0.42,0,0.98,0.49,0,0,0.27,0.495677233,Highway,Afternoon,Clear
2977,0.41,0.87,0,0,0,0,0.426666667,0.245703917,Highway,Evening,Rain
2978,0,0,0.5,0,0,0,0.500416667,0.247144839,Highway,Afternoon,Rain
2979,0.9,0,0,0,0,0,0.451666667,0.37378589,Highway,Night,Clear
2980,0.56,0,0,0,0,0,0.785416667,0.405326075,Urban,Evening,Rain
2981,0.71,0,0,0,0,0.47,0.6375,0.449247518,Highway,Afternoon,Rain
2982,0.58,0,0.79,0,0,0,0.549166667,0.540612659,Highway,Evening,Fog
2983,0,0,0,0,0,0.9,0.655,0.282420749,Highway,Afternoon,Rain
2984,0.96,0,0.55,0,0,0,0.58,0.573807237,Highway,Night,Clear
2985,0,0,0,0.44,0,0,0.789166667,0.265236418,Urban,Afternoon,Clear
2986,0,0,0,0,0,0.55,0.06125,0.089497278,Highway,Morning,Rain
2987,0.56,0,0.83,0,0,0,0.725833333,0.562813534,Rural,Night,Clear
2988,0,0,0.87,0,0,0,0.407083333,0.312893585,Rural,Afternoon,Clear
2989,0,0,0,0.89,0,0,0.883333333,0.333867008,Urban,Night,Clear
2990,0.66,0,0.8,0,0,0,0.28875,0.506083894,Rural,Morning,Clear
2991,0.92,0.68,0.77,0,0,0,0.4375,0.62792187,Urban,Morning,Clear
2992,0.91,0,0,0.85,0,0,0.33125,0.466698687,Urban,Afternoon,Clear
2993,0,0,0,0,0,0,0.865833333,0.214430569,Highway,Night,Clear
2994,0,0,0.94,0,0,0,0.0525,0.25712456,Rural,Morning,Clear
2995,0,0,0,0,0.56,0,0.1875,0.147614473,Highway,Evening,Clear
2996,0.51,0,0,0,0,0.87,0.531666667,0.421816629,Highway,Evening,Clear
2997,0.88,0.99,0,0,0,0.97,0.62,0.562279859,Rural,Afternoon,Clear
2998,0.67,0,0.45,0,0,0.82,0.570416667,0.575675099,Urban,Afternoon,Clear
2999,0.69,0,0.6,0,0.92,0.76,0.690833333,0.808730921,Urban,Night,Fog
3000,0.48,0,0,0,0,0,0.444166667,0.273561746,Highway,Evening,Rain
3001,0.45,0,0,0,0,0.68,0.762083333,0.449941296,Rural,Evening,Rain
3002,0.84,0,0,0,0,0.62,0.289583333,0.420162237,Highway,Evening,Clear
3003,0,0,0,0,0,0,0.895,0.223503042,Rural,Night,Rain
3004,0,0.69,0,0,0,0,0.6375,0.16170349,Urban,Afternoon,Clear
3005,0,0,0,0,0,0,0.4325,0.11623439,Urban,Evening,Clear
3006,0,0,0,0,0,0,0.641666667,0.199594407,Highway,Morning,Clear
3007,0.7,0,0.55,0,0,0.61,0.307916667,0.502348169,Rural,Afternoon,Clear
3008,0.66,0,0,0,0,0,0.839583333,0.417600598,Highway,Night,Clear
3009,0.84,0,0,0,0,0,0.428333333,0.347315615,Rural,Night,Rain
3010,0.86,0.99,0,0,0.44,0,0.69,0.537944284,Urban,Afternoon,Clear
3011,0.5,0,0,0,0,0,0.260416667,0.222809265,Rural,Evening,Clear
3012,0,0.85,0.99,0.85,0,0,0.741666667,0.574874586,Rural,Evening,Fog
3013,0.77,0,0,0,0,0,0.207916667,0.292934145,Highway,Evening,Clear
3014,0.48,0,0,0,0,0,0.299166667,0.21016117,Urban,Afternoon,Clear
3015,0,0,0,0,0,0,0.2875,0.052833814,Urban,Afternoon,Fog
3016,0,0,0.63,0,0,0,0.2975,0.25392251,Rural,Morning,Clear
3017,0.85,0,0.84,0.83,0,0,0.75125,0.790746077,Rural,Afternoon,Clear
3018,0,0,0,0,0,0,0.364583333,0.113405913,Urban,Morning,Clear
3019,0.79,0,0,0,0.81,0,0.79,0.599423631,Rural,Night,Clear
3020,0.97,0,0,0,0,0,0.389583333,0.395186253,Rural,Afternoon,Rain
3021,0.44,0,0.81,0,0,0,0.578333333,0.50997972,Urban,Evening,Clear
3022,0.43,0,0,0,0,0.78,0.582083333,0.38205785,Highway,Afternoon,Clear
3023,0.57,0,0,0,0,0,0.57625,0.325168108,Highway,Afternoon,Clear
3024,0.56,0.55,0.53,0,0,0,0.86875,0.530419468,Highway,Night,Rain
3025,0,0,0,0,0,0.85,0.629583333,0.249813214,Highway,Night,Clear
3026,0.55,0,0,0,0,0,0.59875,0.344060199,Urban,Evening,Clear
3027,0.94,0,0.54,0,0,0.81,0.49875,0.698206852,Highway,Morning,Fog
3028,0.55,0,0.57,0,0,0,0.879583333,0.559131177,Highway,Afternoon,Rain
3029,0.56,0,0,0,0,0,0.435416667,0.296456399,Urban,Evening,Clear
3030,0.86,0,0,0,0,0.52,0.049583333,0.357402071,Highway,Morning,Clear
3031,0.67,0,0.65,0,0,0,0.347916667,0.470968086,Highway,Evening,Fog
3032,0.87,0,0.54,0.8,0,0.7,0.652916667,0.757231295,Highway,Night,Clear
3033,0.44,0,0.41,0,0,0,0.953333333,0.487565375,Highway,Night,Clear
3034,0.69,0,0.93,0,0,0.87,0.474166667,0.681502828,Highway,Afternoon,Clear
3035,0.42,0,0,0,0,0.69,0.67375,0.43243676,Highway,Morning,Rain
3036,0.44,0,0,0,0.5,0,0.373333333,0.353079304,Highway,Morning,Fog
3037,0,0,0,0,0,0,0.88625,0.2207813,Highway,Night,Clear
3038,0.94,0.72,0.98,0,0,0.72,0.510416667,0.8030206,Urban,Morning,Clear
3039,0,0,0.6,0.69,0,0,0.709583333,0.444497812,Urban,Evening,Clear
3040,0.48,0,0.6,0,0,0.86,0.5025,0.555555556,Urban,Evening,Clear
3041,0.72,0,0.4,0,0,0,0.512083333,0.455704985,Urban,Afternoon,Rain
3042,0,0,0,0,0,0,0.454583333,0.086508699,Highway,Night,Rain
3043,0.65,0,0.81,0,0,0,0.51625,0.576208774,Rural,Morning,Rain
3044,0,0,0.9,0,0,0,0.135,0.254242715,Rural,Evening,Clear
3045,0,0,0,0,0,0,0.55,0.134486071,Highway,Afternoon,Clear
3046,0,0,0,0,0,0,0.8425,0.20717259,Urban,Night,Clear
3047,0.61,0,0,0,0,0,0.43625,0.294428434,Highway,Afternoon,Clear
3048,0,0,0,0,0.61,0,0.23625,0.190682037,Rural,Morning,Clear
3049,0.94,0,0.49,0,0,0.8,0.6375,0.690682037,Urban,Afternoon,Rain
3050,0.41,0,0,0,0,0.65,0.26625,0.279058598,Urban,Evening,Clear
3051,0.8,0,0,0,0,0.94,0.685416667,0.589764116,Highway,Morning,Clear
3052,0,0,0,0,0.44,0.5,0.620833333,0.286796883,Rural,Night,Clear
3053,0,0,0.5,0,0,0,0.569583333,0.286956986,Highway,Evening,Clear
3054,0,0,0.87,0,0,0,0.6375,0.384566122,Urban,Afternoon,Rain
3055,0,0,0,0,0,0,0.587083333,0.164318497,Highway,Evening,Rain
3056,0.98,0,0,0,0.56,0,0.822083333,0.622211549,Highway,Night,Clear
3057,0.74,0,0,0,0,0,0.6075,0.407620877,Highway,Evening,Fog
3058,0.96,0,0,0,0,0,0.27,0.354787064,Rural,Afternoon,Clear
3059,0,0,0,0.79,0,1,0.263333333,0.292880777,Urban,Evening,Fog
3060,0.43,0,0,0,0,0.47,0.473333333,0.3268225,Urban,Evening,Clear
3061,0.65,0,0.77,0.42,0.86,0,0.412083333,0.734283275,Highway,Evening,Clear
3062,0,0,0,0,0,0.41,0.23625,0.12600064,Urban,Morning,Rain
3063,0.56,0,0,0,0,0.93,0.3675,0.412744156,Urban,Morning,Clear
3064,0.84,0,0.43,0,0,0,0.302083333,0.436492689,Urban,Afternoon,Fog
3065,0.99,0,0,0,0,0.55,0.59375,0.535542747,Urban,Afternoon,Rain
3066,0,0,0.77,0,0,0,0.918333333,0.428007258,Urban,Night,Clear
3067,0.55,0,0,0,0,0,0.32375,0.276817163,Highway,Morning,Clear
3068,0.79,0,0,0,0,0,0.941666667,0.490980894,Highway,Night,Clear
3069,0,0,0.59,0,0.93,0,0.040833333,0.342512541,Highway,Morning,Clear
3070,0.52,0,0.62,0,0,0.84,0.246666667,0.473049418,Urban,Afternoon,Clear
3071,0.74,0,0,0,0,0,0.4275,0.333333333,Highway,Afternoon,Rain
3072,0,0,0.86,0,0,0,0.897916667,0.444711282,Urban,Night,Rain
3073,0.68,0,0,0,0,0,0.9825,0.468459814,Urban,Night,Fog
3074,0,0,0,0,0,0,0.172083333,0.053527591,Highway,Morning,Fog
3075,0,0,0.89,0,0,0,0.06125,0.247038104,Highway,Morning,Clear
3076,0,0,0,0,0,0.89,0.512083333,0.236684812,Urban,Afternoon,Clear
3077,0,0,0,0.77,0,0.92,0.748333333,0.412637421,Highway,Afternoon,Fog
3078,0.98,0,0,0,0,0,0.819166667,0.513715445,Urban,Night,Rain
3079,0,0,0.64,0,0,0,0.52875,0.310118476,Highway,Evening,Clear
3080,0.77,0,0.97,0.87,0,0,0.7075,0.789945565,Urban,Afternoon,Rain
3081,0.61,0,0,0,0,0.99,0.289583333,0.393905433,Highway,Evening,Clear
3082,0,0,0.64,0,0,0.58,0.625,0.414345181,Highway,Evening,Fog
3083,0.47,0,0,0,0,0,0.976666667,0.399402284,Rural,Night,Clear
3084,0.49,0,0,0,0,0,0.900833333,0.382217953,Rural,Night,Rain
3085,0.54,0,0,0,0,0,0.272916667,0.22120824,Urban,Afternoon,Rain
3086,0.55,0,0,0,0,0,0.38875,0.278738393,Rural,Evening,Clear
3087,0,0,0,0,0,0,0.37875,0.062920269,Rural,Night,Clear
3088,0.91,0,0,0,0,0.83,0.788333333,0.624613086,Urban,Evening,Clear
3089,0.74,0,0,0,0,0.47,0.5725,0.456932437,Urban,Evening,Clear
3090,0.71,0,0.86,0,0,0,0.7775,0.652897855,Urban,Afternoon,Clear
3091,0,0,0.69,0.7,0,0,0.8475,0.493435799,Urban,Afternoon,Clear
3092,0,0,0.94,0,0,0,0.5425,0.409542107,Highway,Morning,Fog
3093,0.47,0,0,0,0,0,0.13125,0.191322446,Rural,Morning,Clear
3094,0.92,1,0.94,0,0,0,0.465416667,0.643558544,Urban,Afternoon,Clear
3095,0.83,0,0,0,0,0,0.535416667,0.395719927,Highway,Afternoon,Fog
3096,0.44,0,0,0,0,0.64,0.724166667,0.429821753,Rural,Evening,Clear
3097,0.82,0,0.45,0,0.53,0,0.4675,0.606788345,Urban,Evening,Fog
3098,0,0,0,0.61,0,0,0.172916667,0.113619383,Highway,Evening,Clear
3099,0,0,0,0,0,0,0.455833333,0.123492368,Highway,Evening,Fog
3100,0,0,0,0,0,0,0.657083333,0.186092432,Urban,Evening,Rain
3101,0.73,0,0,0,0,0.91,0.762916667,0.551019319,Highway,Afternoon,Clear
3102,0,0,0,0,0.68,0,0.788333333,0.357562173,Highway,Evening,Fog
3103,0.45,0,0.96,0,0.68,0,0.374166667,0.618742662,Highway,Evening,Clear
3104,0,0,0,0,0,0,0.381666667,0.063827516,Urban,Night,Clear
3105,0.67,0,0,0,0,0,0.850416667,0.442469847,Rural,Afternoon,Clear
3106,0.69,0,0.9,0,0,0,0.8775,0.669548511,Rural,Night,Clear
3107,0.5,0,0,0,0,0,0.093333333,0.189134379,Highway,Morning,Clear
3108,0,0,0.87,0,0,0,0.07875,0.247358309,Highway,Morning,Fog
3109,0,0,0,0,0,0,0.48375,0.095581172,Highway,Night,Clear
3110,0.97,0.91,0,0,0,0.62,0.375,0.470060839,Urban,Afternoon,Clear
3111,0.91,0,0.52,0,0,0,0.620833333,0.562813534,Highway,Night,Clear
3112,0,0,0,0,0,0.75,0.64625,0.260486711,Rural,Afternoon,Clear
3113,0,0,0,0,0,0,0.547083333,0.133578824,Highway,Afternoon,Clear
3114,0.8,0,0,0,0,0.7,0.50125,0.446845981,Urban,Night,Clear
3115,0,0,0,0,0.92,0,0.333333333,0.262141104,Rural,Evening,Rain
3116,0.68,0,0,0,0,0.79,0.282916667,0.4069271,Urban,Morning,Clear
3117,0.65,0,0.88,0,0,0,0.664583333,0.585387982,Urban,Night,Fog
3118,0.79,0,0,0,0.86,0.98,0.466666667,0.688867542,Highway,Morning,Rain
3119,0.73,0,0,0,0,0,0.3975,0.339097022,Urban,Evening,Clear
3120,0.44,0.46,0.91,0,0,0,0.9475,0.613832853,Urban,Night,Clear
3121,0,0,0,0.57,0,0,0.845416667,0.281086562,Urban,Night,Clear
3122,0,0,0,0,0,0,0.31375,0.060999039,Urban,Afternoon,Clear
3123,0.71,0,0,0,0,0,0.819166667,0.427260113,Urban,Night,Clear
3124,0,0,0,0,0,0,0.342083333,0.088109724,Urban,Evening,Clear
3125,0.88,0,0,0,0,0.43,0.232083333,0.372451702,Rural,Afternoon,Clear
3126,0.68,0,0,0,0,0,0.50125,0.318764009,Highway,Night,Fog
3127,0.43,0,0,0,0,0.74,0.487916667,0.365940869,Highway,Evening,Clear
3128,0.87,0,0.57,0,0,0.92,0.867916667,0.775803181,Highway,Afternoon,Fog
3129,0.52,0,0.97,0,0,0,0.719166667,0.602092006,Urban,Afternoon,Fog
3130,0.56,0,0,0.79,0.71,0,0.207083333,0.481321379,Rural,Morning,Clear
3131,0.5,0,0,0,0,0,0.263333333,0.223716512,Urban,Evening,Fog
3132,0,0,0.43,0,0,0,0.49375,0.24543708,Highway,Evening,Clear
3133,0.6,0,0,0,0,0,0.125416667,0.231134593,Rural,Morning,Fog
3134,0.85,0,0,0,0,0,0.57625,0.414825488,Highway,Afternoon,Clear
3135,0,0,0,0,0,0,0.424583333,0.095474437,Urban,Afternoon,Rain
3136,0.71,0,0,0,0,0.69,0.442916667,0.398601772,Urban,Night,Clear
3137,0.52,0,0,0,0,0,0.137083333,0.209147188,Highway,Morning,Rain
3138,0,0,0,0,0,0.45,0.184583333,0.096755257,Highway,Evening,Fog
3139,0,0,0.49,0,0,0,0.7825,0.3506244,Highway,Evening,Clear
3140,0,0,0,0,0,0,0.4325,0.11623439,Rural,Evening,Clear
3141,0,0,0,0,0,0.74,0.587916667,0.241060946,Highway,Afternoon,Clear
3142,0,0,0.72,0,0,0,0.800833333,0.39694738,Highway,Afternoon,Clear
3143,0.93,0,0,0,0,0,0.530833333,0.462909595,Urban,Morning,Clear
3144,0,0,0,0,0,0.6,0.277083333,0.163037677,Highway,Morning,Clear
3145,0.93,0,0,0,0,0.49,0.5275,0.469740634,Highway,Night,Clear
3146,0.92,0,0,0,0,0,0.818333333,0.51254136,Highway,Afternoon,Clear
3147,0,0.82,0,0,0,0,0.514166667,0.141637315,Urban,Evening,Clear
3148,0,0,0.75,0,0,0,0.246666667,0.23225531,Highway,Afternoon,Rain
3149,0.54,0,0,0,0,0,0.110833333,0.20738606,Rural,Morning,Clear
3150,0.67,0.61,0.79,0,0,0.91,0.424583333,0.628935852,Urban,Afternoon,Rain
3151,0.99,0.4,0,0,0,0,0.407916667,0.388995624,Highway,Night,Clear
3152,0,0.64,0,0,0.8,0.71,0.48875,0.360070445,Highway,Afternoon,Rain
3153,0,0,0,0,0,0.96,0.372083333,0.202102679,Urban,Afternoon,Clear
3154,0,0,0,0,0,0,0.164166667,0.032767638,Highway,Evening,Clear
3155,0.86,0.54,0,0,0,0.88,0.832916667,0.610577436,Urban,Afternoon,Clear
3156,0.42,0,0,0,0,0,0.622916667,0.291653325,Highway,Afternoon,Clear
3157,0.44,0,0.41,0,0,0,0.710416667,0.43030206,Rural,Afternoon,Clear
3158,0,0,0,0,0,0,0.897916667,0.224410289,Urban,Night,Clear
3159,0.68,0,0.98,0,0,0,0.099166667,0.499626428,Highway,Morning,Rain
3160,0.95,0,0,0,0,0.82,0.387916667,0.529885794,Highway,Morning,Clear
3161,0.72,0,0,0,0,0,0.38875,0.333173231,Urban,Evening,Clear
3162,0.7,0,0,0,0,0.4,0.169166667,0.327996584,Highway,Morning,Clear
3163,0.46,0,0,0,0,0,0.557083333,0.320578504,Highway,Morning,Rain
3164,0,0,0,0,0,0.66,0.795,0.295228947,Rural,Afternoon,Clear
3165,0.79,0,0.43,0,0,0,0.507083333,0.465951542,Urban,Night,Clear
3166,0.89,0,0.49,0,0,0,0.41375,0.484309958,Highway,Night,Rain
3167,0,0,0.41,0,0,0,0.524583333,0.213309852,Highway,Night,Clear
3168,0,0,0,0,0,0,0.447916667,0.102732415,Rural,Afternoon,Clear
3169,0.63,0,0,0,0,0,0.37,0.261927634,Urban,Night,Clear
3170,0.87,0.89,0,0,0,0,0.037916667,0.290372505,Urban,Morning,Clear
3171,0.98,0,0,0,0,0,0.2875,0.366634646,Urban,Afternoon,Rain
3172,0.52,0,0,0,0,0,0.447083333,0.287277191,Urban,Evening,Rain
3173,0.71,0,0,0,0,0.52,0.47125,0.403938521,Highway,Afternoon,Rain
3174,0.57,0,0,0,0,0.95,0.372916667,0.365300459,Highway,Night,Clear
3175,0,0,0,0.82,0,0.5,0.175833333,0.205464831,Highway,Evening,Clear
3176,0.88,0,0.74,0.92,0,0.57,0.800833333,0.874693137,Urban,Afternoon,Clear
3177,0,0,0,0,0,0.71,0.146666667,0.118262355,Urban,Evening,Clear
3178,0.75,0,0.96,0,0,0.56,0.58125,0.720300993,Highway,Evening,Fog
3179,0,0,0.8,0,0,0,0.035,0.215818124,Highway,Morning,Clear
3180,0.78,0,0,0,0,0,0.459583333,0.356121251,Highway,Afternoon,Clear
3181,0.88,0,0.89,0,0,0,0.710416667,0.694150923,Rural,Afternoon,Clear
3182,0,0,0,0,0,0.53,0.445833333,0.151670402,Highway,Night,Clear
3183,0,0,0.41,0,0.91,0,0.778333333,0.46707226,Highway,Night,Rain
3184,0,0,0,0,0.41,0,0.815416667,0.295815989,Rural,Afternoon,Clear
3185,0.64,0,0,0,0,0,0.346666667,0.257871705,Rural,Night,Clear
3186,0.95,0.6,0,0,0,0,0.492916667,0.457519479,Highway,Morning,Clear
3187,0.72,0,0,0.61,0,0,0.40125,0.396894012,Urban,Afternoon,Clear
3188,0,0,0,0,0,0,0.434583333,0.135179848,Highway,Morning,Clear
3189,0.49,0,0,0,0,0,0.382916667,0.257711602,Highway,Evening,Clear
3190,0.82,0,0.73,0,0,0.76,0.533333333,0.657914399,Highway,Night,Rain
3191,0.88,0,0,0,0.64,0,0.7725,0.590137688,Highway,Night,Fog
3192,0.59,0,0.68,0,0,0,0.169166667,0.415732736,Highway,Morning,Clear
3193,0.91,0,0,0,0,0,0.509166667,0.413171096,Rural,Afternoon,Clear
3194,0.94,0,0.7,0.86,0,0.45,0.137916667,0.672697193,Rural,Evening,Clear
3195,0,0,0.44,0,0.94,0,0.669583333,0.464990928,Urban,Afternoon,Clear
3196,0.57,0,0,0,0,0,0.906666667,0.409648842,Highway,Night,Clear
3197,0,0,0,0,0,0.43,0.312916667,0.134112499,Rural,Evening,Fog
3198,0.99,0.9,0,0,0,0,0.33625,0.403298111,Urban,Evening,Rain
3199,0,0,0,0,0,0,0.167083333,0.033674885,Highway,Evening,Clear
3200,0.48,0,0,0,0,0,0.566666667,0.311666133,Urban,Evening,Clear
3201,0.52,0.4,0.81,0,0,0.62,0.688333333,0.667520546,Highway,Morning,Rain
3202,0,0,0,0.74,0,0,0.37,0.154979187,Urban,Night,Clear
3203,0.51,0,0.7,0,0,0,0.741666667,0.555021881,Highway,Evening,Rain
3204,0,0,0.86,0,0,0,0.63375,0.399135447,Rural,Evening,Rain
3205,0,0,0,0,0,0,0.650416667,0.202316149,Rural,Morning,Rain
3206,0.94,0,0,0,0,0,0.142916667,0.345447753,Urban,Morning,Clear
3207,0.79,0,0,0,0,0,0.298333333,0.32746291,Highway,Evening,Clear
3208,0,0,0,0,0.84,0,0.7375,0.335894973,Highway,Night,Rain
3209,0.49,0,0,0,0,0.83,0.867916667,0.496584481,Urban,Afternoon,Clear
3210,0.66,0,0,0.93,0,0.73,0.543333333,0.574661116,Urban,Evening,Clear
3211,0.77,0,0.69,0,0,0,0.56875,0.600224143,Highway,Morning,Clear
3212,0.45,0,0.49,0,0,0.65,0.18375,0.410022414,Rural,Morning,Clear
3213,0.93,0,0,0,0,0,0.315833333,0.377735084,Urban,Evening,Clear
3214,0.88,0,0.79,0,0.73,0,0.889166667,0.846088163,Urban,Night,Rain
3215,0,0,0,0,0.72,0,0.862083333,0.369890063,Highway,Afternoon,Rain
3216,0,0,0.5,0,0,0.74,0.249583333,0.263902231,Highway,Afternoon,Clear
3217,0,0,0.92,0.72,0,0,0.319583333,0.390703383,Rural,Afternoon,Fog
3218,0,0,0.77,0,0,0,0.54625,0.348863272,Highway,Evening,Rain
3219,0.7,0,0,0.71,0,0.62,0.684166667,0.570711922,Highway,Afternoon,Clear
3220,0.98,0,0.49,0,0,0,0.704583333,0.621891344,Urban,Afternoon,Fog
3221,0,0,0.98,0,0,0,0.333333333,0.336428648,Highway,Evening,Clear
3222,0,0,0,0,0,0,0.064166667,0.019959441,Highway,Morning,Clear
3223,0.65,0,0,0,0.61,0,0.97375,0.573326929,Urban,Night,Rain
3224,0.99,0,0,0,0,0,0.604583333,0.486764863,Highway,Evening,Rain
3225,0,0,0.71,0.75,0,0,0.822083333,0.47875974,Urban,Night,Clear
3226,0,0,0,0,0,0.96,0.542083333,0.236684812,Urban,Night,Rain
3227,0.8,0,0,0,0,0.43,0.495416667,0.410449354,Urban,Night,Clear
3228,0.78,0,0.44,0,0,0,0.617083333,0.517824741,Urban,Afternoon,Rain
3229,0.5,0,0.78,0,0.71,0,0.83375,0.700768492,Highway,Night,Rain
3230,0.93,0,0,0.85,0,0.8,0.2575,0.570925392,Urban,Evening,Clear
3231,0.66,0,0,0,0.79,0.93,0.762916667,0.682943751,Highway,Afternoon,Rain
3232,0,0,0.55,0,0,0,0.346666667,0.193830718,Urban,Night,Clear
3233,0.5,0,0.88,0.98,0,0,0.832916667,0.73353613,Highway,Afternoon,Clear
3234,0.41,0,0.89,0,0,0.88,0.889166667,0.693670616,Highway,Night,Fog
3235,0,0,0.99,0,0,0,0.254583333,0.31449461,Highway,Evening,Clear
3236,0.74,0,0,0,0,0,0.568333333,0.358842993,Highway,Night,Rain
3237,0.72,0,0.7,0,0,0,0.85125,0.619756644,Urban,Night,Clear
3238,0.83,0,0.67,0,0.65,0,0.566666667,0.720247625,Highway,Evening,Rain
3239,0,0.58,0,0.44,0,0,0.349583333,0.110203864,Urban,Night,Clear
3240,0.93,0,0.85,0,0.83,0,0.8,0.905539545,Highway,Evening,Clear
3241,0.45,0,0.48,0,0.92,0,0.3575,0.518411784,Highway,Afternoon,Clear
3242,0.84,0,0.73,0,0,0,0.428333333,0.534315295,Highway,Night,Fog
3243,0.51,0,0,0,0,0.51,0.435416667,0.345767958,Rural,Evening,Clear
3244,0.91,0,0.73,0,0,0,0.51125,0.619116234,Highway,Evening,Clear
3245,0.89,0,0,0,0,0.58,0.335,0.408581492,Highway,Night,Clear
3246,0.72,0,0.45,0,0,0,0.566666667,0.503789092,Urban,Evening,Rain
3247,0,0,0.65,0,0,0,0.519166667,0.327996584,Highway,Morning,Clear
3248,0.83,0,0,0,0,0,0.272083333,0.332105881,Rural,Evening,Clear
3249,0.59,0,0.91,0,0,0,0.374166667,0.520119543,Highway,Evening,Clear
3250,0.68,0,0.91,0,0,0.83,0.2925,0.6298431,Highway,Evening,Clear
3251,0,0,0,0,0,0,0.51875,0.10646814,Urban,Night,Rain
3252,0,0,0,0,0,0.45,0.35375,0.1493756,Highway,Evening,Clear
3253,0,0,0,0,0,0,0.419583333,0.075621731,Urban,Night,Clear
3254,0,0,0.46,0,0,0,0.825,0.319564521,Rural,Night,Rain
3255,0.89,0.54,0,0,0,0,0.924166667,0.517557904,Urban,Night,Clear
3256,0.68,0,0,0.43,0.49,0,0.468333333,0.476037998,Highway,Afternoon,Clear
3257,0,0,0,0,0,0,0.38375,0.082772975,Highway,Afternoon,Rain
3258,0.61,0,0,0,0.67,0,0.461666667,0.449354253,Highway,Evening,Clear
3259,0,0,0.45,0,0,0,0.845416667,0.323353613,Highway,Night,Clear
3260,0.7,0,0,0,0,0.89,0.36125,0.395613192,Urban,Night,Clear
3261,0,0,0,0.96,0,0,0.490833333,0.25733803,Urban,Evening,Rain
3262,0.9,0,0,0,0,0,0.50625,0.4090618,Highway,Afternoon,Clear
3263,0.6,0,0,0,0,0,0.31375,0.253121998,Highway,Afternoon,Clear
3264,0,0,0,0,0,0,0.373333333,0.116127655,Urban,Morning,Fog
3265,0.5,0,0,0,0,0,0.61125,0.31364073,Urban,Afternoon,Clear
3266,0,0,0,0,0,0.83,0.783333333,0.313373893,Urban,Afternoon,Fog
3267,0.83,0,0.56,0,0,0.84,0.355416667,0.572473049,Highway,Night,Clear
3268,0.9,0,0.92,0.72,0,0,0.45875,0.740473903,Urban,Evening,Rain
3269,0,0,0.48,0,0,0,0.765,0.342619276,Highway,Evening,Clear
3270,0.46,0,0,0,0,0.46,0.2875,0.259045789,Highway,Afternoon,Clear
3271,0.54,0,0.83,0,0,0,0.653333333,0.588750133,Highway,Morning,Clear
3272,0.49,0,0,0,0.64,0,0.61125,0.433397374,Urban,Afternoon,Clear
3273,0.61,0,0,0,0,0.83,0.275,0.368876081,Rural,Evening,Clear
3274,0.67,0,0,0,0,0,0.470416667,0.342565909,Highway,Evening,Rain
3275,0,0,0,0,0,0.81,0.629583333,0.244689935,Highway,Night,Fog
3276,0,0,0,0,0.81,0,0.888333333,0.395346355,Highway,Afternoon,Clear
3277,0,0.54,0.46,0,0,0,0.45,0.239513289,Rural,Evening,Rain
3278,0.85,0,0,0,0.55,0,0.804583333,0.573220194,Highway,Night,Clear
3279,0.79,0.44,0,0,0.78,0.9,0.715416667,0.722328957,Highway,Evening,Clear
3280,0.77,0,0,0,0.93,0,0.195416667,0.486017718,Rural,Morning,Rain
3281,0,0,0.77,0,0,0,0.486666667,0.293734657,Highway,Night,Rain
3282,0.61,0.51,0.61,0,0.65,0,0.552083333,0.629896467,Highway,Evening,Clear
3283,0,0,0,0,0,0,0.365416667,0.095367702,Highway,Evening,Clear
3284,0.9,0,0,0,0,0.42,0.055416667,0.359216565,Highway,Morning,Clear
3285,0,0,0,0,0,0,0.836666667,0.205358096,Highway,Night,Clear
3286,0.68,0,0.87,0,0,0,0.455833333,0.564094354,Urban,Evening,Clear
3287,0.99,0,0,0,0,0,0.268333333,0.400469634,Highway,Morning,Clear
3288,0.78,0,0.54,0,0,0,0.630833333,0.566015583,Highway,Evening,Fog
3289,0.48,0,0,0,0,0,0.14,0.197246238,Urban,Morning,Clear
3290,0,0,0,0,0,0,0.606666667,0.188707439,Highway,Morning,Clear
3291,0.81,0,0,0,0,0,0.662916667,0.447272921,Highway,Evening,Rain
3292,0,0,0,0.77,0,0,0.298333333,0.173124133,Highway,Evening,Rain
3293,0,0,0.78,0,0,0,0.342916667,0.269879389,Highway,Afternoon,Clear
3294,0.6,0.73,0,0,0,0,0.32375,0.29282741,Rural,Morning,Clear
3295,0.81,0,0.54,0,0,0.41,0.45375,0.554755043,Rural,Afternoon,Clear
3296,0.44,0,0,0,0,0,0.665,0.347742555,Urban,Morning,Fog
3297,0.5,0,0,0,0,0,0.491666667,0.276443591,Highway,Afternoon,Clear
3298,0.91,0,0,0,0,0,0.641666667,0.490980894,Urban,Morning,Clear
3299,0,0,0.83,0,0,0.62,0.52,0.435478706,Urban,Evening,Clear
3300,0,0,0.92,0,0,0.49,0.692083333,0.495410396,Rural,Evening,Fog
3301,0.54,0,0,0,0,0.74,0.509166667,0.389475931,Highway,Afternoon,Clear
3302,0.9,0,0,0,0,0,0.7475,0.502401537,Urban,Evening,Clear
3303,0.57,0,0.48,0,0,0,0.425833333,0.437933611,Urban,Morning,Rain
3304,0,0,0,0,0,0.95,0.437083333,0.202743089,Highway,Night,Rain
3305,0.79,0,0,0,0,0,0.228333333,0.305688974,Highway,Evening,Clear
3306,0.82,0,0,0,0,0,0.484166667,0.413171096,Highway,Morning,Rain
3307,0.71,0,0,0,0,0,0.333333333,0.312733483,Rural,Evening,Rain
3308,0,0,0,0,0,0.63,0.66375,0.250560359,Urban,Afternoon,Rain
3309,0.58,0,0,0,0,0,0.372916667,0.246824634,Highway,Night,Rain
3310,0,0,0.92,0,0,0,0.6075,0.406340058,Urban,Evening,Fog
3311,0.53,0,0.76,0,0,0.91,0.177916667,0.536289892,Urban,Morning,Clear
3312,0.42,0,0,0,0,0.4,0.394583333,0.290159035,Highway,Evening,Rain
3313,0.58,0,0,0,0.95,0.5,0.580416667,0.612818871,Urban,Morning,Rain
3314,0,0,0.48,0,0,0,0.61125,0.276496958,Urban,Afternoon,Clear
3315,0,0,0.66,0,0,0,0.480833333,0.263742128,Highway,Night,Clear
3316,0.79,0,0,0,0,0,0.519166667,0.414451916,Highway,Morning,Clear
3317,0.96,0,0,0,1,0,0.3275,0.58309318,Rural,Evening,Rain
3318,0.92,0,0,0,0,0.42,0.885416667,0.587202476,Highway,Afternoon,Clear
3319,0.86,0,0,0,0,0,0.303333333,0.369729961,Rural,Morning,Rain
3320,0,0,0,0,0,0,0.7725,0.185398655,Urban,Night,Clear
3321,0,0,0.5,0.69,0,0,0.14375,0.24287544,Urban,Evening,Rain
3322,0.87,0,0,0,0,0,0.7775,0.483829651,Highway,Afternoon,Clear
3323,0,0.57,0,0,0,0,0.405416667,0.126107375,Highway,Morning,Clear
3324,0.8,0,0,0,0,0.6,0.386666667,0.41669335,Highway,Afternoon,Fog
3325,0.56,0,0,0,0,0,0.31,0.257444765,Highway,Evening,Clear
3326,0.94,0,0.82,0,0,0,0.685,0.669228306,Highway,Night,Clear
3327,0.8,0,0,0,0,0.94,0.561666667,0.514676059,Highway,Afternoon,Clear
3328,0.74,0,0,0,0,0.46,0.058333333,0.314014302,Highway,Morning,Rain
3329,0.47,0.65,0.86,0,0,0,0.107916667,0.404365461,Rural,Morning,Clear
3330,0.67,0,0,0,0,0,0.307916667,0.273721849,Highway,Afternoon,Clear
3331,0.68,0,0.46,0,0,0,0.375833333,0.39758779,Highway,Night,Clear
3332,0,0,0.7,0,0.46,0,0.5775,0.447326289,Highway,Morning,Clear
3333,0.92,0,0,0,0,0,0.400416667,0.400843206,Highway,Evening,Rain
3334,0,0,0,0,0,0,0.259583333,0.08074501,Highway,Morning,Clear
3335,0.73,0,0,0,0.54,0,0.4625,0.444764649,Urban,Afternoon,Clear
3336,0,0,0.89,0,0,0,0.245833333,0.286156473,Highway,Evening,Rain
3337,0.63,0.63,0.96,0,0,0,0.33625,0.533941723,Urban,Evening,Rain
3338,0,0,0,0,0,0,0.300416667,0.093446472,Urban,Morning,Clear
3339,0.99,0.93,0,0,0,0,0.685416667,0.530205999,Rural,Morning,Clear
3340,0.47,0,0.71,0,0,0,0.80375,0.545789305,Highway,Afternoon,Clear
3341,0.65,0,0,0,0,0,0.4975,0.326288825,Highway,Afternoon,Fog
3342,0,0,0.97,0,0,0.76,0.535416667,0.47577116,Highway,Afternoon,Rain
3343,0,0.94,0,0,0,0,0.743333333,0.176326182,Rural,Night,Clear
3344,0.43,0,0,0,0,0.67,0.501666667,0.379549578,Urban,Morning,Clear
3345,0.84,0,0.72,0,0,0,0.8475,0.680435479,Highway,Afternoon,Fog
3346,0,0,0,0,0,0.96,0.552916667,0.258352012,Urban,Afternoon,Clear
3347,0.95,0,0,0,0,0,0.813333333,0.502294802,Highway,Night,Clear
3348,0.57,0,0,0,0,0,0.6775,0.374959974,Highway,Evening,Rain
3349,0.92,0,0,0,0,0,0.198333333,0.356281353,Highway,Morning,Clear
3350,0,0,0.64,0,0,0.47,0.797083333,0.453783755,Urban,Evening,Rain
3351,0,0,0,0,0,0,0.797083333,0.229640303,Urban,Evening,Clear
3352,0,0,0,0,0,0,0.853333333,0.228839791,Urban,Afternoon,Clear
3353,0.58,0,0,0,0.97,0,0.477916667,0.465844807,Urban,Night,Clear
3354,0.95,0.7,0.91,0,0,0.53,0.425833333,0.737645426,Urban,Morning,Clear
3355,0,0,0.7,0,0,0,0.216666667,0.228412851,Highway,Evening,Rain
3356,0.85,0,0,0.46,0,0,0.44125,0.450048031,Highway,Evening,Clear
3357,0,0,0.68,0,0,0,0.332083333,0.222595795,Urban,Night,Rain
3358,0,0,0,0,0,0.42,0.1575,0.102785783,Highway,Morning,Fog
3359,0.88,0,0,0,0,0,0.307083333,0.359003095,Rural,Evening,Clear
3360,0.41,0,0.69,0,0,0.66,0.832916667,0.615060305,Rural,Afternoon,Clear
3361,0.98,0,0.91,0,0,0,0.727083333,0.75477639,Highway,Evening,Clear
3362,0.84,0,0.9,0,0,0,0.26625,0.564040986,Urban,Evening,Clear
3363,0,0,0,0,0,0,0.801666667,0.194471128,Urban,Night,Clear
3364,0.58,0,0.64,0,0,0,0.198333333,0.411356602,Urban,Morning,Clear
3365,0.9,0,0,0,0,0,0.7025,0.451809158,Rural,Night,Fog
3366,0.57,0,0,0,0,0,0.684166667,0.358736258,Rural,Afternoon,Clear
3367,0.92,0,0,0,0,0,0.498333333,0.394705945,Urban,Night,Fog
3368,0.47,0,0,0,0.97,0,0.4275,0.433237272,Highway,Afternoon,Clear
3369,0,0,0,0,0,0,0.554166667,0.172376988,Highway,Morning,Rain
3370,0.82,0,0,0,0,0,0.477083333,0.374372932,Highway,Afternoon,Clear
3371,0,0.6,0,0,0,0,0.315833333,0.079944498,Rural,Evening,Clear
3372,0,0,0,0,0,0,0.915416667,0.229853773,Urban,Night,Clear
3373,0.72,0,0,0,0.46,0,0.345833333,0.389902871,Highway,Afternoon,Clear
3374,0,0,0,0.86,0,0.57,0.727916667,0.372985377,Highway,Afternoon,Clear
3375,0.46,0,0.6,0,0,0.92,0.62375,0.557957093,Highway,Night,Fog
3376,0.55,0.46,0,0,0,0,0.155416667,0.206158608,Rural,Evening,Clear
3377,0.41,0,0.7,0,0,0,0.678333333,0.485003736,Rural,Afternoon,Clear
3378,0,0,0,0,0,0.76,0.17875,0.134646174,Rural,Evening,Rain
3379,0.68,0,0,0,0,0,0.765833333,0.419361725,Highway,Afternoon,Rain
3380,0.58,0,0,0,0,0.77,0.809583333,0.49957306,Highway,Afternoon,Clear
3381,0.76,0,0,0.85,0,0,0.465416667,0.460401324,Urban,Afternoon,Fog
3382,0,0.97,0,0,0,0,0.832916667,0.22248906,Highway,Afternoon,Rain
3383,0,0,0,0,0.41,0,0.21875,0.146813961,Urban,Morning,Fog
3384,0.58,0,0.74,0,0,0,0.503333333,0.495250294,Highway,Afternoon,Rain
3385,0,0,0.54,0.59,0,0,0.405,0.284982389,Urban,Night,Clear
3386,0.58,0,0,0,0,0.72,0.234166667,0.332479454,Rural,Evening,Clear
3387,0.85,0,0.88,0.58,0,0,0.52375,0.698206852,Rural,Afternoon,Clear
3388,0,0,0,0,0,0.46,0.635416667,0.201675739,Rural,Night,Clear
3389,0,0,0,0,0,0.67,0.408333333,0.212829544,Highway,Morning,Rain
3390,0.43,0,0,0.9,0,0,0.242916667,0.310225211,Highway,Evening,Clear
3391,0,0,0.69,0,0,0,0.770833333,0.398228199,Highway,Evening,Clear
3392,0.94,0,0,0,0,0,0.63,0.496958053,Urban,Morning,Rain
3393,0.91,0,0,0,0,0,0.381666667,0.355214004,Rural,Night,Rain
3394,0.8,0,0.6,0,0,0,0.779583333,0.634059131,Highway,Evening,Rain
3395,0.76,0,0.46,0.44,0,0,0.666666667,0.588323194,Highway,Afternoon,Clear
3396,0.94,0,0,0,0,1,0.404166667,0.518198314,Urban,Afternoon,Rain
3397,0,0,0,0,0,0.9,0.415,0.226064681,Highway,Evening,Rain
3398,0,0,0,0,0.5,0,0.433333333,0.194257658,Highway,Afternoon,Clear
3399,0,0,0.54,0,0,0,0.618333333,0.330664959,Rural,Morning,Rain
3400,0.51,0,0,0,0,0,0.24375,0.202529619,Highway,Afternoon,Fog
3401,0.45,0,0,0,0,0,0.39625,0.212455972,Urban,Night,Clear
3402,0,0,0,0,1,0,0.3275,0.275696446,Rural,Evening,Rain
3403,0,0,0,0,0,0,0.862083333,0.231561533,Highway,Afternoon,Clear
3404,0.54,0,0,0,0.51,0,0.407916667,0.342886114,Urban,Night,Clear
3405,0.88,0,0,0,0,0,0.68125,0.457092539,Urban,Afternoon,Clear
3406,0.42,0,0.97,0,0,0,0.422916667,0.514515957,Urban,Morning,Clear
3407,0,0,0,0,0,0.94,0.23125,0.17403138,Rural,Evening,Clear
3408,0.75,0,0,0,0,0.89,0.627083333,0.549204824,Urban,Morning,Clear
3409,0,0,0.58,0,0,0.46,0.587083333,0.371811293,Urban,Evening,Clear
3410,0,0.44,0,0,0.7,0,0.59875,0.302433557,Highway,Evening,Rain
3411,1,0,0,0,0,0,0.600833333,0.507097876,Urban,Morning,Clear
3412,0,0,0,0.93,0,0,0.398333333,0.206425446,Rural,Afternoon,Clear
3413,0.91,0,0,0,0,0.54,0.385833333,0.462269186,Rural,Evening,Clear
3414,0,0,0,0,0,0.4,0.105,0.083893692,Highway,Morning,Clear
3415,0.71,0,0,0,0,0,0.848333333,0.436332586,Urban,Night,Clear
3416,0.44,0,0.5,0,0,0,0.73,0.477745757,Highway,Evening,Rain
3417,0.9,0,0,0,0,0,0.42875,0.421549792,Urban,Morning,Clear
3418,0.76,0,0,0,0,0,0.289583333,0.31513502,Urban,Evening,Fog
3419,0.47,0,0.68,0,0,0,0.181666667,0.362898922,Rural,Evening,Clear
3420,0,0,0,0,0,0,0.795,0.210694845,Highway,Afternoon,Clear
3421,0.46,0,0,0,0,0,0.3275,0.230867755,Urban,Evening,Clear
3422,0,0,0.58,0,0,0.58,0.564583333,0.36188494,Urban,Afternoon,Clear
3423,0.95,0,0,0.55,0,0,0.375,0.454691002,Highway,Afternoon,Clear
3424,0,0,0,0,0,0,0.657916667,0.168054221,Urban,Afternoon,Fog
3425,0.8,0,0,0,0,0,0.555,0.410502722,Rural,Evening,Clear
3426,0.9,0,0,0,0,0,0.475416667,0.436065749,Urban,Morning,Clear
3427,0.93,0,0,0,0,0.47,0.455833333,0.481481481,Highway,Evening,Fog
3428,0.74,0,0,0.76,0,0,0.093333333,0.363325862,Rural,Morning,Rain
3429,0,0,0,0,0,0.68,0.526666667,0.214323834,Highway,Afternoon,Clear
3430,0.71,0,0,0,0,0,0.892083333,0.449941296,Highway,Night,Clear
3431,0.66,0,0,0.96,0,0,0.564583333,0.473316256,Urban,Afternoon,Rain
3432,0.59,0,0,0.81,0,0,0.759166667,0.510513395,Urban,Evening,Clear
3433,0,0,0,0,0,0,0.599583333,0.149909275,Rural,Afternoon,Clear
3434,0,0,0,0,0,0,0.498333333,0.100117408,Highway,Night,Clear
3435,0,0,0,0,0,0.81,0.801666667,0.298217526,Highway,Night,Clear
3436,0,0,0,0,0,0,0.76875,0.202529619,Highway,Afternoon,Clear
3437,0.66,0,0,0,0,0,0.451666667,0.296936706,Highway,Night,Rain
3438,0,0,0,0,0,0,0.612083333,0.135500053,Urban,Night,Clear
3439,0,0,0,0,0,0,0.42875,0.133365354,Urban,Morning,Rain
3440,0.86,0,0,0,0,0,0.76875,0.47790586,Urban,Afternoon,Rain
3441,0.76,0,0,0,0,0,0.4025,0.368555876,Highway,Morning,Clear
3442,0,0,0.42,0.65,0,0,0.64625,0.355267371,Highway,Afternoon,Rain
3443,0.94,0,0,0,0,0,0.137916667,0.325595047,Highway,Evening,Clear
3444,0,0,0,0,0,0,0.660833333,0.168961469,Highway,Afternoon,Clear
3445,0.67,0,0.59,0,0.91,0.92,0.474166667,0.76923898,Highway,Afternoon,Clear
3446,0,0,0,0,0,0.85,0.20125,0.171469741,Highway,Morning,Fog
3447,0.76,0,0.73,0,0,0,0.307083333,0.507578183,Urban,Evening,Clear
3448,0.78,0,0,0,0,0,0.533333333,0.360764222,Urban,Night,Fog
3449,0.76,0,0,0.81,0.41,0,0.8125,0.642010887,Rural,Afternoon,Clear
3450,0.82,0,0.73,0,0,0,0.403333333,0.55672964,Highway,Evening,Clear
3451,0,0,0,0,0,0,0.41875,0.093659942,Highway,Afternoon,Clear
3452,0,0,0,0,0,0.96,0.79125,0.350784502,Highway,Evening,Clear
3453,0,0,0.61,0,0,0,0.356666667,0.248905966,Rural,Evening,Rain
3454,0.54,0,0,0,0,0.43,0.994166667,0.482335361,Urban,Night,Rain
3455,0,0,0,0,0,0,0.455,0.14153058,Urban,Morning,Clear
3456,0.71,0,0.67,0,0,0.41,0.19625,0.494236311,Highway,Evening,Clear
3457,0,0,0,0,0,0,0.69875,0.180755684,Highway,Afternoon,Clear
3458,0,0,0,0,0,0,0.678333333,0.174404953,Rural,Afternoon,Rain
3459,0,0,0,0,0,0,0.792083333,0.209787597,Urban,Afternoon,Clear
3460,0,0,0.98,0,0,0,0.830833333,0.454584267,Rural,Night,Clear
3461,0.46,0,0.63,0.61,0,0,0.395416667,0.473209521,Highway,Afternoon,Clear
3462,0.63,0,0.55,0.57,0.76,0.8,0.662916667,0.852011954,Urban,Evening,Rain
3463,0,0,0,0,0,0.57,0.058333333,0.09115167,Highway,Morning,Rain
3464,0.69,0,0.55,0,0.57,0,0.381666667,0.535169175,Urban,Night,Clear
3465,0.79,0,0,0,0,0,0.85125,0.462856228,Highway,Night,Rain
3466,0.97,0,0,1,0,0,0.59,0.6039065,Highway,Evening,Clear
3467,0,0,0,0.85,0,0,0.305,0.167146974,Highway,Afternoon,Fog
3468,0,0,0,0,0.92,0.55,0.582083333,0.391663998,Rural,Afternoon,Clear
3469,0.76,0,0.67,0.79,0,0,0.459583333,0.622531754,Rural,Afternoon,Rain
3470,0,0,0,0,0,0,0.54625,0.151617035,Rural,Evening,Rain
3471,0,0,0,0.61,0.57,0,0.695833333,0.367488526,Highway,Afternoon,Clear
3472,0.85,0,0,0,0,0,0.489583333,0.369569858,Highway,Night,Clear
3473,0.7,0,0,0,0,0,0.850416667,0.452075995,Urban,Afternoon,Rain
3474,0.78,0,0.86,0,0,0,0.547916667,0.585601452,Highway,Night,Clear
3475,0.44,0,0,0,0,0,0.608333333,0.293521187,Highway,Afternoon,Clear
3476,0.55,0,0.52,0.43,0.81,0.6,0.460833333,0.740207066,Urban,Morning,Rain
3477,0.62,0,0.83,0.42,0,0,0.67375,0.674511687,Urban,Morning,Rain
3478,0,0,0,0.73,0,0,0.240833333,0.131817697,Rural,Afternoon,Fog
3479,0.68,0,0,0,0,0.56,0.830833333,0.493008859,Highway,Night,Rain
3480,0,0,0,0,0.8,0,0.405,0.224783862,Highway,Night,Clear
3481,0,0,0,0,0,0,0.625,0.176112712,Rural,Evening,Rain
3482,0.43,0,0,0.86,0,0,0.78625,0.45581172,Urban,Afternoon,Clear
3483,0.48,0,0,0,0,0,0.60375,0.341498559,Highway,Morning,Rain
3484,0.57,0.58,0,0,0,0,0.739583333,0.375973957,Highway,Afternoon,Rain
3485,0,0,0,0,0.53,0,0.26625,0.166346462,Urban,Evening,Clear
3486,0.98,0,0,0,0,0.71,0.422916667,0.536289892,Urban,Morning,Clear
3487,0,0,0,0,0,0,0.228333333,0.052727079,Highway,Evening,Clear
3488,0.6,0,0,0,0,0,0.430416667,0.28941189,Rural,Afternoon,Clear
3489,0,0,0,0,0,0,0.28375,0.069964777,Rural,Evening,Clear
3490,0.69,0,0,0,0,0,0.70375,0.421549792,Highway,Evening,Fog
3491,0.52,0.58,0,0,0.42,0,0.189583333,0.306169282,Highway,Morning,Clear
3492,0.77,0,0,0,0,0,0.433333333,0.344753976,Rural,Afternoon,Rain
3493,0.57,0,0.41,0,0,0,0.425416667,0.364980254,Highway,Night,Clear
3494,0,0,0.65,0,0,0,0.924166667,0.399082079,Urban,Night,Clear
3495,0.52,0,0,0.72,0,0.66,0.66375,0.513128402,Highway,Afternoon,Fog
3496,0.71,0,0.87,0.9,0,0,0.416666667,0.640196392,Highway,Night,Rain
3497,0.4,0,0,0,0,0.71,0.1225,0.25712456,Highway,Morning,Clear
3498,0,0,0,0,0,0,0.587916667,0.146280286,Urban,Afternoon,Clear
3499,0.4,0,0,0,0,0,0.59,0.293307717,Urban,Evening,Clear
3500,0.53,0,0.6,0,0,0.8,0.501666667,0.581919095,Highway,Morning,Rain
3501,0,0,0,0,0,0.63,0.77375,0.303073967,Urban,Evening,Fog
3502,0,0.59,0,0,0.65,0,0.51,0.228626321,Urban,Night,Rain
3503,0.42,0,0,0.42,0,0,0.7,0.406019853,Urban,Morning,Fog
3504,0.46,0,0,0,0,0,0.172083333,0.200821859,Highway,Morning,Fog
3505,0,0,0,0,0.57,0,0.315833333,0.189454584,Rural,Evening,Fog
3506,0,0,0,0,0,0,0.19625,0.042747358,Highway,Evening,Rain
3507,0.6,0.5,0.74,0,0,0.55,0.491666667,0.568470488,Rural,Afternoon,Fog
3508,0,0,0.52,0,0,0,0.590833333,0.280392785,Urban,Afternoon,Rain
3509,0.88,0.87,0,0,0,0,0.853333333,0.51062013,Rural,Afternoon,Clear
3510,0.74,0,0,0,0,0,0.5775,0.416586615,Highway,Morning,Clear
3511,0.71,0,0,0,0,0,0.59,0.392571246,Highway,Evening,Fog
3512,0.58,0.47,0,0.62,0,0,0.452083333,0.405753015,Rural,Morning,Clear
3513,0.96,0,0,0,0,0,0.695,0.505283381,Highway,Evening,Clear
3514,0.64,0,0,0,0,0,0.759166667,0.422777244,Urban,Evening,Clear
3515,0.45,0.78,0.85,0.54,0,0,0.414166667,0.559824955,Highway,Morning,Clear
3516,0.77,0,0.43,0,0,0.5,0.522916667,0.565108336,Highway,Evening,Clear
3517,0.47,0,0.91,0,0,0,0.119583333,0.420802647,Highway,Morning,Clear
3518,0,0,0,0,0,0,0.54625,0.151617035,Highway,Evening,Clear
3519,0.61,0,0,0,0,0,0.35875,0.306916427,Rural,Morning,Rain
3520,0.7,0,0,0,0,0,0.242916667,0.281406767,Highway,Evening,Clear
3521,0.92,0,0.52,0,0,0.61,0.232083333,0.541519906,Highway,Afternoon,Clear
3522,0.7,0,0,0,0,0.85,0.5725,0.492795389,Urban,Evening,Clear
3523,0.82,0,0.92,0,0,0,0.4325,0.614473263,Highway,Evening,Clear
3524,0,0,0,0,0.89,0,0.245833333,0.229159996,Highway,Evening,Clear
3525,1,0,0,0,0,0,0.335416667,0.424538371,Rural,Morning,Clear
3526,0.48,0,0,0,0,0,0.107916667,0.187266517,Urban,Morning,Clear
3527,0,0,0.61,0.67,0,0,0.93,0.476464938,Rural,Night,Clear
3528,0.56,0,0.83,0,0,0,0.765833333,0.593553207,Highway,Afternoon,Clear
3529,0.64,0,0.59,0,0,0,0.664583333,0.507898388,Rural,Night,Rain
3530,0.65,0,0,0,0,0,0.2575,0.269932757,Rural,Evening,Clear
3531,0,0,0,0.44,0,0.85,0.794166667,0.3939588,Urban,Evening,Clear
3532,0.65,0,0.94,0,0,0,0.058333333,0.46707226,Rural,Morning,Clear
3533,0,0,0.48,0,0,0,0.69875,0.303714377,Rural,Afternoon,Clear
3534,0,0,0,0.97,0,0,0.770833333,0.345714591,Rural,Evening,Clear
3535,0.94,0,0,0,0,0,0.255416667,0.343846729,Highway,Afternoon,Clear
3536,0.83,0,0,0,0,0,0.280833333,0.334827623,Urban,Evening,Clear
3537,0.76,0,0.51,0,0,0.8,0.533333333,0.587469314,Rural,Night,Clear
3538,0,0.47,0,0,0,0,0.988333333,0.252534956,Highway,Night,Clear
3539,0.59,0,0,0,0,0,0.650416667,0.391237058,Urban,Morning,Rain
3540,0.89,0,0.7,0,0,0,0.547916667,0.579837763,Urban,Night,Rain
3541,0.97,0,0.45,0,0,0.54,0.604583333,0.664798805,Urban,Evening,Clear
3542,0,0,0,0,0,0.75,0.475416667,0.24394279,Urban,Morning,Clear
3543,0.89,0,0,0,0,0,0.79875,0.47854627,Highway,Night,Clear
3544,0,0,0,0.53,0,0,0.237916667,0.105294055,Highway,Afternoon,Clear
3545,0.4,0,0,0,0,0,0.76875,0.330611591,Highway,Afternoon,Clear
3546,0.78,0,0.52,0,0,0,0.596666667,0.531967126,Rural,Afternoon,Clear
3547,0,0,0.97,0,0,0.74,0.75125,0.540345821,Highway,Afternoon,Rain
3548,0.43,0,0,0,0.88,0.69,0.055416667,0.412370584,Highway,Morning,Rain
3549,0,0,0,0,0,0,0.962083333,0.24436973,Highway,Night,Clear
3550,0,0.44,0.99,0,0,0.73,0.44875,0.43179635,Urban,Night,Rain
3551,0,0,0,0,0,0.7,0.62875,0.248639129,Highway,Afternoon,Clear
3552,0.55,0,0.63,0,0.67,0,0.889166667,0.687906927,Urban,Night,Clear
3553,0.44,0,0.95,0,0,0,0.21,0.449567723,Urban,Morning,Rain
3554,0.76,0,0.73,0,0,0,0.653333333,0.633578824,Highway,Morning,Fog
3555,0,0,0,0,0,0,0.8,0.23054755,Urban,Evening,Fog
3556,0.81,0,0,0,0,0,0.307916667,0.318550539,Highway,Afternoon,Rain
3557,0.47,0,0.56,0,0,0.74,0.207083333,0.453143345,Highway,Morning,Clear
3558,0.63,0,0,0.95,0,0,0.177916667,0.378749066,Rural,Morning,Rain
3559,0.67,0,0,0.66,0,0.83,0.669583333,0.577062653,Urban,Afternoon,Clear
3560,0.62,0,0.82,0,0,0.47,0.294583333,0.560411997,Urban,Morning,Clear
3561,0.47,0,0,0,0,0,0.210833333,0.197779912,Rural,Evening,Rain
3562,0.65,0,0,0,0,0,0.539583333,0.375973957,Highway,Morning,Rain
3563,0.85,0,0.8,0.99,0,0,0.316666667,0.665812787,Highway,Afternoon,Clear
3564,0,0,0.99,0,0,0,0.6675,0.406340058,Urban,Night,Rain
3565,0,0,0,0,0,0,0.779583333,0.224196819,Highway,Evening,Clear
3566,0,0,0,0.73,0,0,0.377916667,0.17445832,Rural,Afternoon,Clear
3567,0.44,0,0.56,0,0,0,0.574583333,0.463069698,Rural,Morning,Clear
3568,0,0,0.8,0.96,0.76,0.85,0.550833333,0.699220835,Urban,Night,Rain
3569,0,0.95,0.43,0,0,0,0.659166667,0.315188387,Rural,Morning,Clear
3570,0.45,0,0,0,0,0,0.398333333,0.23140143,Highway,Afternoon,Clear
3571,0.61,0,0,0,0,0,0.762916667,0.396040132,Rural,Afternoon,Clear
3572,0.97,0,0,0,0,0,0.30125,0.386007045,Rural,Evening,Clear
3573,0.8,0,0,0,0,0,0.298333333,0.330664959,Urban,Evening,Clear
3574,0.81,0,0,0,0,0,0.825,0.461095101,Urban,Night,Clear
3575,0,0,0.47,0.4,0,0,0.932916667,0.4069271,Rural,Night,Fog
3576,0,0,0,0.85,0.76,0,0.28375,0.324847903,Urban,Evening,Clear
3577,0.62,0,0,0,0,0.48,0.590833333,0.407193937,Highway,Afternoon,Clear
3578,0.76,0,0,0,0,0,0.219583333,0.293361084,Highway,Evening,Rain
3579,0,0,0,0,0,0,0.830833333,0.203543601,Highway,Night,Clear
3580,0.41,0,0,0,0,0.44,0.190416667,0.228572953,Highway,Evening,Clear
3581,0.78,0,0,0,0.9,0,0.175833333,0.459067136,Urban,Evening,Clear
3582,0.95,0,0,0,0,0.99,0.9475,0.670829331,Rural,Night,Clear
3583,0,0,0,0,0,0,0.722083333,0.188013662,Highway,Afternoon,Clear
3584,0.77,0,0.4,0,0,0,0.740416667,0.52444231,Urban,Night,Clear
3585,0,0,0,0,0,0,0.435416667,0.117141637,Highway,Evening,Clear
3586,0.92,0,0,0,0,0,0.468333333,0.403671683,Highway,Afternoon,Clear
3587,0.83,0,0,0,0,0.97,0.56375,0.547070125,Urban,Evening,Clear
3588,0,0,0,0.94,0,0,0.186666667,0.178460882,Urban,Morning,Fog
3589,0,0,0,0.48,0,0.44,0.320833333,0.217632618,Urban,Morning,Rain
3590,0,0,0,0,0.66,0,0.714166667,0.294054862,Highway,Night,Clear
3591,0.47,0,1,0,0,0,0.364166667,0.465044295,Rural,Night,Clear
3592,0,0,0.88,0,0.57,0.67,0.655,0.587896254,Urban,Afternoon,Rain
3593,0.94,0,0.87,0.46,0,0,0.797916667,0.794375067,Rural,Afternoon,Clear
3594,0.44,0,0,0,0.56,0,0.844583333,0.474597075,Rural,Afternoon,Clear
3595,0.72,0,0,0.65,0,0,0.778333333,0.501013982,Highway,Night,Clear
3596,0.49,0,0,0,0,0,0.894166667,0.398441669,Urban,Afternoon,Clear
3597,0,0,0,0,0,0,0.312916667,0.079037251,Highway,Evening,Clear
3598,0.41,0,0,0,0,0,0.530416667,0.241381151,Urban,Night,Clear
3599,0.65,0,0,0,0,0,0.555833333,0.344433771,Rural,Afternoon,Clear
3600,0.58,0,0,0.96,0,0,0.661666667,0.459600811,Urban,Night,Rain
3601,0.69,0,0,0,0,0,0.62875,0.379923151,Highway,Afternoon,Clear
3602,0,0,0.71,0,0,0,0.277916667,0.250026684,Urban,Evening,Clear
3603,0.75,0,0,0,0,0,0.379166667,0.358095848,Rural,Morning,Clear
3604,0.43,0,0,0,0,0.51,0.795,0.413704771,Rural,Afternoon,Clear
3605,0.47,0,0,0.73,0,0,0.333333333,0.329384139,Rural,Evening,Rain
3606,0,0,0.58,0,0.72,0,0.284583333,0.338830185,Highway,Afternoon,Clear
3607,0,0.51,0,0,0,0,0.410833333,0.072899989,Rural,Night,Clear
3608,0,0,0,0,0,0,0.539166667,0.112818871,Highway,Night,Clear
3609,0,0.89,0.49,0.72,0.67,0,0.386666667,0.430141958,Highway,Afternoon,Clear
3610,0.74,0,0,0,0,0,0.26125,0.281620237,Highway,Afternoon,Clear
3611,0,0,0.57,0,0,0,0.688333333,0.360123813,Highway,Morning,Clear
3612,0,0,0,0,0,0.69,0.3575,0.16298431,Highway,Afternoon,Rain
3613,0.61,0,0,0,0,0,0.508333333,0.335147828,Urban,Evening,Rain
3614,0.84,0,0,0,0,0,0.335416667,0.373305582,Highway,Morning,Fog
3615,0.79,0,0.63,0,0,0,0.58875,0.542587256,Highway,Night,Clear
3616,0.91,0,0.85,0,0,0.9,0.592083333,0.808570819,Highway,Morning,Clear
3617,0,0,0.72,0.48,0,0,0.678333333,0.42032234,Urban,Afternoon,Clear
3618,0,0,0,0,0,0,0.7,0.217739353,Urban,Morning,Clear
3619,0,0,0.45,0,0,0,0.867916667,0.348649803,Urban,Afternoon,Clear
3620,0,0,0,0,0,0,0.612083333,0.135500053,Rural,Night,Rain
3621,0.82,0,0.41,0,0,0,0.614166667,0.522040773,Highway,Afternoon,Clear
3622,0.66,0,0,0,0,0,0.99125,0.464777458,Rural,Night,Clear
3623,0.8,0,0,0,0.66,0,0.591666667,0.51211442,Urban,Night,Rain
3624,0,0,0,0,0,0,0.509166667,0.121784609,Highway,Afternoon,Clear
3625,0.57,0,0,0,0,0,0.2975,0.275056036,Highway,Morning,Clear
3626,0.58,0,0,0,0,0,0.944583333,0.424645106,Highway,Night,Clear
3627,0,0,0,0.4,0,0,0.69375,0.212135767,Highway,Night,Clear
3628,0,0,0,0,0,0,0.29625,0.055555556,Rural,Afternoon,Clear
3629,0.87,0,0.46,0,0,0,0.44625,0.535222542,Highway,Morning,Fog
3630,0.67,0,0,0,0,0,0.93,0.448927313,Highway,Night,Clear
3631,0,0,0.65,0.89,0,0,0.473333333,0.409435372,Highway,Evening,Clear
3632,0.88,0,0,0,0,0.97,0.275833333,0.455224677,Urban,Afternoon,Rain
3633,0.89,0,0,0,0.45,0,0.39375,0.493916106,Urban,Morning,Clear
3634,0.91,0,0.96,0.45,0,0,0.439166667,0.694951436,Rural,Afternoon,Clear
3635,0.95,0,0,0,0,0,0.722916667,0.474170136,Urban,Night,Clear
3636,0,0,0.78,0,0,0,0.5075,0.357668908,Rural,Morning,Rain
3637,0,0,0,0,0,0.78,0.415,0.210694845,Highway,Evening,Clear
3638,0.66,0,0,0,0,0,0.337083333,0.279592272,Highway,Afternoon,Clear
3639,0.59,0,0,0,0,0,0.385833333,0.290639343,Urban,Evening,Clear
3640,0.75,0,0.88,0,0,0.61,0.246666667,0.583840324,Highway,Afternoon,Rain
3641,0.62,0,0.68,0,0.83,0,0.193333333,0.574020707,Highway,Evening,Clear
3642,0.76,0,0,0,0,0,0.072916667,0.26603693,Rural,Morning,Rain
3643,0.82,0,0.62,0,0,0.76,0.836666667,0.724090084,Urban,Night,Clear
3644,0,0,0,0,0,0,0.830833333,0.203543601,Highway,Night,Clear
3645,0.81,0,0.47,0,0.53,0,0.605416667,0.633311986,Highway,Afternoon,Clear
3646,0.62,0,0,0.78,0,0,0.64625,0.462856228,Rural,Afternoon,Clear
3647,0.5,0,0.93,0,0,0,0.48375,0.493916106,Rural,Night,Fog
3648,0.66,0,0.87,0,0,0.59,0.21875,0.577809798,Rural,Morning,Clear
3649,0.49,0,0,0,0.52,0,0.522083333,0.419201622,Urban,Morning,Rain
3650,0.93,0,0,0,0,0.95,0.680416667,0.612818871,Highway,Evening,Clear
3651,0.61,0,0.5,0,0,0,0.307083333,0.400629736,Urban,Evening,Fog
3652,0.49,0,0.71,0,0,0,0.324583333,0.421443057,Highway,Evening,Rain
3653,0.42,0,0,0,0,0.92,0.107916667,0.285889636,Urban,Morning,Rain
3654,0.79,0,0.69,0,0,0.73,0.594583333,0.653271427,Highway,Night,Rain
3655,0.78,0,0,0,0,0,0.26625,0.31428114,Urban,Evening,Clear
3656,0.6,0,0.78,0,0,0,0.186666667,0.449994663,Highway,Morning,Clear
3657,0.44,0,0,0,0,0,0.706666667,0.342405806,Highway,Evening,Fog
3658,0.65,0,0,0.95,0,0,1,0.585975024,Highway,Night,Clear
3659,0.59,0,0,0,0,0,0.281666667,0.239940228,Highway,Afternoon,Rain
3660,0,0,0,0,0,0,0.594583333,0.13005657,Urban,Night,Clear
3661,0,0,0,0.53,0,0,0.79875,0.261447326,Rural,Night,Fog
3662,0.81,0,0.97,0,0,0,0.46625,0.597982709,Rural,Night,Clear
3663,0,0,0,0,0,0.59,0.853333333,0.304408155,Highway,Afternoon,Rain
3664,0,0,0,0,0,0,0.827083333,0.220674565,Rural,Afternoon,Clear
3665,0,0,0.75,0,0,0,0.579166667,0.335681503,Highway,Afternoon,Clear
3666,0.76,0,0.72,0,0.65,0,0.9825,0.803394172,Highway,Night,Clear
3667,0.62,0,0,0,0,0,0.606666667,0.387234497,Highway,Morning,Clear
3668,0,0,0,0,0,0.58,0.68625,0.26945245,Urban,Evening,Rain
3669,0.53,0,0,0,0,0,0.794166667,0.398441669,Urban,Evening,Clear
3670,0.99,0,0,0.8,0,0,0.909583333,0.647507738,Highway,Night,Rain
3671,0,0.73,0,0,0,0.42,0.51,0.157540826,Highway,Night,Clear
3672,0,0,0,0,0,0,0.45375,0.10454691,Highway,Afternoon,Clear
3673,0.67,0,0,0,0,0,0.639583333,0.395186253,Rural,Evening,Clear
3674,0.81,0,0.43,0,0,0,0.286666667,0.440388515,Highway,Evening,Clear
3675,0.48,0,0.44,0,0.54,0.89,0.45,0.60582773,Rural,Evening,Rain
3676,0,0,0,0,0.75,0.67,0.552916667,0.365300459,Highway,Afternoon,Fog
3677,0.69,0,0,0,0,0.6,0.134166667,0.339523962,Highway,Morning,Clear
3678,0.42,0,0,0,0,0,0.470416667,0.262514676,Rural,Evening,Clear
3679,0.7,0,0,0.45,0,0.68,0.50625,0.489753442,Highway,Afternoon,Fog
3680,0.98,0,0,0,0,0.89,0.4975,0.545949408,Urban,Afternoon,Clear
3681,0.63,0,0,0,0,0.47,0.477083333,0.373732522,Highway,Afternoon,Clear
3682,0.42,0,0,0.76,0.62,0,0.5425,0.519692603,Rural,Morning,Fog
3683,0.42,0,0,0,0,0,0.2575,0.196285623,Urban,Evening,Rain
3684,0.63,0,0,0,0,0,0.56875,0.378642331,Urban,Morning,Clear
3685,0.5,0,0.51,0,0,0,0.580416667,0.471288291,Highway,Morning,Rain
3686,0.41,0,0,0,0,0.91,0.1875,0.287864233,Highway,Evening,Clear
3687,0,0,0,0,0.67,0,0.110833333,0.16319778,Highway,Morning,Clear
3688,0.85,0,0,0.5,0,0,0.426666667,0.450635073,Highway,Evening,Clear
3689,0.68,0,0,0,0.72,0,0.48,0.468780019,Urban,Afternoon,Rain
3690,0.57,0,0,0,0,0,0.305,0.240794108,Rural,Afternoon,Clear
3691,0,0,0,0,0,0,0.479166667,0.130750347,Urban,Evening,Rain
3692,0.94,0,0,0,0.52,0.94,0.610416667,0.692870104,Urban,Evening,Fog
3693,0,0,0.42,0,0,0.97,0.88625,0.45260967,Highway,Night,Clear
3694,0.47,0.45,0.85,0,0,0,0.825,0.569964777,Highway,Night,Rain
3695,0.97,0.97,0,0,0.49,0.64,0.517916667,0.611217846,Highway,Afternoon,Clear
3696,0,0,0,0,0,0,0.748333333,0.196178888,Highway,Afternoon,Clear
3697,0,0,0,0,0,0,0.2225,0.050912584,Highway,Evening,Clear
3698,0,0,0,0,0,0.53,0.361666667,0.180382111,Urban,Morning,Clear
3699,0,0,0,0,0,0.62,0.444166667,0.199274202,Highway,Evening,Clear
3700,0.59,0,0,0,0,0.6,0.676666667,0.476251468,Urban,Morning,Clear
3701,0.93,0,0,0,0,0.51,0.465416667,0.471288291,Highway,Afternoon,Fog
3702,0.76,0,0,0,0,0,0.237083333,0.298804568,Urban,Evening,Clear
3703,0,0,0,0,0,0,0.7475,0.214217099,Highway,Evening,Clear
3704,0.9,0,0,0,0,0,0.564583333,0.427206746,Urban,Afternoon,Rain
3705,0,0,0,0,0,0,0.46625,0.090137688,Highway,Night,Rain
3706,0,0,0,0.84,0,0,0.355833333,0.218273028,Highway,Morning,Clear
3707,0.99,0,0,0,0,0,0.792083333,0.526790479,Highway,Afternoon,Clear
3708,0.57,0,0,0,0,0,0.735833333,0.39310492,Highway,Evening,Rain
3709,0,0,0.83,0,0,0,0.33125,0.279058598,Rural,Afternoon,Clear
3710,0.98,0,0,0,0,0.76,0.619166667,0.585441349,Urban,Evening,Clear
3711,0.63,0,0,0.58,0,0.69,0.487083333,0.515903512,Highway,Morning,Clear
3712,0,0,0,0,0,0.92,0.385833333,0.219553848,Rural,Evening,Clear
3713,0.63,0,0,0,0,0,0.28,0.288824848,Highway,Morning,Clear
3714,0.6,0,0.48,0,0,0,0.701666667,0.496744583,Highway,Afternoon,Rain
3715,0.72,0,0,0,0,0,0.554166667,0.402924538,Highway,Morning,Clear
3716,0.49,0,0,0.68,0,0,0.3625,0.338456612,Highway,Evening,Clear
3717,0,0,0,0,0,0,0.34125,0.106147935,Highway,Morning,Fog
3718,0,0,0,0,0,0,0.603333333,0.132778311,Highway,Night,Rain
3719,0.73,0,0.9,0.76,0,0.42,0.622916667,0.772601131,Rural,Afternoon,Clear
3720,0.73,0,0,0,0,0,0.655,0.400896574,Highway,Afternoon,Clear
3721,0.86,0,0,0,0,0,0.748333333,0.471555129,Rural,Afternoon,Clear
3722,0,0,0.49,0.5,0,0,0.375,0.269612552,Urban,Afternoon,Rain
3723,0,0,0.58,0.84,0,0,0.783333333,0.4632298,Highway,Afternoon,Clear
3724,0.9,0,0,0.58,0,0,0.560833333,0.518625253,Highway,Evening,Clear
3725,0.66,0,0,0,0.93,0,0.5025,0.528017931,Rural,Evening,Clear
3726,0,0,0,0,0,0,0.56375,0.157060519,Rural,Evening,Rain
3727,0.58,0,0.55,0,0,0.79,0.46625,0.517931476,Urban,Night,Clear
3728,0.56,0,0,0,0.66,0,0.779583333,0.530312733,Rural,Evening,Rain
3729,0,0,0,0.8,0,0,0.530833333,0.267584587,Highway,Morning,Clear
3730,0.52,0,0,0,0,0.86,0.730833333,0.467392465,Highway,Afternoon,Clear
3731,0.43,0,0,0.49,0,0,0.482916667,0.31406767,Highway,Afternoon,Clear
3732,0,0,0.62,0,0,0.86,0.34,0.338136407,Urban,Afternoon,Rain
3733,0.61,0.55,0,0,0,0,0.614166667,0.34977052,Highway,Afternoon,Clear
3734,0.56,0,0,0,0,0,0.655,0.346461736,Rural,Afternoon,Clear
3735,0,0,0,0,0,0,0.699583333,0.162717473,Highway,Night,Fog
3736,0,0,0,0.81,0,0,0.359583333,0.197299605,Urban,Evening,Clear
3737,0,0.92,0,0,0,0,0.717083333,0.168160956,Highway,Night,Clear
3738,0.98,0,0.55,0,0,0,0.695,0.65257765,Urban,Evening,Clear
3739,0.73,0,0,0,0,0,0.501666667,0.389796136,Highway,Morning,Clear
3740,0.61,0,0,0,0.65,0.93,0.734583333,0.612925606,Highway,Night,Clear
3741,0.75,0,0,0,0,0,0.44625,0.378962536,Highway,Morning,Rain
3742,0.48,0,0,0,0.42,0,0.474166667,0.345287651,Highway,Afternoon,Rain
3743,0,0,0.69,0,0,0,0.344166667,0.283808304,Urban,Morning,Rain
3744,0.67,0,0.64,0,0,0,0.639583333,0.559131177,Urban,Evening,Clear
3745,0.78,0,0.99,0,0,0,0.403333333,0.610524069,Urban,Evening,Clear
3746,0,0,0,0,0,0,0.442083333,0.100917921,Urban,Afternoon,Rain
3747,0.69,0,0.43,0,0,0.84,0.44,0.520653218,Highway,Night,Rain
3748,0,0,0,0,0.7,0,0.676666667,0.344967446,Rural,Morning,Clear
3749,0,0,0,0,0,0,0.34375,0.052033301,Highway,Night,Rain
3750,0.64,0,0.49,0.48,0,0.96,0.892083333,0.737485324,Urban,Night,Rain
3751,1,0,0,0,0,0,0.303333333,0.414558651,Highway,Morning,Rain
3752,0,0,0.43,0,0,0.6,0.23625,0.260486711,Urban,Morning,Clear
3753,0,0,0.78,0,0.73,0.7,0.5425,0.598463016,Highway,Morning,Clear
3754,0,0,0,0,0,0,0.715416667,0.204237379,Highway,Evening,Clear
3755,0.93,0,0,0.66,0.74,0,0.795,0.735190522,Rural,Afternoon,Clear
3756,0,0,0,0,0,0,0.55375,0.117355107,Highway,Night,Clear
3757,0.77,0,0,0,0,0,0.27125,0.330931796,Rural,Morning,Rain
3758,0,0,0,0,0,0,0.8775,0.218059558,Highway,Night,Rain
3759,0.74,0.5,0.43,0,0,0,0.789166667,0.555982495,Urban,Afternoon,Clear
3760,0.77,0.91,0,0,0,0.41,0.058333333,0.317216352,Highway,Morning,Rain
3761,0.52,0,0,0,0,0,0.4325,0.282740954,Highway,Evening,Clear
3762,0.64,0,0,0,0,0.4,0.333333333,0.341551927,Highway,Evening,Clear
3763,0.42,0,0.9,0,0,0,0.62,0.521293628,Urban,Afternoon,Clear
3764,0.69,0,0.71,0,0,0.54,0.8825,0.709894332,Urban,Afternoon,Rain
3765,0,0,0,0,0,0,0.469583333,0.146066816,Highway,Morning,Clear
3766,0.73,0,0.72,0,0,0,0.697083333,0.635019746,Rural,Morning,Clear
3767,0,0,0,0,0,0.46,0.61625,0.232308678,Highway,Evening,Clear
3768,0.54,0,0,0,0,0,0.531666667,0.319991461,Highway,Evening,Fog
3769,0.98,0.41,0,0,0,0,0.224583333,0.383658875,Highway,Morning,Rain
3770,0.95,0,0,0,0,0.56,0.862083333,0.607482122,Urban,Afternoon,Clear
3771,0,0,0.74,0.55,0,0,0.95625,0.502561639,Highway,Night,Clear
3772,0.83,0,0,0,0,0,0.275833333,0.314974917,Rural,Afternoon,Clear
3773,0,0,0.5,0,0,0,0.41,0.219020173,Highway,Afternoon,Clear
3774,0,0.71,0,0,0,0,0.595,0.18507845,Highway,Morning,Rain
3775,0.72,0,0,0,0,0,0.522083333,0.392944818,Highway,Morning,Clear
3776,0.92,0,0,0.85,0,0,0.718333333,0.608602839,Highway,Evening,Rain
3777,0.48,0,0,0,0,0,0.853333333,0.382538158,Urban,Afternoon,Clear
3778,0,0,0,0,0.82,0,0.59,0.322766571,Urban,Evening,Rain
3779,0,0,0,0,0,0,0.442083333,0.100917921,Urban,Afternoon,Clear
3780,0.87,0,0,0.56,0,0.51,0.657916667,0.583680222,Highway,Afternoon,Clear
3781,0.47,0,0,0,0,0.42,0.7475,0.418507845,Highway,Evening,Fog
3782,0,0,0,0,0,0,0.17,0.034582133,Urban,Evening,Clear
3783,0.88,0,0,0,0.51,0,0.26125,0.424431636,Urban,Afternoon,Rain
3784,0.57,0,0.52,0,0,0,0.788333333,0.542640623,Urban,Evening,Clear
3785,0.93,0,0.59,0,0.55,0,0.627916667,0.7316149,Highway,Evening,Rain
3786,0,0.86,0,0,0,0,0.717083333,0.168160956,Highway,Night,Rain
3787,0.97,0,0,0,0,0,0.645416667,0.493062226,Urban,Evening,Rain
3788,0,0,0,0,0,0.95,0.5975,0.252641691,Urban,Night,Rain
3789,0.49,0.96,0,0,0,0,0.290416667,0.210641477,Urban,Afternoon,Clear
3790,0.68,0,0.76,0,0,0,0.632916667,0.609296617,Highway,Morning,Clear
3791,0,0.95,0.53,0,0,0,0.408333333,0.262781514,Rural,Morning,Clear
3792,0,0,0,0.93,0,0,0.631666667,0.27900523,Rural,Afternoon,Rain
3793,0,0,0.47,0.94,0,0,0.879583333,0.477799125,Highway,Afternoon,Clear
3794,0.99,0,0,0,0,0,0.867916667,0.550378909,Highway,Afternoon,Fog
3795,0.69,0,0.98,0,0,0,0.513333333,0.631657594,Rural,Morning,Clear
3796,0.92,0,0.41,0,0,0,0.415833333,0.492368449,Highway,Afternoon,Clear
3797,0.75,0,0.88,0,0,0,0.5675,0.605507525,Highway,Afternoon,Fog
3798,0,0,0,0.52,0,0,0.084583333,0.092912798,Urban,Morning,Rain
3799,0.63,0,0.87,0,0,0,0.495416667,0.5238019,Urban,Night,Rain
3800,0.57,0,0,0.77,0,0,0.748333333,0.477318817,Highway,Afternoon,Rain
3801,0,0,0,0,0.89,0,0.417083333,0.300725798,Urban,Morning,Clear
3802,0.52,0,0,0,0,0,0.494583333,0.283754936,Highway,Afternoon,Clear
3803,0,0,0,0,0,0.4,0.575416667,0.211922297,Highway,Evening,Clear
3804,0.86,0,0,0.45,0,0,0.256666667,0.412850891,Urban,Morning,Rain
3805,0,0,0,0,0,0,0.503333333,0.119970114,Rural,Afternoon,Rain
3806,0,0,0,0.63,0,0,0.627916667,0.257711602,Highway,Evening,Rain
3807,0.63,0,0,0,0,0.84,0.554166667,0.481694951,Highway,Morning,Rain
3808,0,0,0.58,0,0,0,0.832916667,0.371064148,Highway,Afternoon,Clear
3809,0.71,0,0,0,0,0,0.795833333,0.420002135,Highway,Night,Clear
3810,0.7,0,0.48,0,0.97,0,0.146666667,0.560785569,Urban,Evening,Rain
3811,0.75,0,0,0,0,0,0.795,0.450848543,Highway,Afternoon,Clear
3812,0.92,0,0.49,0.83,0,0,0.224583333,0.596274949,Urban,Morning,Clear
3813,0,0,0,0,0,0,0.565416667,0.120984096,Urban,Night,Clear
3814,0,0,0,0,0,0,0.9125,0.228946526,Highway,Night,Clear
3815,0,0,0,0,0,0,0.43125,0.07925072,Highway,Night,Rain
3816,0.99,0,0.82,0,0.48,0.49,0.870833333,0.916319778,Urban,Afternoon,Clear
3817,0,0,0.79,0,0,0,0.671666667,0.392998186,Urban,Evening,Clear
3818,0.64,0.89,0.87,0,0,0,0.384583333,0.492528552,Highway,Night,Clear
3819,0.9,0,0.96,0,0,0,0.30125,0.609510086,Highway,Evening,Rain
3820,0.86,0,0,0,0,0.95,0.69375,0.557957093,Highway,Night,Clear
3821,0.74,0,0,0,0,0,0.275,0.304194685,Urban,Evening,Rain
3822,0.97,0,0.82,0,0,0,0.5075,0.678514249,Highway,Morning,Fog
3823,0.52,0,0,0,0,0,0.765833333,0.368128936,Urban,Afternoon,Clear
3824,0.47,0,0.49,0,0.7,0.94,0.760833333,0.712669442,Highway,Night,Clear
3825,0.91,0,0,0,0,0.79,0.8425,0.599743836,Urban,Night,Clear
3826,0.66,0,0,0,0,0,0.390416667,0.277884513,Rural,Night,Rain
3827,0,0,0,0,0,0,0.046666667,0.014515957,Urban,Morning,Clear
3828,0.91,0,0.55,0,0,0.8,0.655,0.701889209,Urban,Afternoon,Fog
3829,0.94,0,0,0,0,0,0.487916667,0.434464724,Highway,Evening,Rain
3830,0,0,0,0,0.53,0,0.653333333,0.305048564,Highway,Morning,Fog
3831,0,0,0.91,0,0,0,0.603333333,0.365887501,Highway,Night,Rain
3832,0.44,0,0,0,0,0,0.582083333,0.285355961,Highway,Afternoon,Fog
3833,0,0,0,0,0,0,0.6075,0.170669228,Highway,Evening,Clear
3834,0.93,0,0,0,0,0,0.727083333,0.505656954,Urban,Evening,Rain
3835,0,0,0,0,0,0,0.9,0.243355748,Rural,Afternoon,Clear
3836,0,0,0,0,0,0,0.854166667,0.21080158,Rural,Night,Fog
3837,0.67,0,0.53,0,0,0,0.246666667,0.390436546,Highway,Afternoon,Fog
3838,0.71,0,0,0,0,0,0.439166667,0.327356175,Urban,Afternoon,Clear
3839,0,0,0.44,0,0,0,0.468333333,0.221795282,Urban,Afternoon,Clear
3840,0.78,0,0,0,0,0,0.557916667,0.40500587,Urban,Evening,Fog
3841,0.96,0,0.82,0.8,0,0,0.587083333,0.784235244,Highway,Evening,Clear
3842,0,0,0.64,0,0,0.4,0.8125,0.431316042,Highway,Afternoon,Clear
3843,0.41,0,0,0,0,0,0.879583333,0.368289038,Urban,Afternoon,Rain
3844,0.69,0,0,0,0,0.99,0.361666667,0.460241221,Highway,Morning,Clear
3845,0,0,0.95,0,0,0,0.172083333,0.296883339,Rural,Morning,Rain
3846,0,0,0,0,0,0.93,0.797916667,0.330718326,Highway,Afternoon,Clear
3847,0.81,0.93,0,0.77,0,0,0.177916667,0.413331199,Highway,Morning,Fog
3848,0.83,0,0,0,0,0.94,0.47125,0.496157541,Rural,Afternoon,Fog
3849,0,0,0.79,0,0,0,0.545,0.317002882,Highway,Night,Clear
3850,0.82,0,0,0,0,0,0.426666667,0.376987939,Highway,Evening,Clear
3851,0.48,0,0,0,0,0,0.765833333,0.355320739,Urban,Afternoon,Rain
3852,0.58,0,0.45,0,0,0,0.477916667,0.394759313,Urban,Night,Clear
3853,0,0,0,0,0,0,0.801666667,0.194471128,Highway,Night,Rain
3854,0.62,0,0,0.57,0,0.8,0.464583333,0.50021347,Urban,Evening,Clear
3855,0.88,0,0,0,0,0,0.754166667,0.479773722,Urban,Afternoon,Rain
3856,0,0,0,0,0,0.61,0.5625,0.198206852,Highway,Night,Clear
3857,0.57,0,0,0,0,0,0.6675,0.335254563,Highway,Night,Clear
3858,0,0,0.97,0,0.44,0,0.33625,0.419308357,Highway,Evening,Clear
3859,0.53,0,0,0,0,0,0.342916667,0.239780126,Urban,Afternoon,Rain
3860,0,0,0,0,0,0.94,0.649166667,0.285729534,Rural,Afternoon,Clear
3861,0.97,0,0.56,0,0,0,0.31375,0.515049632,Highway,Afternoon,Clear
3862,0.41,0,0.6,0,0,0,0.774583333,0.489326502,Urban,Afternoon,Clear
3863,1,0,0,0.63,0,0.57,0.695833333,0.653751734,Highway,Afternoon,Fog
3864,0,0.52,0.64,0.46,0.6,0,0.54125,0.469900736,Urban,Afternoon,Clear
3865,0,0,0.43,0,0,0,0.445833333,0.193937453,Rural,Night,Fog
3866,0.81,0,0,0,0,0,0.754166667,0.457359377,Highway,Afternoon,Clear
3867,0,0,0,0,0,0,0.545416667,0.169655246,Rural,Morning,Clear
3868,0,0,0,0,0.49,0,0.583333333,0.275589711,Urban,Morning,Rain
3869,0,0,0,0,0,0.74,0.66,0.281780339,Highway,Evening,Clear
3870,0.9,0,0.7,0,0,0,0.06125,0.486551393,Urban,Morning,Rain
3871,0,0,0,0.83,0,0,0.325416667,0.170936066,Urban,Afternoon,Clear
3872,0.58,0,0,0,0,0.46,0.142916667,0.289091685,Highway,Morning,Clear
3873,0.41,0,0,0,0,0,0.160416667,0.181182624,Rural,Morning,Fog
3874,0.84,0,0,0,0,0,0.434166667,0.34913011,Urban,Night,Rain
3875,0.9,0,0.47,0.7,0,0,0.52375,0.624559718,Highway,Afternoon,Rain
3876,0.84,0,0.64,0.83,0,0,0.93,0.773615114,Highway,Night,Clear
3877,0.49,0,0.61,0.55,0,0,0.666666667,0.554381471,Highway,Afternoon,Clear
3878,0.85,0,0,0,0,0.95,0.39625,0.462215818,Highway,Night,Clear
3879,0.86,0,0,0,0,0,0.688333333,0.489486605,Highway,Morning,Clear
3880,0.8,0,0.86,0.59,0,0.48,0.316666667,0.675418935,Rural,Afternoon,Clear
3881,0,0,0,0,0,0.53,0.7775,0.273134806,Highway,Afternoon,Rain
3882,0.86,0,0,0.6,0.83,0,0.552083333,0.665119009,Urban,Evening,Rain
3883,0.91,0,0,0,0.72,0,0.704583333,0.612285196,Urban,Afternoon,Clear
3884,0,0,0,0,0,0,0.627916667,0.177019959,Highway,Evening,Clear
3885,0.77,0,0,0,0.49,0,0.309166667,0.436866261,Urban,Morning,Rain
3886,0,0,0,0,0,0,0.431666667,0.134272601,Urban,Morning,Clear
3887,0.45,0,0,0,0,0.73,0.6325,0.379442843,Urban,Night,Clear
3888,0,0,0.88,0,0,0,0.333333333,0.310812253,Urban,Evening,Clear
3889,0,0,0,0,0.41,0.86,0.539166667,0.30173978,Urban,Night,Clear
3890,0.69,0,0.49,0,0,0,0.442916667,0.429341445,Highway,Night,Clear
3891,0,0,0,0,0,0,0.486666667,0.096488419,Highway,Night,Clear
3892,0,0,0.62,0,0,0.77,0.632916667,0.45431743,Rural,Morning,Rain
3893,0.45,0,0.62,0,0,0,0.526666667,0.430141958,Rural,Afternoon,Clear
3894,0,0,0.49,0,0,0,0.404166667,0.214644039,Highway,Afternoon,Rain
3895,0,0,0.88,0.42,0,0,0.900833333,0.504536237,Highway,Night,Clear
3896,0.64,0,0,0,0,0.54,0.635833333,0.471875334,Urban,Morning,Rain
3897,0,0,0.82,0,0,0.4,0.665833333,0.450101398,Highway,Evening,Rain
3898,0,0,0,0,0,0,0.046666667,0.014515957,Urban,Morning,Clear
3899,0,0,0,0,0,0,0.34125,0.106147935,Urban,Morning,Clear
3900,0.64,0,0.51,0.6,0,0,0.520833333,0.537837549,Highway,Afternoon,Clear
3901,0,0,0,0,0,0.85,0.614166667,0.263315188,Urban,Afternoon,Fog
3902,0.44,0,0.62,0,0,0,0.638333333,0.443377095,Highway,Night,Rain
3903,0.61,0,0.46,0,0,0,0.364166667,0.371544455,Highway,Night,Clear
3904,0.47,0,0,0,0,0.99,0.500416667,0.396360337,Highway,Afternoon,Clear
3905,0.88,0,0,0,0.88,0,0.472083333,0.542800726,Highway,Night,Rain
3906,0.97,0.57,0.78,0,0.51,0,0.39375,0.730867755,Highway,Morning,Rain
3907,0.44,0,0.47,0,0,0,0.414166667,0.390116341,Highway,Morning,Clear
3908,0.97,0,0,0,0,0,0.710416667,0.494983456,Highway,Afternoon,Clear
3909,0,0,0.99,0,0,0,0.232083333,0.28919842,Rural,Afternoon,Clear
3910,0,0,0,0,0,0.89,0.340833333,0.165119009,Highway,Night,Rain
3911,0,0,0,0,0,0,0.256666667,0.079837763,Urban,Morning,Rain
3912,0.71,0,0.87,0,0.76,0,0.600416667,0.728092646,Highway,Night,Rain
3913,0.58,0,0.63,0,0,0,0.625833333,0.505176646,Highway,Afternoon,Clear
3914,0,0,0,0,0,0,0.827916667,0.202636354,Highway,Night,Clear
3915,0.45,0,0,0,0,0,0.694166667,0.360017078,Highway,Morning,Clear
3916,0.7,0,0,0,0,0,0.79,0.414985591,Highway,Night,Clear
3917,0.88,0,0,0.88,0,0,0.652916667,0.542693991,Urban,Night,Clear
3918,0.82,0,0,0,0,0,0.245833333,0.320738606,Highway,Evening,Clear
3919,0.43,0,0.75,0,0,0.68,0.647083333,0.563293841,Rural,Night,Fog
3920,0,0,0.95,0,0,0,0.460416667,0.331678941,Rural,Night,Clear
3921,0.44,0,0,0,0,0,0.959166667,0.384352652,Urban,Night,Clear
3922,0.64,0,0.73,0,0,0,0.47625,0.521773935,Rural,Evening,Clear
3923,0,0,0,0,0,0.94,0.953333333,0.362045042,Urban,Night,Clear
3924,0.58,0,0,0.94,0,0,0.505416667,0.445031487,Urban,Evening,Rain
3925,0,0,0,0,0,0,0.263333333,0.063614046,Highway,Evening,Clear
3926,0,0,0.5,0,0,0,0.6375,0.289785463,Rural,Afternoon,Clear
3927,0.54,0,0.63,0,0,0,0.78125,0.522414345,Highway,Night,Clear
3928,0.57,0,0,0.71,0,0.65,0.247916667,0.433824314,Urban,Morning,Clear
3929,0.88,0,0,0,0,0,0.14375,0.308197246,Highway,Evening,Clear
3930,0,0,0,0,0,0.71,0.643333333,0.254456185,Rural,Afternoon,Clear
3931,0.96,0,0.91,0,0,0.69,0.417916667,0.740580638,Rural,Evening,Clear
3932,0,0,0.79,0,0,0,0.597916667,0.388355214,Highway,Morning,Rain
3933,0,0.57,0,0,0,0,0.456666667,0.105454157,Highway,Afternoon,Rain
3934,0.64,0,0.79,0,0,0.67,0.219583333,0.543120931,Highway,Evening,Clear
3935,0.94,0,0,0,0.6,0.87,0.614166667,0.682143238,Rural,Afternoon,Clear
3936,0.59,0,0,0,0,0,0.400416667,0.295175579,Highway,Evening,Clear
3937,0.69,0,0,0,0,0,0.135,0.244636567,Highway,Evening,Clear
3938,0,0.63,0,0,0,0,0.285833333,0.088910236,Highway,Morning,Clear
3939,0.54,0,0,0.67,0,0,0.595833333,0.425765823,Highway,Evening,Clear
3940,0.78,0,0,0,0,0,0.640416667,0.412370584,Highway,Afternoon,Clear
3941,0.99,0,0,0,0,0.72,0.59375,0.557316683,Highway,Afternoon,Fog
3942,0,0,0,0,0,0.59,0.704583333,0.258138542,Urban,Afternoon,Rain
3943,0.76,0,0.92,0,0,0,0.76,0.678834454,Highway,Afternoon,Rain
3944,0.61,0,0.94,0,0,0,0.655,0.60326609,Highway,Afternoon,Clear
3945,0.79,0,0.95,0,0,0.55,0.624166667,0.760913651,Highway,Morning,Rain
3946,0,0.64,0.46,0,0,0,0.345,0.206852386,Highway,Evening,Rain
3947,0.47,0,0,0,0,0,0.718333333,0.355640944,Rural,Evening,Clear
3948,0.93,0,0.73,0,0,0.42,0.5775,0.718219661,Urban,Morning,Clear
3949,0,0,0.84,0,0,0,0.280833333,0.284235244,Highway,Evening,Clear
3950,0.7,0,0,0,0,0.75,0.530833333,0.485323941,Highway,Morning,Clear
3951,0.67,0,0,0.42,0,0,0.374166667,0.366421176,Highway,Evening,Clear
3952,0.75,0,0.85,0,0,0,0.509166667,0.57967766,Urban,Afternoon,Clear
3953,0,0,0,0,0.75,0,0.272916667,0.192389796,Highway,Afternoon,Clear
3954,0.77,0,0,0,0,0.54,0.601666667,0.484576796,Urban,Evening,Clear
3955,0,0,0.76,0,0.59,0,0.66375,0.47790586,Highway,Afternoon,Fog
3956,0.44,0,0.5,0,0,0.49,0.7075,0.515209734,Highway,Afternoon,Clear
3957,0.81,0,0,0,0,0.79,0.879583333,0.597555769,Urban,Afternoon,Clear
3958,0.55,0,0,0,0.45,0,0.41375,0.33637528,Highway,Night,Rain
3959,0.83,0,0,0,0,0.81,0.6025,0.520333013,Urban,Afternoon,Clear
3960,0,0,0,0,0,0,0.706666667,0.201515637,Highway,Evening,Clear
3961,0.89,0,0,0.93,0.53,0.85,0.285833333,0.703703704,Rural,Morning,Clear
3962,0.88,0,0,0,0,0,0.620833333,0.420002135,Highway,Night,Clear
3963,0,0,0,0,0,0,0.766666667,0.183584161,Urban,Night,Fog
3964,0.73,0,0,0,0,0,0.256666667,0.313587363,Highway,Morning,Rain
3965,0.71,0,0.88,0.41,0,0,0.68125,0.680595581,Highway,Afternoon,Rain
3966,0.49,0,0,0,0,0,0.215833333,0.224036717,Urban,Morning,Clear
3967,0.87,0,0.83,0,0,0,0.491666667,0.607535489,Urban,Afternoon,Rain
3968,0,0,0,0,0,0,0.854166667,0.21080158,Highway,Night,Clear
3969,0,0,0,0,0,0.7,0.697916667,0.288451275,Highway,Evening,Rain
3970,0.56,0.73,0,0,0,0,0.347083333,0.287277191,Urban,Morning,Rain
3971,0.7,0,0.45,0,0,0,0.731666667,0.51211442,Highway,Night,Rain
3972,0.57,0,0.68,0,0,0.94,0.555,0.631444124,Rural,Evening,Clear
3973,0,0,0,0,0,0,0.119583333,0.03719714,Highway,Morning,Clear
3974,0.48,0,0.5,0,0,0.96,0.468333333,0.51382218,Highway,Afternoon,Clear
3975,0.78,0,0.6,0,0.51,0,0.221666667,0.570391717,Highway,Morning,Fog
3976,0.43,0.5,0.41,0,0,0.88,0.6675,0.508165226,Urban,Night,Clear
3977,0,0,0,0,0,0,0.447916667,0.102732415,Highway,Afternoon,Rain
3978,0.85,0,0,0,0,0,0.267083333,0.318657274,Rural,Afternoon,Rain
3979,0.59,0,0.64,0,0,0.78,0.83375,0.657220621,Rural,Night,Rain
3980,0,0,0,0,0,0,0.17875,0.037303874,Urban,Evening,Clear
3981,0.4,0.81,0,0.97,0,0.58,0.317916667,0.425498986,Highway,Morning,Clear
3982,0.71,0,0,0.69,0,0,0.373333333,0.431849717,Highway,Morning,Rain
3983,0,0,0,0,0,0.99,0.589166667,0.310065108,Highway,Morning,Clear
3984,0.43,0,0.73,0.61,0,0,0.759166667,0.620663892,Rural,Evening,Rain
3985,0.57,0,0,0,0,0,0.700833333,0.382217953,Highway,Evening,Fog
3986,0.82,0,0,0,0,0,0.328333333,0.328103319,Highway,Afternoon,Clear
3987,0.44,0.5,0,0,0,0,0.797916667,0.352492262,Highway,Afternoon,Clear
3988,0.9,0.59,0,0,0,0,0.405416667,0.414291813,Rural,Morning,Rain
3989,0.4,0,0.77,0,0,0.56,0.119583333,0.434251254,Urban,Morning,Clear
3990,0,0,0,0,0,0,0.444166667,0.119863379,Highway,Evening,Rain
3991,0.55,0,0,0,0,0,0.679166667,0.332479454,Highway,Night,Rain
3992,0,0,0,0,0,0,0.515,0.123599103,Urban,Afternoon,Rain
3993,0.84,0,0,0,0,0.52,0.347916667,0.425498986,Urban,Evening,Clear
3994,0.59,0,0.8,0,0.66,0,0.477083333,0.632458107,Highway,Afternoon,Rain
3995,0,0,0,0.95,0.79,0,0.56875,0.450368236,Urban,Morning,Clear
3996,0.46,0,0,0,0,0,0.099166667,0.178140677,Urban,Morning,Rain
3997,0.62,0,0,0.41,0,0.67,0.51875,0.443323727,Highway,Night,Rain
3998,0,0,0,0,0,0.43,0.37,0.115273775,Rural,Night,Clear
3999,0.56,0,0,0,0.56,0,0.970833333,0.53399509,Urban,Night,Clear
4000,0.91,0,0,0,0.41,0,0.552916667,0.505550219,Rural,Afternoon,Rain
4001,0.59,0,0.9,0,0,0,0.639583333,0.600117408,Rural,Evening,Clear
4002,0.87,0,0.53,0,0,0.99,0.785416667,0.767157648,Urban,Evening,Fog
4003,0.94,0,0.47,0,0,0.75,0.592916667,0.683584161,Highway,Evening,Rain
4004,0.66,0,0,0,0,0.73,0.542083333,0.418561213,Rural,Night,Clear
4005,0.95,0,0,0,0,0,0.647083333,0.450581706,Urban,Night,Rain
4006,0.63,0,0,0,0,0.79,0.352916667,0.412690789,Urban,Morning,Clear
4007,0.98,0,0,0,0,0.7,0.277916667,0.471608496,Urban,Evening,Fog
4008,0.45,0,0.91,0,0,0,0.774583333,0.581545522,Highway,Afternoon,Rain
4009,0,0,0,0,0,0,0.399166667,0.069271,Urban,Night,Clear
4010,0.81,0,0.49,0,0,0,0.787083333,0.574821219,Highway,Night,Clear
4011,0,0,0.98,0,0.71,0,0.740416667,0.562866901,Rural,Night,Clear
4012,0.7,0,0.91,0.75,0,0,0.496666667,0.689507952,Highway,Evening,Clear
4013,0.63,0,0,0,0,0.42,0.64125,0.400096061,Highway,Night,Rain
4014,0,0,0,0,0,0,0.119583333,0.03719714,Highway,Morning,Rain
4015,0.78,0,0,0,0,0,0.379166667,0.367701996,Highway,Morning,Rain
4016,0,0,0.7,0,0,0,0.748333333,0.375493649,Highway,Afternoon,Clear
4017,0.82,0,0.99,0,0,0.77,0.61625,0.788184438,Highway,Evening,Clear
4018,0,0,0.46,0,0,0,0.79875,0.311399296,Highway,Night,Clear
4019,0,0,0.58,0,0,0,0.416666667,0.223289572,Urban,Night,Clear
4020,0.4,0,0,0,0,0,0.175,0.182516811,Highway,Morning,Clear
4021,0.5,0,0.78,0,0,0.83,0.744583333,0.679528231,Urban,Evening,Clear
4022,0,0,0,0,0,0,0.592916667,0.166132992,Highway,Evening,Rain
4023,0.83,0,0,0,0,0,0.4375,0.401857189,Rural,Morning,Clear
4024,0,0,0,0,0.76,0,0.27875,0.19612552,Highway,Afternoon,Rain
4025,0.8,0,0,0.73,0,0.65,0.56375,0.589977586,Highway,Evening,Clear
4026,0,0,0,0,0.98,0,0.335416667,0.29261394,Urban,Morning,Rain
4027,0.98,0,0,0,0,0,0.53625,0.425712456,Rural,Night,Rain
4028,0,0,0,0,0,0,0.650416667,0.202316149,Highway,Morning,Rain
4029,0.86,0,0,0,0,0.85,0.34125,0.490393852,Highway,Morning,Rain
4030,0,0.7,0.61,0,0,0,0.307916667,0.215444551,Highway,Afternoon,Clear
4031,0,0,0,0,0,0,0.33625,0.086295229,Urban,Evening,Rain
4032,0.97,0,0,0,0,0,0.517083333,0.453143345,Urban,Evening,Rain
4033,0.82,0,0,0,0,0,0.539166667,0.375386914,Rural,Night,Clear
4034,0,0,0,0,0,0,0.14,0.043547871,Urban,Morning,Clear
4035,0.58,0,0,0.53,0,0,0.408333333,0.380616928,Highway,Morning,Clear
4036,0.46,0,0,0,0,0.54,0.046666667,0.23097449,Urban,Morning,Clear
4037,0.87,0,0.96,0.66,0,0,0.28875,0.698847262,Rural,Morning,Rain
4038,0,0.88,0,0,0.75,0.53,0.529583333,0.340111004,Highway,Afternoon,Clear
4039,0.79,0,0,0,0,0.5,0.679166667,0.473369623,Urban,Night,Fog
4040,0.43,0,0,0,0,0,0.549166667,0.290212403,Urban,Evening,Clear
4041,0.62,0,0.44,0,0,0,0.570416667,0.452075995,Highway,Afternoon,Clear
4042,0.97,0,0.73,0,0.68,0,0.364166667,0.686626107,Highway,Night,Clear
4043,0.7,0,0.75,0,0,0.62,0.765,0.715337816,Rural,Evening,Rain
4044,0,0,0,0,0,0,0.63875,0.19868716,Urban,Morning,Clear
4045,0.66,0,0.79,0,0,0,0.431666667,0.547977372,Urban,Morning,Clear
4046,0.67,0,0,0,0,0,0.429583333,0.329864447,Urban,Evening,Clear
4047,0.53,0,0,0.79,0,0,0.35875,0.38248479,Highway,Morning,Fog
4048,0,0,0,0,0.74,0,0.76875,0.344700608,Highway,Afternoon,Clear
4049,0,0,0,0,0,0,0.249583333,0.041039599,Highway,Afternoon,Clear
4050,0.62,0,0.55,0,0,0,0.382916667,0.440228413,Urban,Evening,Clear
4051,0.62,0,0,0,0,0.91,0.792916667,0.506831039,Urban,Night,Fog
4052,0,0,0.62,0.84,0,0,0.387916667,0.387074394,Highway,Morning,Rain
4053,0.43,0.84,0.91,0,0,0,0.477916667,0.464563988,Highway,Night,Rain
4054,0.86,0,0,0,0,0.9,0.587916667,0.536930302,Urban,Afternoon,Clear
4055,0.65,0,0,0,0.96,0,0.774583333,0.596915359,Highway,Afternoon,Clear
4056,0,0,0.52,0,0,0.63,0.33125,0.280339417,Highway,Afternoon,Fog
4057,0,0,0,0,0,0,0.2875,0.052833814,Highway,Afternoon,Fog
4058,0.89,0,0,0,0,0,0.447916667,0.387714804,Urban,Afternoon,Clear
4059,0.91,0,0,0,0,0,0.809583333,0.506617569,Urban,Afternoon,Clear
4060,0,0,0.9,0,0,0,0.55375,0.347902658,Urban,Night,Clear
4061,0.53,0,0,0,0,0,0.5325,0.298751201,Urban,Afternoon,Clear
4062,0,0,0.74,0,0,0,0.617083333,0.344914078,Rural,Afternoon,Clear
4063,0,0,0.86,0,0,0.75,0.900833333,0.541680009,Urban,Night,Clear
4064,0.79,0,0,0,0,0,0.753333333,0.468993489,Urban,Evening,Clear
4065,0.68,0,0,0,0,0,0.102083333,0.249493009,Highway,Morning,Clear
4066,0.93,0,0,0.4,0,0,0.759166667,0.566869463,Highway,Evening,Clear
4067,0.53,0,0,0,0,0,0.444166667,0.289571993,Highway,Evening,Clear
4068,0.81,0,0,0,0,0,0.23625,0.332853026,Highway,Morning,Fog
4069,0,0,0.83,0,0,0,0.398333333,0.299925286,Highway,Afternoon,Clear
4070,0.76,0,0,0,0,0,0.186666667,0.301419575,Rural,Morning,Clear
4071,0.58,0,0,0,0,0,0.390833333,0.307289999,Urban,Morning,Clear
4072,0,0,0,0,0,0,0.625833333,0.158074501,Highway,Afternoon,Rain
4073,0,0,0,0,0,0,0.029166667,0.009072473,Rural,Morning,Clear
4074,0,0.79,0,0.96,0,0,0.421666667,0.217525883,Highway,Afternoon,Rain
4075,0.48,0,0.52,0,0.9,0.83,0.617083333,0.721475077,Rural,Afternoon,Clear
4076,0.79,0,0.74,0,0,0,0.435416667,0.559664852,Highway,Evening,Clear
4077,0.84,0,0,0,0,0.54,0.752083333,0.517184331,Highway,Night,Clear
4078,0.59,0,0.92,0,0,0,0.049583333,0.440014943,Urban,Morning,Clear
4079,0.79,0,0,0,0,0,0.355833333,0.363646067,Urban,Morning,Rain
4080,0.64,0,0,0,0,0.5,0.24875,0.328049952,Highway,Evening,Clear
4081,0.83,0,0,0,0,0.98,0.792083333,0.601078023,Urban,Afternoon,Rain
4082,0.52,0,0,0,0,0,0.6475,0.367915466,Highway,Morning,Clear
4083,0,0,0.66,0.5,0.59,0,0.425833333,0.478919842,Highway,Morning,Clear
4084,0,0,0.98,0,0,0,0.110833333,0.285516064,Rural,Morning,Clear
4085,0.93,0,0.67,0,0.54,0,0.766666667,0.756750987,Urban,Night,Clear
4086,0,0,0.49,0,0,0,0.3925,0.21101505,Highway,Afternoon,Clear
4087,0.57,0,0,0,0,0,0.59875,0.350464297,Rural,Evening,Clear
4088,0,0,0.63,0.54,0,0,0.426666667,0.344967446,Highway,Evening,Clear
4089,0,0,0,0.56,0,0,0.382916667,0.17253709,Urban,Evening,Clear
4090,0.62,0,0.97,0,0,0,0.494583333,0.564254456,Highway,Afternoon,Rain
4091,0.43,0,0,0,0,0.77,0.862083333,0.467872772,Rural,Afternoon,Clear
4092,0.47,0,0,0.42,0.56,0,0.58125,0.474383606,Urban,Evening,Clear
4093,0,0,0,0,0,0,0.62,0.156260006,Highway,Afternoon,Clear
4094,0.71,0,0.59,0,0.7,0,0.215833333,0.5801046,Rural,Morning,Rain
4095,0.56,0,0.92,0,0,0,0.349583333,0.468833387,Urban,Night,Rain
4096,0,0,0,0,0,0,0.6325,0.141850785,Highway,Night,Clear
4097,0.9,0,0.93,0,0,0,0.535416667,0.656366741,Highway,Afternoon,Clear
4098,0.41,0,0,0,0,0,0.4675,0.258405379,Highway,Evening,Rain
4099,0.63,0.49,0.61,0,0,0,0.5625,0.478065962,Urban,Night,Clear
4100,0.6,0,0,0,0,0,0.9,0.435478706,Urban,Afternoon,Rain
4101,0.41,0,0,0,0,0,0.300416667,0.224730494,Rural,Morning,Clear
4102,0.47,0,0,0,0,0,0.274166667,0.235777564,Urban,Morning,Clear
4103,0.65,0,0.45,0,0,0,0.55375,0.440762088,Urban,Night,Rain
4104,0.7,0,0,0,0,0,0.874583333,0.441295763,Rural,Night,Rain
4105,0,0,0,0,0,0,0.7075,0.183477426,Rural,Afternoon,Rain
4106,0,0,0,0,0,0,0.335,0.049311559,Highway,Night,Fog
4107,0.64,0,0,0,0,0,0.47125,0.31492155,Rural,Afternoon,Rain
4108,0.72,0,0.83,0,0,0,0.267083333,0.489646707,Urban,Afternoon,Clear
4109,0,0,0.59,0,0,0.99,0.83,0.499519693,Urban,Afternoon,Clear
4110,0.76,0,0.87,0,0,0,0.610416667,0.637794855,Urban,Evening,Rain
4111,0.41,0,0,0,0.85,0,0.4975,0.412744156,Urban,Afternoon,Rain
4112,0,0,0,0,0,0,0.50125,0.101024656,Highway,Night,Clear
4113,0,0,0,0,0,0.6,0.65,0.224143452,Urban,Night,Clear
4114,0.68,0.73,0,0,0,0,0.715416667,0.421976732,Highway,Evening,Clear
4115,0.98,0,0,0,0,0.82,0.232083333,0.454424165,Urban,Afternoon,Fog
4116,0.71,0,0,0,0,0,0.783333333,0.434411357,Highway,Afternoon,Clear
4117,0.81,0,0,0,0,0,0.865833333,0.473796563,Urban,Night,Clear
4118,0.59,0,0.67,0,0.7,0.53,0.38875,0.665545949,Highway,Evening,Fog
4119,0,0,0,0,0,0,0.6075,0.170669228,Urban,Evening,Clear
4120,0,0.45,0,0,0,0.56,0.163333333,0.122531754,Urban,Morning,Clear
4121,0,0,0.69,0,0,0,0.830833333,0.380296723,Urban,Night,Clear
4122,0.86,0,0,0,0,0,0.587916667,0.421656527,Urban,Afternoon,Clear
4123,0.86,0,0,0,0,0.71,0.660833333,0.53527591,Urban,Afternoon,Clear
4124,0.71,0.63,0.87,0,0.44,0,0.475416667,0.682623546,Urban,Morning,Clear
4125,0.99,0,0,0,0,0,0.880416667,0.535969687,Highway,Night,Clear
4126,0.48,0,0.63,0.47,0,0,0.883333333,0.595154232,Highway,Night,Clear
4127,0.41,0,0,0,0,0,0.6375,0.292987512,Rural,Afternoon,Clear
4128,0.86,0,0,0,0,0,0.9825,0.526096702,Highway,Night,Rain
4129,0,0,0,0.99,0,0,0.85125,0.336695485,Urban,Night,Clear
4130,0.88,0,0,0,0,0,0.76375,0.464457253,Highway,Night,Clear
4131,0,0,0,0,0,0.59,0.037916667,0.087362579,Urban,Morning,Rain
4132,0,0,0.67,0,0,0.5,0.6825,0.447966699,Highway,Morning,Clear
4133,0.47,0,0,0,0,0,0.421666667,0.245063507,Urban,Afternoon,Rain
4134,0,0,0.63,0.59,0.83,0,0.590833333,0.543601238,Urban,Afternoon,Clear
4135,0,0,0.62,0,0,0,0.485833333,0.273348276,Urban,Afternoon,Clear
4136,0.56,0,0,0,0,0,0.35,0.288184438,Urban,Morning,Clear
4137,0.41,0,0.72,0,0,0,0.704583333,0.49829224,Rural,Afternoon,Clear
4138,0,0,0,0.47,0,0,0.9825,0.310918988,Urban,Night,Clear
4139,0,0,0,0,0,0,0.81625,0.199007365,Highway,Night,Clear
4140,0,0,0.89,0.46,0,0,0.0525,0.30323407,Highway,Morning,Clear
4141,0,0,0.62,0.83,0,0,0.48875,0.380563561,Urban,Afternoon,Clear
4142,0.58,0,0,0,0,0,0.62375,0.324847903,Urban,Night,Clear
4143,0.86,0,0,0,0,0,0.570416667,0.416213043,Highway,Afternoon,Rain
4144,0.71,0,0,0,0,0,0.1525,0.25648415,Rural,Evening,Clear
4145,0,0,0.71,0,0,0.56,0.8475,0.480627602,Urban,Afternoon,Rain
4146,0,0,0.8,0,0,0,0.612083333,0.340431209,Rural,Night,Clear
4147,0.61,0,0.56,0,0,0,0.299166667,0.39523962,Urban,Afternoon,Clear
4148,0.62,0,0.57,0,0,0.42,0.783333333,0.60540079,Urban,Afternoon,Clear
4149,0.4,0,0.96,0,0,0,0.788333333,0.600917921,Urban,Evening,Rain
4150,0,0,0.83,0,0,0,0.29625,0.26817163,Rural,Afternoon,Clear
4151,0.58,0,0.75,0,0,0.82,0.34,0.552033301,Highway,Afternoon,Fog
4152,0.79,0,0,0,0.88,0,0.86,0.634646174,Highway,Night,Clear
4153,0,0,0,0,0,0.7,0.871666667,0.305902444,Urban,Night,Rain
4154,0.98,0,0,0,0,0.46,0.320833333,0.472515743,Urban,Morning,Clear
4155,0,0,0,0,0,0,0.592083333,0.184171203,Rural,Morning,Clear
4156,0.91,0,0,0,0,0.5,0.55375,0.472782581,Highway,Night,Clear
4157,0.41,0,0,0,0,0,0.867916667,0.364660049,Highway,Afternoon,Clear
4158,0,0,0,0,0,0,0.7125,0.203330131,Highway,Evening,Fog
4159,0,0,0,0,0,0,0.386666667,0.083680222,Highway,Afternoon,Clear
4160,0.94,0,0.79,0,0,0.46,0.285833333,0.651190095,Highway,Morning,Clear
4161,0.87,0,0,0,0,0,0.487083333,0.43008859,Highway,Morning,Clear
4162,0.87,0,0,0,0,0.77,0.48875,0.492635287,Rural,Afternoon,Clear
4163,0,0,0.42,0,0,0,0.193333333,0.149428968,Urban,Evening,Clear
4164,0.67,0,0.77,0,0,0,0.994166667,0.666132992,Urban,Night,Rain
4165,0.64,0,0,0,0,0,0.430416667,0.302220088,Highway,Afternoon,Rain
4166,0.58,0,0,0,0,0.46,0.293333333,0.299284876,Highway,Afternoon,Rain
4167,0.44,0,0.71,0,0,0.85,0.595833333,0.598676486,Urban,Evening,Fog
4168,0.54,0,0,0,0.57,0,0.225416667,0.334240581,Highway,Evening,Rain
4169,0.55,0,0,0,0,0.41,0.86,0.441242395,Rural,Night,Clear
4170,0,0,0,0.91,0.8,0,0.625,0.446365674,Urban,Evening,Clear
4171,0,0,0,0.55,0,0.55,0.312916667,0.21992742,Urban,Evening,Rain
4172,0.69,0,0,0.41,0,0,0.461666667,0.398761874,Urban,Evening,Rain
4173,0.85,0,0,0,0.66,0.93,0.36625,0.595421069,Highway,Afternoon,Clear
4174,0,0,0,0,0,0,0.469166667,0.091044935,Urban,Night,Clear
4175,0.68,0,0.73,0,0.93,0,0.824166667,0.803180702,Urban,Afternoon,Rain
4176,0,0,0,0,0,0.83,0.230416667,0.177980574,Urban,Morning,Rain
4177,0.43,0,0,0.53,0,0.44,0.574166667,0.385633472,Urban,Night,Clear
4178,0.97,0,0,0,0.91,0,0.618333333,0.677767104,Highway,Morning,Rain
4179,0,0,0,0,0,0,0.21375,0.048190842,Highway,Evening,Clear
4180,0,0,0,0,0,0.89,0.225416667,0.165812787,Rural,Evening,Clear
4181,0.97,0.65,0,0,0,0.7,0.28375,0.470220941,Rural,Evening,Clear
4182,0.87,0,0,0,0,0.91,0.505416667,0.534048458,Highway,Evening,Clear
4183,0,0,0,0,0,0.76,0.959166667,0.340804782,Rural,Night,Rain
4184,0,0,0,0.43,0,0,0.73375,0.246717899,Urban,Afternoon,Clear
4185,0.99,0,0,0,0,0,0.482916667,0.430622265,Highway,Afternoon,Clear
4186,0.73,0,0,0.46,0,0.81,0.17875,0.433717579,Rural,Evening,Fog
4187,0,0,0.62,0,0,1,0.402083333,0.357081866,Urban,Night,Rain
4188,0,0.42,0,0,0,0,0.76875,0.202529619,Urban,Afternoon,Rain
4189,0,0,0.45,0,0.72,0,0.285833333,0.342512541,Highway,Morning,Rain
4190,0.98,0,0,0,0,0,0.822083333,0.514622692,Rural,Night,Rain
4191,0.45,0,0,0.66,0.81,0,0.28375,0.454210695,Urban,Evening,Clear
4192,0.62,0,0,0.54,0,0.54,0.515,0.460454691,Highway,Afternoon,Clear
4193,0,0,0,0,0,0,0.778333333,0.18721315,Urban,Night,Rain
4194,0.54,0,0,0,0,0,0.801666667,0.367381791,Rural,Night,Clear
4195,0.52,0,0,0,0,0,0.8475,0.39353186,Highway,Afternoon,Fog
4196,0.48,0,0,0,0,0.77,0.47125,0.36231188,Highway,Afternoon,Rain
4197,0,0,0,0,0,0,0.496666667,0.136193831,Urban,Evening,Clear
4198,0.77,0,0.52,0,0,0,0.310833333,0.43985484,Rural,Afternoon,Rain
4199,0.87,0.56,0,0.71,0.93,0.68,0.482916667,0.748905966,Rural,Afternoon,Clear
4200,0.75,0,0,0.55,0,0,0.625833333,0.468673284,Highway,Afternoon,Clear
4201,0.49,0,0.97,0.96,0,0,0.577083333,0.652951222,Highway,Night,Clear
4202,0,0,0,0,0,0.42,0.710416667,0.238179101,Rural,Afternoon,Clear
4203,0.89,0.97,0,0.94,0.7,0,0.530416667,0.649962643,Urban,Night,Clear
4204,0.78,0,0.65,0,0,0.41,0.892083333,0.691375814,Highway,Night,Rain
4205,0.63,0,0,0,0,0,0.500416667,0.320791974,Urban,Afternoon,Fog
4206,0,0,0.68,0,0.59,0,0.469583333,0.433610844,Urban,Morning,Clear
4207,0,0,0,0,0,0,0.06125,0.019052193,Highway,Morning,Clear
4208,0.8,0,0,0,0,0,0.617083333,0.411516704,Highway,Afternoon,Clear
4209,0.56,0,0,0,0,0.47,0.994166667,0.493862739,Highway,Night,Rain
4210,0.61,0,0,0,0,0,0.601666667,0.364179742,Highway,Evening,Clear
4211,0.95,0,0,0,0,0,0.470416667,0.43222329,Highway,Evening,Clear
4212,0.57,0,0.43,0,0,0,0.62125,0.485910983,Highway,Morning,Clear
4213,0.68,0.97,0,0,0.85,0,0.648333333,0.564414559,Rural,Evening,Clear
4214,0.93,0,0,0,0,0,0.585833333,0.425125414,Highway,Night,Clear
4215,0.82,0,0,0,0,0,0.513333333,0.422243569,Highway,Morning,Rain
4216,0,0,0,0,0,0,0.53375,0.166026257,Rural,Morning,Rain
4217,0.44,0,0.42,0,0,0,0.37,0.308677554,Highway,Night,Rain
4218,0.49,0,0,0.74,0.53,0,0.684166667,0.529725691,Rural,Afternoon,Clear
4219,0.4,0,0,0.61,0,0,0.372083333,0.285355961,Highway,Afternoon,Clear
4220,0,0,0,0,0,0.79,0.37,0.161383285,Highway,Night,Clear
4221,0.78,0,0,0,0.63,0,0.699583333,0.533514783,Rural,Night,Clear
4222,0.67,0,0.83,0,0,0,0.402083333,0.497331626,Urban,Night,Clear
4223,0,0,0.72,0,0,0.74,0.267083333,0.325701782,Urban,Afternoon,Clear
4224,0.48,0,0,0,0,0,0.788333333,0.380616928,Urban,Evening,Clear
4225,0,0.61,0,0,0,0.73,0.35,0.202369516,Highway,Morning,Clear
4226,0,0,0,0,0,0,0.258333333,0.043761341,Highway,Afternoon,Clear
4227,0.97,0,0,0,0,0,0.778333333,0.497811933,Rural,Night,Rain
4228,0.72,0,0.71,0,0,0,0.83,0.634005764,Highway,Afternoon,Clear
4229,0.55,0,0,0,0,0,0.41,0.267050913,Highway,Afternoon,Rain
4230,0,0,0.55,0,0,0.42,0.158333333,0.225637741,Highway,Evening,Clear
4231,0,0,0.85,0,0,0,0.7,0.435478706,Urban,Morning,Clear
4232,0.7,0.43,0,0,0,0,0.62875,0.3831252,Highway,Afternoon,Fog
4233,0.81,0,0,0,0,0,0.555833333,0.39566656,Urban,Afternoon,Fog
4234,0.45,0,0,0,0,0,0.6325,0.285943004,Urban,Night,Fog
4235,0.56,0,0,0,0,0,0.461666667,0.304621625,Urban,Evening,Clear
4236,0.88,0,0,0.63,0,0.68,0.286666667,0.520439748,Urban,Evening,Clear
4237,0,0.51,0,0,0,0.95,0.599583333,0.271587149,Highway,Afternoon,Clear
4238,0,0,0,0,0,0,0.787083333,0.189934892,Highway,Night,Rain
4239,0,0,0.5,0,0.92,0,0.5325,0.433877682,Highway,Afternoon,Clear
4240,0.68,0,0,0,0,0,0.356666667,0.310385313,Rural,Evening,Rain
4241,0.73,0,0,0,0.83,0,0.325416667,0.457839684,Highway,Afternoon,Rain
4242,0.66,0,0.51,0,0.64,0,0.355416667,0.520599851,Highway,Night,Clear
4243,0.43,0,0,0,0.53,0,0.694166667,0.455438147,Highway,Morning,Clear
4244,0.5,0,0,0,0,0,0.242083333,0.235403992,Urban,Morning,Clear
4245,0.67,0,0,0.65,0,0.64,0.90375,0.605987832,Highway,Night,Clear
4246,0.53,0,0,0,0,0.77,0.562916667,0.443430462,Highway,Morning,Clear
4247,0.43,0,0,0,0,0,0.2925,0.21037464,Highway,Evening,Clear
4248,0.91,0,0,0,0,0,0.24375,0.330611591,Highway,Afternoon,Rain
4249,0,0,0,0.84,0,0,0.245833333,0.165759419,Highway,Evening,Clear
4250,0,0,0,0,0,0,0.63375,0.178834454,Highway,Evening,Clear
4251,0.99,0,0,0.67,0,0,0.307916667,0.462002348,Rural,Afternoon,Clear
4252,0.88,0,0.68,0,0,0,0.719166667,0.643078237,Urban,Afternoon,Clear
4253,0.91,0,0.57,0,0,0,0.77375,0.659782261,Highway,Evening,Clear
4254,0,0,0,0,0,0,0.452083333,0.140623332,Urban,Morning,Rain
4255,0.55,0,0.55,0,0,0.87,0.6075,0.599103426,Highway,Evening,Clear
4256,0.98,0,0,0,0,0.87,0.300416667,0.518678621,Highway,Morning,Clear
4257,0.52,0,0,0,0.61,0.71,0.985416667,0.626267478,Rural,Night,Clear
4258,0.97,0,0,0,0,0,0.82125,0.529458854,Urban,Afternoon,Clear
4259,1,0,0,0,0,0,0.525833333,0.465471235,Rural,Evening,Clear
4260,0.83,0,0,0,0,0,0.554166667,0.438147081,Highway,Morning,Rain
4261,0.99,0,0,0,0,0.91,0.924166667,0.666132992,Highway,Night,Clear
4262,0,0,0.79,0.91,0,0,0.57125,0.441722703,Highway,Night,Clear
4263,0.74,0,0,0,0,0,0.673333333,0.391503896,Urban,Night,Rain
4264,0,0,0.79,0,0,0,0.559583333,0.321539118,Highway,Night,Rain
4265,0.56,0,0,0,0,0.63,0.73,0.468780019,Urban,Evening,Rain
4266,0.66,0.64,0,0.97,0.57,0,0.501666667,0.601131391,Rural,Morning,Rain
4267,0,0,0,0,0,0.93,0.477083333,0.230921123,Urban,Afternoon,Clear
4268,0.76,0,0.89,0,0,0,0.35875,0.582933077,Highway,Morning,Clear
4269,0.44,0,0,0,0,0,0.688333333,0.355000534,Urban,Morning,Clear
4270,0,0,0,0,0,0.54,0.549166667,0.221688547,Urban,Evening,Clear
4271,0.77,0,0.65,0,0,0.57,0.6325,0.62792187,Urban,Night,Clear
4272,0.99,0,0.44,0,0,0.43,0.515833333,0.590351158,Rural,Night,Clear
4273,0,0,0,0,0,0,0.2875,0.052833814,Highway,Afternoon,Clear
4274,0.51,0,0,0,0.51,0.88,0.55875,0.511207173,Highway,Afternoon,Clear
4275,0,0,0.56,0.6,0,0,0.132083333,0.24308891,Highway,Evening,Clear
4276,0.88,0,0.99,0,0,0,0.242083333,0.610684171,Highway,Morning,Clear
4277,0.94,0,0,0,0,0,0.871666667,0.517237699,Rural,Night,Clear
4278,0.97,0,0,0,0,0.65,0.428333333,0.472195538,Highway,Night,Clear
4279,0,0,0.76,0,0.85,0,0.228333333,0.410716192,Highway,Evening,Rain
4280,0.98,0,0,0,0,0,0.769583333,0.49829224,Urban,Night,Rain
4281,0.71,0,0.83,0,0,0,0.125416667,0.47897321,Highway,Morning,Fog
4282,0.99,0,0,0,0,0,0.384583333,0.381737645,Highway,Night,Clear
4283,0.85,0,0.4,0,0,0,0.587916667,0.520920056,Highway,Afternoon,Clear
4284,0,0,0,0,0,0,0.447916667,0.102732415,Urban,Afternoon,Rain
4285,0.5,0,0,0,0,0,0.752083333,0.33915039,Urban,Night,Clear
4286,0,0,0.71,0.74,0.55,0,0.894166667,0.623865941,Urban,Afternoon,Rain
4287,0.69,0.97,0,0,0,0,0.979583333,0.470754616,Highway,Night,Rain
4288,0,0,0,0,0,0,0.431666667,0.134272601,Rural,Morning,Clear
4289,0.83,0,0,0,0,0,0.455,0.407300672,Rural,Morning,Rain
4290,0.55,0,0,0.46,0,0,0.690833333,0.39502615,Highway,Night,Clear
4291,0,0,0.42,0.52,0.67,0,0.755,0.482869036,Highway,Night,Clear
4292,0.78,0,0.74,0.65,0,0,0.337916667,0.572793254,Rural,Night,Fog
4293,0.8,0,0,0,0,0,0.69875,0.436919629,Urban,Afternoon,Fog
4294,0.5,0,0,0,0,0,0.293333333,0.214750774,Urban,Afternoon,Clear
4295,0.74,0.48,0,0,0,0,0.277083333,0.323140143,Urban,Morning,Clear
4296,0.86,0,0,0.52,0,0,0.661666667,0.492902124,Highway,Night,Clear
4297,0.7,0,0.95,0,0,0.54,0.830833333,0.740207066,Highway,Night,Fog
4298,0.41,0,0,0,0,0.54,0.275833333,0.249653111,Urban,Afternoon,Clear
4299,0.41,0,0,0,0,0,0.73875,0.342779379,Highway,Evening,Clear
4300,0,0,0.98,0,0,0.94,0.305,0.429715018,Urban,Afternoon,Clear
4301,0,0,0,0,0,0,0.377916667,0.08095848,Highway,Afternoon,Clear
4302,0.61,0,0,0.93,0.63,0,0.870833333,0.669761981,Rural,Afternoon,Clear
4303,0.96,0,0,0,0,0.9,0.561666667,0.560785569,Highway,Afternoon,Clear
4304,0.54,0,0.72,0,0.99,0,0.396666667,0.670936066,Highway,Morning,Fog
4305,0.78,0,0,0,0,0,0.351666667,0.322553101,Urban,Afternoon,Clear
4306,0.53,0,0,0,0.63,0,0.482916667,0.404365461,Highway,Afternoon,Clear
4307,0,0,0,0,0,0.73,0.27,0.14089017,Rural,Afternoon,Rain
4308,0.59,0,0,0,0,0.77,0.862083333,0.519105561,Urban,Afternoon,Clear
4309,0,0,0.67,0,0,0,0.679166667,0.327996584,Rural,Night,Clear
4310,0.91,0,0,0,0,0,0.976666667,0.540292454,Highway,Night,Clear
4311,0.84,0,0,0,0,0,0.464583333,0.395186253,Urban,Evening,Clear
4312,0,0,0,0,0,0,0.4275,0.096381684,Urban,Afternoon,Clear
4313,0.46,0,0.97,0,0,0,0.788333333,0.622691856,Rural,Evening,Clear
4314,0,0,0,0,0,0.68,0.745416667,0.282367382,Highway,Afternoon,Clear
4315,0.66,0,0.8,0,0,0,0.730833333,0.607001814,Rural,Afternoon,Clear
4316,0,0,0.44,0,0,0,0.577083333,0.237325221,Urban,Night,Clear
4317,0.42,0,0,0,0,0,0.339166667,0.221688547,Rural,Evening,Clear
4318,0.69,0,0,0,0,0,0.499583333,0.358042481,Highway,Evening,Clear
4319,0,0.86,0.68,0,0,0,0.622916667,0.331358736,Highway,Afternoon,Rain
4320,0.8,0,0,0,0,0,0.870833333,0.49044722,Highway,Afternoon,Clear
4321,0,0,0,0,0,0,0.284583333,0.051926566,Highway,Afternoon,Clear
4322,0.47,0,0,0,0.45,0,0.66875,0.426673071,Urban,Evening,Clear
4323,0.57,0,0,0,0,0,0.33625,0.26881204,Rural,Evening,Rain
4324,0,0,0.54,0,0,0,0.533333333,0.249332906,Urban,Night,Clear
4325,0.64,0,0,0,0,0.63,0.525833333,0.430889102,Highway,Evening,Fog
4326,0.95,0,0,0,0,0,0.8475,0.531219981,Urban,Afternoon,Rain
4327,1,0,0.68,0,0,0,0.83375,0.698847262,Urban,Night,Clear
4328,0.43,0,0.67,0,0.45,0,0.3625,0.49023375,Highway,Evening,Fog
4329,0.86,0,0,0,0,0.95,0.661666667,0.547977372,Urban,Night,Clear
4330,0,0,0,0,0,0,0.275833333,0.049204824,Urban,Afternoon,Fog
4331,0.62,0,0,0,0,0,0.60375,0.386327249,Highway,Morning,Clear
4332,0,0,0.75,0,0,0,0.95625,0.434678194,Urban,Night,Clear
4333,0.64,0,0,0,0,0,0.6475,0.406340058,Rural,Morning,Clear
4334,0,0.47,0.61,0,0,0,0.571666667,0.334080478,Highway,Morning,Clear
4335,0,0,0,0,0,0,0.697916667,0.198793895,Highway,Evening,Clear
4336,0.85,0,0,0,0.75,0,0.31875,0.497118156,Rural,Evening,Clear
4337,0.95,0,0.5,0,0,0,0.762916667,0.632991781,Highway,Afternoon,Rain
4338,0,0.99,0.7,0,0.76,0,0.414166667,0.454157327,Highway,Morning,Fog
4339,0.97,0.63,0,0,0.65,0,0.298333333,0.50997972,Highway,Evening,Rain
4340,0.75,0,0,0,0,0.48,0.30125,0.377041306,Highway,Evening,Rain
4341,0.61,0,0,0,0,0,0.994166667,0.449674458,Highway,Night,Rain
4342,0.87,0,0,0,0,0,0.398333333,0.365887501,Highway,Afternoon,Rain
4343,0,0,0.9,0,0,0,0.736666667,0.423097449,Rural,Afternoon,Clear
4344,0,0,0,0,0.66,0,0.447083333,0.247571779,Highway,Evening,Clear
4345,0.55,0,0,0,0,0,0.332083333,0.224517024,Highway,Night,Clear
4346,0,0,0,0,0,0,0.34,0.069164265,Highway,Afternoon,Clear
4347,0,0,0,0,0,0,0.142916667,0.044455118,Highway,Morning,Clear
4348,0,0.87,0.8,0,0,0.65,0.75125,0.485270573,Highway,Afternoon,Clear
4349,0.74,0,0,0,0,0.61,0.80375,0.528498239,Rural,Afternoon,Rain
4350,0,0.61,0.6,0,0,0,0.695833333,0.333546803,Highway,Afternoon,Rain
4351,0,0,0.96,0,0,0,0.5075,0.403778418,Highway,Morning,Clear
4352,0.62,0,0.95,0,0,0.7,0.653333333,0.734763582,Rural,Morning,Clear
4353,0.79,0,0.53,0,0,0.67,0.58,0.600064041,Highway,Night,Clear
4354,0.54,0,0,0,0,0,0.534583333,0.320898709,Highway,Evening,Clear
4355,0.51,0,0.42,0,0,0.71,0.5775,0.541466539,Rural,Morning,Clear
4356,0.95,0,0.84,0,0,0.48,0.54625,0.73246878,Rural,Evening,Clear
4357,0.46,0,0.9,0,0,0,0.478333333,0.526630377,Highway,Morning,Rain
4358,0,0,0.98,0.49,0,0,0.657916667,0.481855054,Urban,Afternoon,Clear
4359,0,0,0.93,0,0,0,0.260416667,0.300939268,Urban,Evening,Rain
4360,0.7,0,0,0,0,0,0.4675,0.351264809,Urban,Evening,Clear
4361,0,0,0,0.67,0,0.71,0.787083333,0.366688014,Highway,Night,Clear
4362,0.53,0,0,0,0,0,0.482916667,0.283327997,Urban,Afternoon,Rain
4363,0.42,0,0,0,0,0,0.452083333,0.275109403,Highway,Morning,Rain
4364,0.42,0,0.76,0,0,0,0.11375,0.364553314,Highway,Morning,Rain
4365,0.51,0,0.72,0,0.43,0,0.249583333,0.471395026,Highway,Afternoon,Rain
4366,0.92,0,0.42,0,0,0,0.326666667,0.503789092,Urban,Morning,Clear
4367,0.57,0,0,0,0.71,0,0.599583333,0.468833387,Urban,Afternoon,Clear
4368,0,0,0.55,0,0.7,0,0.302083333,0.332746291,Urban,Afternoon,Clear
4369,0,0,0.68,0,0.49,0,0.699583333,0.431049205,Highway,Night,Fog
4370,0.97,0,0.78,0,0,0,0.778333333,0.69761981,Urban,Night,Clear
4371,0.75,0,0,0,0,0,0.684166667,0.416373145,Urban,Afternoon,Rain
4372,0.66,0,0,0,0,0,0.43625,0.310438681,Highway,Afternoon,Clear
4373,0.75,0,0,0,0,0,0.472083333,0.332105881,Urban,Night,Rain
4374,0.71,0,0,0,0,0,0.490833333,0.361724837,Urban,Evening,Clear
4375,0.86,0,0,0.76,0,0,0.390416667,0.439267798,Urban,Night,Clear
4376,0.57,0,0,0,0,0,0.512083333,0.305208667,Urban,Afternoon,Clear
4377,0.61,0,0.73,0,0,0.55,0.390833333,0.574340912,Highway,Morning,Clear
4378,0.94,0.78,0,0,0,0,0.5675,0.44092219,Urban,Afternoon,Rain
4379,0.97,0.52,0,0,0,0,0.475416667,0.458480094,Urban,Morning,Clear
4380,0,0,0.85,0.82,0,0,0.403333333,0.429928488,Rural,Evening,Clear
4381,0.94,0,0,0,0,0,0.245833333,0.359163198,Highway,Evening,Clear
4382,0.65,0,0,0,0,0,0.099166667,0.238979614,Highway,Morning,Rain
4383,0,0,0.57,0,0,0.51,0.836666667,0.41669335,Highway,Night,Clear
4384,0.87,0,0,0,0,0,0.17,0.313160423,Urban,Evening,Clear
4385,0,0,0.74,0,0.46,0,0.841666667,0.503148682,Rural,Afternoon,Rain
4386,0.69,0,0,0,0,0,0.26125,0.26560999,Highway,Afternoon,Clear
4387,0.7,0,0,0,0,0,0.316666667,0.286049738,Urban,Afternoon,Fog
4388,0.52,0,0,0,0,0,0.426666667,0.28092646,Highway,Evening,Clear
4389,0.75,0,0.45,0,0,0,0.832916667,0.577916533,Highway,Afternoon,Fog
4390,0,0,0.65,0,0,0,0.390416667,0.233055822,Urban,Night,Clear
4391,0.51,0,0,0,0,0,0.779583333,0.387501334,Urban,Evening,Rain
4392,0.6,0,0,0,0,0,0.701666667,0.37378589,Highway,Afternoon,Clear
4393,0,0,0,0,0,0,0.164166667,0.032767638,Highway,Evening,Clear
4394,0.91,0.49,0,0,0,0,0.1525,0.320525136,Highway,Evening,Rain
4395,0,0,0,0,0,0,0.370416667,0.115220408,Urban,Morning,Rain
4396,0.52,0,0,0,0,0,0.444166667,0.286369943,Highway,Evening,Rain
4397,0.44,0,0,0,0,0,0.932916667,0.376187427,Urban,Night,Fog
4398,0.44,0,0.85,0,0.47,0,0.62875,0.607909062,Highway,Afternoon,Rain
4399,0,0,0,0,0,0,0.286666667,0.070872025,Rural,Evening,Clear
4400,0.96,0,0,0.63,0,0,0.300416667,0.481534849,Highway,Morning,Rain
4401,0,0,0,0,0,0,0.5075,0.157861031,Highway,Morning,Clear
4402,0.7,0,0,0,0,0,0.579166667,0.367701996,Highway,Afternoon,Clear
4403,0,0,0,0,0,0.44,0.372916667,0.117461842,Highway,Night,Fog
4404,0.65,0,0,0.92,0,0,0.539583333,0.493809371,Highway,Morning,Clear
4405,0.89,0,0,0,0,0,0.783333333,0.492048244,Urban,Afternoon,Clear
4406,0.9,0,0,0,0,0,0.315833333,0.368128936,Highway,Evening,Clear
4407,0,0,0,0,0,0.86,0.95625,0.352705732,Highway,Night,Clear
4408,0,0,0,0,0,0.66,0.58875,0.212776177,Rural,Night,Clear
4409,0.6,0,0,0,0,0.78,0.479166667,0.422777244,Rural,Evening,Fog
4410,0.82,0,0.82,0,0.46,0,0.4725,0.707973103,Urban,Morning,Clear
4411,0.86,0,0,0,0,0,0.7775,0.480627602,Highway,Afternoon,Rain
4412,0,0,0,0,0,0,0.822083333,0.200821859,Urban,Night,Rain
4413,0.79,0,0,0,0,0,0.351666667,0.32575515,Urban,Afternoon,Rain
4414,0,0,0,0,0,0.84,0.539583333,0.275429608,Highway,Morning,Rain
4415,0,0,0.99,0,0.77,0,0.682083333,0.558810972,Urban,Night,Clear
4416,0,0,0,0,0,0,0.498333333,0.100117408,Urban,Night,Rain
4417,0.49,0,0.57,0,0,0,0.762083333,0.5216672,Highway,Evening,Rain
4418,0.93,0,0,0,0,0.81,0.478333333,0.550325542,Highway,Morning,Rain
4419,0,0,0,0,0,0.68,0.718333333,0.292240367,Rural,Evening,Clear
4420,0,0,0,0,0,0.63,0.6475,0.282100544,Urban,Morning,Rain
4421,0,0,0,0,0,0.63,0.272916667,0.12898922,Urban,Afternoon,Clear
4422,0.72,0,0,0,0,0,0.274166667,0.315828797,Urban,Morning,Rain
4423,0,0.96,0,0,0,0,0.102083333,0.031753656,Urban,Morning,Rain
4424,0.57,0,0,0,0,0,0.801666667,0.376987939,Highway,Night,Fog
4425,0.66,0,0,0,0,0,0.657083333,0.397427687,Urban,Evening,Rain
4426,0,0,0,0,0,0,0.645416667,0.182463443,Rural,Evening,Fog
4427,0,0,0,0,0,0,0.770833333,0.221475077,Highway,Evening,Clear
4428,0.42,0,0,0,0,0,0.21875,0.202529619,Highway,Morning,Rain
4429,0.48,0,0.7,0,0,0.78,0.230416667,0.504589604,Rural,Morning,Clear
4430,0.86,0,0,0,0,0,0.360416667,0.350891237,Highway,Afternoon,Rain
4431,0,0,0.6,0,0.52,0,0.574166667,0.377308144,Highway,Night,Clear
4432,0,0,0.66,0,0,0,0.465416667,0.277244103,Highway,Afternoon,Fog
4433,0.4,0,0,0,0.55,0,0.574583333,0.412477319,Highway,Morning,Clear
4434,0.65,0,0,0,0,0,0.89125,0.448767211,Highway,Afternoon,Rain
4435,0.71,0,0,0,0,0,0.38375,0.310118476,Highway,Afternoon,Fog
4436,0.43,0,0,0,0,0,0.268333333,0.221154872,Highway,Morning,Clear
4437,0,0,0.91,0,0,0,0.4025,0.358309318,Rural,Morning,Clear
4438,0.98,0,0,0,0,0,0.246666667,0.353933184,Urban,Afternoon,Clear
4439,0.54,0,0,0,0,0,0.935833333,0.409115167,Rural,Night,Clear
4440,0.58,0.95,0,0,0.5,0,0.55875,0.418988152,Urban,Afternoon,Rain
4441,0,0,0.81,0,0,0,0.424583333,0.302967232,Urban,Afternoon,Clear
4442,0,0,0,0,0,0.7,0.39625,0.158021134,Urban,Night,Clear
4443,0.58,0,0.93,0,0,0.91,0.374166667,0.638595368,Highway,Evening,Clear
4444,0,0,0,0,0,0,0.697916667,0.198793895,Urban,Evening,Clear
4445,0,0,0,0,0,0,0.295416667,0.073593767,Highway,Evening,Clear
4446,0.54,0,0,0,0,0.92,0.647083333,0.437133099,Urban,Night,Clear
4447,0,0,0,0,0,0,0.487083333,0.1515103,Highway,Morning,Clear
4448,0,0,0,0,0,0,0.485,0.132564841,Highway,Evening,Rain
4449,0,0,0,0,0,0,0.4375,0.136087096,Highway,Morning,Rain
4450,0,0,0,0,0.97,0,0.116666667,0.222649162,Highway,Morning,Clear
4451,0,0.93,0.52,0,0,0.5,0.679583333,0.40863486,Rural,Morning,Rain
4452,0.4,0,0,0,0,0,0.422916667,0.259632832,Urban,Morning,Clear
4453,0.84,0,0,0,0,0,0.568333333,0.390863486,Highway,Night,Rain
4454,0.98,0,0.92,0,0.91,0,0.4725,0.871277618,Highway,Morning,Rain
4455,0.53,0,0.44,0.74,0,0,0.250833333,0.455224677,Urban,Morning,Clear
4456,0.8,0,0.93,0,0.54,0,0.430416667,0.695431743,Rural,Afternoon,Clear
4457,0.85,0.78,0.6,0,0.6,0.48,0.636666667,0.782367382,Highway,Evening,Clear
4458,0.91,0,0.59,0.66,0,0,0.75625,0.743996158,Highway,Evening,Clear
4459,0.65,0,0,0,0,0.78,0.181666667,0.346248266,Highway,Evening,Rain
4460,0.58,0,0,0,0,0,0.175833333,0.222115487,Urban,Evening,Rain
4461,0.6,0,0,0,0,0.58,0.34875,0.33829651,Highway,Afternoon,Clear
4462,0.83,0,0.71,0,0,0,0.475,0.540505924,Rural,Night,Clear
4463,0.89,0,0,0,0,0,0.897083333,0.527430889,Urban,Afternoon,Fog
4464,0.51,0,0,0,0,0.41,0.605416667,0.367541893,Highway,Afternoon,Clear
4465,0.62,0,0,0,0.53,0,0.5675,0.44028178,Highway,Afternoon,Clear
4466,0.94,0,0,0.44,0,0,0.399166667,0.426619703,Rural,Night,Rain
4467,0,0,0.96,0,0,0.93,0.367083333,0.424324901,Highway,Night,Fog
4468,0,0,0,0,0,0,0.137916667,0.024602412,Urban,Evening,Fog
4469,0,0,0,0,0,0,0.862083333,0.231561533,Urban,Afternoon,Clear
4470,0.88,0,0.43,0,0,0,0.753333333,0.607962429,Rural,Evening,Clear
4471,0.99,0.88,0,0,0,0.54,0.5425,0.554915146,Highway,Morning,Clear
4472,0.85,0,0,0,0,0.96,0.344166667,0.502188067,Highway,Morning,Fog
4473,0.64,0,0.61,0,0,0,0.531666667,0.508271961,Highway,Evening,Clear
4474,0,0,0,0,0,0,0.6425,0.181556196,Highway,Evening,Clear
4475,0.75,0,0,0,0,0.83,0.655833333,0.495570498,Highway,Night,Clear
4476,0,0,0.91,0,0,0,0.17875,0.270413064,Rural,Evening,Rain
4477,0.8,0,0,0,0,0,0.420833333,0.368769346,Highway,Evening,Clear
4478,0,0,0,0,0,0,0.394583333,0.104440175,Urban,Evening,Clear
4479,0.45,0,0,0,0,0.86,0.8475,0.481268012,Urban,Afternoon,Rain
4480,0.73,0,0.64,0,0,0,0.395416667,0.484096488,Urban,Afternoon,Clear
4481,0,0,0.52,0.68,0,0.52,0.813333333,0.485003736,Rural,Night,Rain
4482,0.83,0.44,0,0.89,0,0,0.895,0.60326609,Highway,Night,Clear
4483,0.5,0,0.65,0.77,0,0,0.340833333,0.476358203,Highway,Night,Clear
4484,0.87,0,0.63,0,0,0.54,0.31,0.587255844,Highway,Evening,Clear
4485,0,0,0.95,0,0.7,0,0.347083333,0.485804248,Highway,Morning,Clear
4486,0.75,0.6,0.86,0,0,0.71,0.504583333,0.708346675,Urban,Morning,Clear
4487,0,0,0.7,0.9,0,0,0.962083333,0.538958267,Urban,Night,Rain
4488,0.97,0,0.99,0,0.41,0,0.62125,0.836215178,Urban,Morning,Clear
4489,0.43,0,0,0,0.8,0,0.701666667,0.473049418,Urban,Afternoon,Clear
4490,0.56,0,0.68,0,0,0,0.874583333,0.570658555,Urban,Night,Rain
4491,0,0,0,0,0,0,0.067083333,0.020866688,Rural,Morning,Rain
4492,0.76,0,0,0,0.71,0,0.524583333,0.488045683,Highway,Night,Clear
4493,0.58,0,0,0.7,0,0,0.687083333,0.452502935,Highway,Afternoon,Clear
4494,0.83,0,0.43,0,0,0,0.565416667,0.496904686,Highway,Night,Clear
4495,0.86,0,0,0,0,0,0.531666667,0.422457039,Urban,Evening,Rain
4496,0.46,0,0.56,0,0,0,0.5675,0.430675632,Urban,Afternoon,Rain
4497,0.71,0,0.66,0,0,0,0.535416667,0.526363539,Urban,Afternoon,Clear
4498,0.71,0,0,0,0,0,0.66375,0.397214217,Urban,Afternoon,Clear
4499,0.62,0,0,0,0,0.5,0.700833333,0.462269186,Urban,Evening,Rain
4500,0,0,0.49,0,0,0,0.92125,0.357188601,Highway,Night,Clear
4501,0,0,0,0,0,0,0.1525,0.029138649,Urban,Evening,Clear
4502,0.96,0,0.97,0,0,0,0.459583333,0.662237165,Highway,Afternoon,Clear
4503,0.9,0,0,0,0,0.58,0.71625,0.54867115,Rural,Afternoon,Clear
4504,0.82,0,0,0,0,0,0.370416667,0.377788451,Urban,Morning,Fog
4505,0.83,0,0,0,0,0.59,0.735833333,0.551926566,Urban,Evening,Clear
4506,0,0.59,0.86,0,0,0.5,0.447916667,0.387074394,Urban,Afternoon,Rain
4507,0.68,0,0,0,0,0.52,0.81625,0.483349344,Rural,Night,Rain
4508,0,0,0,0,0,0,0.765833333,0.201622372,Rural,Afternoon,Clear
4509,0.95,0,0,0,0,0,0.83375,0.508645533,Urban,Night,Clear
4510,0.82,0,0,0,0,0,0.719166667,0.449674458,Urban,Afternoon,Clear
4511,0.84,0,0,0,0,0,0.73375,0.460614793,Highway,Afternoon,Clear
4512,0,0,0.56,0,0,0,0.414166667,0.272280926,Urban,Morning,Clear
4513,0.92,0,0,0,0,0.87,0.547916667,0.521560465,Urban,Night,Clear
4514,0.56,0,0,0,0,0,0.224583333,0.249172804,Urban,Morning,Rain
4515,0.88,0,0,0,0,0.5,0.163333333,0.396627175,Urban,Morning,Fog
4516,0.52,0,0.75,0,0,0,0.783333333,0.565695378,Highway,Afternoon,Clear
4517,0.61,0,0.83,0.47,0,0,0.915416667,0.697993382,Highway,Night,Rain
4518,0.6,0,0,0,0,0,0.245833333,0.250293521,Urban,Evening,Clear
4519,0.99,0,0,0,0,0,0.64625,0.481428114,Urban,Afternoon,Clear
4520,0.91,0,0.96,0,0,0,0.550833333,0.653751734,Rural,Night,Clear
4521,0,0,0,0.41,0,0,0.375833333,0.11452663,Rural,Night,Clear
4522,0.82,0,0,0,0.94,0,0.09625,0.473102786,Rural,Morning,Clear
4523,0,0,0,0.58,0,0,0.459583333,0.180648949,Urban,Afternoon,Clear
4524,0.84,0,0,0,0,0,0.38,0.368876081,Highway,Evening,Rain
4525,0.74,0,0.93,0,0,0,0.965,0.720461095,Urban,Night,Fog
4526,0,0,0,0,0,0,0.66875,0.189721422,Highway,Evening,Fog
4527,0.97,0,0,0.82,0,0.42,0.425416667,0.546856655,Urban,Night,Clear
4528,0,0.78,0,0.87,0,0.78,0.452083333,0.351958587,Highway,Morning,Clear
4529,0.7,0,0.71,0,0,0,0.169166667,0.458640196,Urban,Morning,Rain
4530,0.63,0,0,0,0,0.99,0.264166667,0.374106095,Highway,Afternoon,Clear
4531,0.5,0,0,0.58,0,0.6,0.67375,0.520813321,Highway,Morning,Clear
4532,0,0,0,0,0,0,0.584166667,0.16341125,Urban,Evening,Fog
4533,0.87,0.61,0,0,0,0,0.690833333,0.438574021,Highway,Night,Fog
4534,0.84,0.49,0,0,0,0.47,0.824166667,0.548937987,Highway,Afternoon,Rain
4535,0.63,0,0.86,0,0,0,0.1875,0.462055716,Highway,Evening,Rain
4536,0.42,0,0.74,0.7,0,0.74,0.275833333,0.557690255,Rural,Afternoon,Clear
4537,0,0,0.73,0.65,0,0,0.466666667,0.415412531,Highway,Morning,Clear
4538,0.9,0,0,0,0,0,0.469583333,0.434251254,Highway,Morning,Rain
4539,0,0.76,0,0.65,0,0.94,0.242916667,0.260913651,Highway,Evening,Clear
4540,0,0,0,0,0,0.87,0.804583333,0.306809692,Highway,Night,Rain
4541,0.41,0,0,0,0.5,0,0.55875,0.364553314,Rural,Afternoon,Clear
4542,0.82,0,0,0,0,0,0.562916667,0.437666773,Urban,Morning,Clear
4543,0,0,0.47,0.54,0,0,0.932916667,0.424858576,Highway,Night,Clear
4544,0,0,0,0,0,0,0.692916667,0.178941189,Rural,Afternoon,Clear
4545,0.98,0,0,0,0,0,0.444166667,0.433664212,Urban,Evening,Fog
4546,0,0,0,0,0,0,0.490833333,0.134379336,Highway,Evening,Clear
4547,0.66,0,0.48,0.48,0,0,0.599583333,0.54568257,Highway,Afternoon,Clear
4548,0,0,0,0,0,0,0.345833333,0.07097876,Urban,Afternoon,Fog
4549,0,0,0.72,0.52,0,0.77,0.561666667,0.487778845,Rural,Afternoon,Clear
4550,0.54,0,0,0.43,0,0.59,0.102083333,0.33530793,Urban,Morning,Rain
4551,0,0.89,0.56,0.52,0,0,0.310833333,0.270146227,Highway,Afternoon,Clear
4552,0.82,0,0,0,0,0.73,0.16125,0.387928274,Highway,Evening,Clear
4553,0.89,0,0.41,0,0,0.45,0.71125,0.613992955,Highway,Night,Rain
4554,0.73,0,0.83,0,0,0.81,0.370416667,0.665332479,Highway,Morning,Clear
4555,0.98,0,0,0,0.88,0,0.63875,0.681556196,Highway,Morning,Clear
4556,0.43,0,0,0,0,0,0.396666667,0.261073754,Highway,Morning,Rain
4557,0.7,0,0.42,0,0,0,0.822083333,0.532554168,Highway,Night,Clear
4558,0.83,0,0,0,0,0,0.466666667,0.410929662,Highway,Morning,Rain
4559,0,0,0,0,0.88,0,0.33125,0.235510727,Urban,Afternoon,Clear
4560,0.92,0,0,0,0,0.84,0.519166667,0.563667414,Highway,Morning,Rain
4561,0.51,0,0,0,0,0.98,0.57625,0.431476145,Urban,Afternoon,Rain
4562,0.88,0,0.76,0,0,0,0.70375,0.677073327,Rural,Evening,Rain
4563,0.73,0,0,0,0,0,0.706666667,0.435265236,Urban,Evening,Rain
4564,0.64,0.63,0.72,0,0,0,0.75625,0.606308037,Urban,Evening,Clear
4565,0.48,0,0,0,0,0,0.609583333,0.343313054,Highway,Morning,Fog
4566,0,0,0.98,0,0,0,0.329166667,0.298537731,Highway,Night,Clear
4567,0.92,0,0,0,0,0.56,0.17875,0.403618316,Highway,Evening,Rain
4568,0.49,0,0,0,0,0.41,0.029166667,0.218486498,Highway,Morning,Fog
4569,0.59,0,0,0.41,0,0,0.622916667,0.398601772,Urban,Afternoon,Clear
4570,0,0,0,0.78,0,0,0.282916667,0.187906927,Urban,Morning,Fog
4571,0.57,0,0.69,0,0.48,0,0.88625,0.672270253,Highway,Night,Clear
4572,0,0,0.44,0,0,0,0.93,0.347102145,Urban,Night,Clear
4573,0.92,0,0,0.59,0,0,0.251666667,0.430141958,Rural,Evening,Rain
4574,0.8,0.48,0,0,0,0,0.69875,0.436919629,Urban,Afternoon,Rain
4575,0.88,0,0,0,0,0.73,0.722916667,0.54525563,Highway,Night,Clear
4576,0,0,0.73,0,0,0.82,0.7425,0.48639129,Highway,Afternoon,Clear
4577,0.55,0,0.9,0.98,0,0.87,0.040833333,0.656313374,Highway,Morning,Clear
4578,0,0,1,0.52,0,0,0.77375,0.545148895,Urban,Evening,Clear
4579,0.77,0,0.66,0,0,0,0.660833333,0.584587469,Highway,Afternoon,Clear
4580,0,0,0,0,0,0.52,0.865833333,0.281033195,Highway,Night,Clear
4581,0,0,0.59,0,0,0,0.468333333,0.260219874,Highway,Afternoon,Clear
4582,0.74,0,0,0,0,0,0.035,0.247838617,Highway,Morning,Rain
4583,0,0.52,0.94,0,0,0,0.46625,0.330931796,Rural,Night,Clear
4584,0.9,0,0.51,0,0,0,0.819166667,0.618742662,Urban,Night,Rain
4585,0.94,0,0,0,0.64,0.56,0.408333333,0.622691856,Highway,Morning,Clear
4586,0,0,0,0,0,0,0.582083333,0.144465791,Rural,Afternoon,Clear
4587,0,0,0,0,0,0,0.310833333,0.060091792,Highway,Afternoon,Clear
4588,0.41,0,0,0,0,0.71,0.584166667,0.385633472,Urban,Evening,Clear
4589,0.8,0,0,0,0.5,0,0.549166667,0.504749706,Urban,Evening,Rain
4590,0,0,0,0,0,0,0.245833333,0.058170562,Urban,Evening,Clear
4591,0.43,0,0,0,0,0.6,0.335,0.263848863,Urban,Night,Clear
4592,0.73,0,0,0,0,0,0.45,0.355427474,Urban,Evening,Clear
4593,0.57,0,0,0,0.55,0,0.469583333,0.434251254,Highway,Morning,Clear
4594,0.58,0,0,0.61,0,0.92,0.3525,0.436439321,Highway,Night,Clear
4595,0.61,0,0,0,0,0,0.521666667,0.302700395,Highway,Night,Clear
4596,0.77,0,0,0,0.56,0,0.627916667,0.531166613,Highway,Evening,Clear
4597,0.6,0,0,0,0,0,0.545,0.306756324,Urban,Night,Clear
4598,0.84,0,0,0,0,0,0.469166667,0.360017078,Highway,Night,Clear
4599,0.64,0,0.77,0,0,0,0.679583333,0.613566016,Rural,Morning,Clear
4600,0,0,0,0,0,0.68,0.24,0.143451809,Rural,Evening,Clear
4601,0.44,0,0,0,0,0,0.312083333,0.237965631,Highway,Morning,Rain
4602,0.87,0,0,0,0,0,0.459583333,0.384939695,Highway,Afternoon,Clear
4603,0.57,0,0,0,0.73,0.88,0.655833333,0.584587469,Highway,Night,Clear
4604,0.66,0,0,0,0,0,0.762083333,0.43008859,Rural,Evening,Rain
4605,0.81,0,0,0,0,0.75,0.389583333,0.440014943,Urban,Afternoon,Clear
4606,0.6,0,0,0.61,0,0.86,0.425833333,0.512861565,Urban,Morning,Clear
4607,0.43,0,0,0,0,0.6,0.59375,0.362632085,Urban,Afternoon,Clear
4608,0.62,0,0.64,0,0,0.9,0.595,0.662824207,Urban,Morning,Clear
4609,0,0,0.42,0,0.65,0,0.818333333,0.450421603,Highway,Afternoon,Clear
4610,0.97,0,0,0.41,0,0,0.65,0.51040666,Highway,Night,Clear
4611,0.79,0,0.61,0,0,0,0.275833333,0.458426726,Urban,Afternoon,Rain
4612,0.8,0,0.56,0.9,0.97,0.56,0.386666667,0.856654926,Urban,Afternoon,Clear
4613,0,0,0,0,0,0,0.9825,0.250720461,Urban,Night,Clear
4614,0.78,0,0.81,0,0.48,0.73,0.69,0.821005443,Highway,Afternoon,Clear
4615,0,0,0.97,0,0,0.53,0.596666667,0.4653645,Urban,Afternoon,Fog
4616,0.52,0,0,0,0,0,0.66375,0.33637528,Urban,Afternoon,Clear
4617,0.65,0,0,0,0.98,0,0.57625,0.539065002,Highway,Afternoon,Clear
4618,0.85,0,0.56,0,0,0,0.472083333,0.507578183,Highway,Night,Clear
4619,0.46,0,0,0,0,0,0.431666667,0.281566869,Urban,Morning,Clear
4620,0.57,0,0.89,0,0,0,0.1225,0.448607109,Urban,Morning,Clear
4621,0.57,0,0,0.42,0,0,0.55375,0.353666346,Highway,Night,Clear
4622,0.66,0,0,0,0,0.69,0.659166667,0.504749706,Urban,Morning,Clear
4623,0,0,0,0.96,0,0,0.859166667,0.353612979,Rural,Afternoon,Rain
4624,0.99,0,0,0.94,0,0,0.718333333,0.642544562,Urban,Evening,Clear
4625,0,0,0.43,0,0,0,0.688333333,0.32426086,Rural,Morning,Clear
4626,0,0,0,0.72,0,0.59,0.774583333,0.372131497,Highway,Afternoon,Rain
4627,0.44,0,0,0,0,0,0.5675,0.280819725,Highway,Afternoon,Rain
4628,0.71,0,0.72,0,0,0.56,0.354583333,0.557209948,Urban,Afternoon,Fog
4629,0.51,0,0,0,0,0,0.566666667,0.321272281,Urban,Evening,Clear
4630,0.98,0,0,0,0,0,0.496666667,0.449994663,Rural,Evening,Rain
4631,0,0,0,0.73,0,0,0.44625,0.232308678,Highway,Morning,Rain
4632,0,0,0,0,0,0,0.841666667,0.225210802,Highway,Afternoon,Clear
4633,0.47,0,0.44,0,0,0,0.744583333,0.476518305,Highway,Evening,Clear
4634,0.64,0,0,0,0,0,0.862916667,0.418454478,Highway,Night,Clear
4635,0.84,0,0,0,0.54,0,0.608333333,0.525349557,Urban,Afternoon,Clear
4636,0.82,0,0.96,0,0,0,0.058333333,0.526630377,Urban,Morning,Fog
4637,0.65,0,0,0,0,0,0.545416667,0.377788451,Highway,Morning,Fog
4638,0.61,0,0,0,0,0,0.976666667,0.444230974,Highway,Night,Clear
4639,0.64,0,0.86,0,0,0.98,0.440416667,0.687746825,Highway,Morning,Rain
4640,0,0.54,0,0,0,0,0.09625,0.029939161,Highway,Morning,Clear
4641,0.56,0,0,0,0,0,0.667916667,0.387074394,Urban,Morning,Rain
4642,0,0,0.79,0,0,0,0.544166667,0.335041093,Urban,Afternoon,Clear
4643,0,0,0,0,0,0,0.377083333,0.098996691,Rural,Evening,Rain
4644,0,0,0,0.79,0,0,0.317916667,0.200074714,Highway,Morning,Rain
4645,0.52,0.58,0,0,0,0,0.4275,0.262888248,Highway,Afternoon,Clear
4646,0.69,0,0,0,0,0,0.810416667,0.418134273,Rural,Night,Clear
4647,0.56,0,0,0,0,0,0.73375,0.370957413,Rural,Afternoon,Fog
4648,0.57,0,0,0,0,0,0.398333333,0.269826022,Rural,Afternoon,Clear
4649,0.79,0,0,0,0,0.5,0.578333333,0.478599637,Highway,Evening,Rain
4650,0.98,0,0.89,0,0.86,0.87,0.6425,1,Highway,Evening,Rain
4651,0.76,0,0,0,0,0,0.660833333,0.412317216,Highway,Afternoon,Clear
4652,0,0,0.79,0.63,0.6,0,0.906666667,0.625466966,Highway,Night,Clear
4653,0,0,0.98,0.79,0,0,0.256666667,0.432063187,Urban,Morning,Rain
4654,0.45,0,0.83,0,0.49,0,0.51625,0.611431316,Urban,Morning,Rain
4655,0.45,0,0.95,0.43,0,0,0.9475,0.682356708,Highway,Night,Clear
4656,0,0,0,0,0,0,0.570416667,0.140836802,Urban,Afternoon,Clear
4657,0,0,0,0,0,0,0.35,0.108869677,Highway,Morning,Clear
4658,0,0,0,0,0,0.99,0.6125,0.317323087,Highway,Morning,Rain
4659,0.97,0,0.71,0,0,0,0.5625,0.612552033,Highway,Night,Rain
4660,0.58,0,0,0,0,0,0.35,0.294588537,Highway,Morning,Rain
4661,0,0,0,0.43,0,0,0.158333333,0.086028392,Urban,Evening,Fog
4662,0.46,0,0,0,0,0,0.66875,0.33701569,Highway,Evening,Clear
4663,0.76,0,0.47,0,0.91,0.41,0.058333333,0.609243249,Urban,Morning,Clear
4664,0,0,0,0,0,0.82,0.363333333,0.181449461,Rural,Afternoon,Fog
4665,0.77,0,0,0,0,0,0.715416667,0.450795176,Rural,Evening,Clear
4666,0.79,0,0.72,0,0,0,0.447916667,0.540132351,Urban,Afternoon,Rain
4667,0.56,0,0,0,0,0,0.894166667,0.420856015,Highway,Afternoon,Clear
4668,0,0,0.48,0,0.59,0.55,0.289583333,0.378535596,Highway,Evening,Rain
4669,0,0,0.76,0.67,0,0,0.612083333,0.415999573,Rural,Night,Rain
4670,0.41,0,0.69,0.73,0,0,0.657916667,0.569591205,Highway,Afternoon,Clear
4671,0.98,0,0,0,0.8,0,0.55125,0.63896894,Urban,Morning,Clear
4672,0.55,0,0,0,0,0,0.685416667,0.389315829,Rural,Morning,Fog
4673,0,0,0,0.93,0,0.42,0.342916667,0.242982175,Rural,Afternoon,Fog
4674,0,0,0,0,0,0.64,0.368333333,0.178247412,Urban,Evening,Clear
4675,0.81,0,0,0,0,0,0.4575,0.34678194,Highway,Night,Clear
4676,0,0,0,0,0,0,0.80375,0.213416587,Urban,Afternoon,Clear
4677,0.82,0,0,0,0,0,0.27125,0.346942043,Highway,Morning,Rain
4678,0.77,0,0,0,0,0.96,0.409166667,0.478492902,Urban,Evening,Clear
4679,0,0,0.77,0,0,0,0.379166667,0.315188387,Urban,Morning,Clear
4680,0.59,0,0,0,0,0,0.040833333,0.201622372,Highway,Morning,Clear
4681,0,0,0,0,0,0,0.565833333,0.176005977,Highway,Morning,Clear
4682,0,0,0,0.46,0,0,0.44875,0.143611912,Urban,Night,Clear
4683,0,0,0.41,0.89,0,0,0.776666667,0.442309745,Highway,Evening,Clear
4684,0,0,0,0.53,0,0,0.224583333,0.137741488,Urban,Morning,Clear
4685,0.56,0,0.52,0,0.74,0,0.827916667,0.657327356,Urban,Night,Rain
4686,0,0,0,0,0,0,0.64625,0.164425232,Rural,Afternoon,Rain
4687,0.76,0,0.69,0,0,0,0.21,0.485430676,Urban,Morning,Clear
4688,0.92,0,0,0,0,0,0.610416667,0.466165012,Rural,Evening,Clear
4689,0.97,0,0.97,0,0,0.41,0.701666667,0.793254349,Urban,Afternoon,Fog
4690,0,0,0,0,0,0,0.587083333,0.164318497,Rural,Evening,Clear
4691,0.46,0,0.63,0.64,0,0,0.237916667,0.428060625,Rural,Afternoon,Rain
4692,0.49,0,0,0,0,0.75,0.445,0.354787064,Highway,Afternoon,Clear
4693,0.97,0,0,0,0,0,0.53375,0.47662504,Rural,Morning,Clear
4694,0.84,0,0,0,0.68,0,0.3625,0.494076209,Urban,Evening,Rain
4695,0.93,0,0.65,0.59,0,0,0.293333333,0.594513822,Rural,Afternoon,Clear
4696,0.52,0,0,0,0.7,0,0.625833333,0.459067136,Urban,Afternoon,Fog
4697,0,0,0,0,0,0,0.339166667,0.087202476,Highway,Evening,Clear
4698,0,0,0,0,0,0.7,0.255416667,0.132511474,Rural,Afternoon,Rain
4699,0,0,0,0,0,0,0.906666667,0.227132031,Highway,Night,Clear
4700,0.75,0,0.83,0,0,0,0.735833333,0.663357882,Highway,Evening,Clear
4701,0.82,0,0,0,0.84,0,0.86,0.636567403,Highway,Night,Rain
4702,0.81,0,0.76,0,0.45,0,0.561666667,0.678620984,Urban,Afternoon,Clear
4703,0,0,0.58,0,0,0,0.461666667,0.273881951,Highway,Evening,Clear
4704,0.64,0,0,0,0,0,0.486666667,0.301419575,Urban,Night,Clear
4705,0,0,0,0,0.8,0.92,0.31875,0.352385527,Urban,Evening,Clear
4706,0.41,0,0,0,0,0,0.302083333,0.188654072,Rural,Afternoon,Clear
4707,0.75,0,0.65,0,0,0,0.181666667,0.444871384,Highway,Evening,Rain
4708,0.55,0,0.53,0,0,0,0.724166667,0.518838723,Highway,Evening,Clear
4709,0.67,0,0,0,0,0,0.48875,0.329971182,Rural,Afternoon,Rain
4710,0.97,0,0,0,0,0,0.3275,0.39417227,Urban,Evening,Fog
4711,0,0,0.98,0,0,0,0.571666667,0.428861138,Highway,Morning,Clear
4712,0.64,0,0,0,0,0,0.5775,0.384566122,Urban,Morning,Clear
4713,0,0,0,0,0,0,0.344166667,0.107055182,Urban,Morning,Rain
4714,0,0,0.48,0,0,0,0.408333333,0.249973316,Highway,Morning,Clear
4715,0.9,0,0.62,0,0,0,0.594583333,0.577062653,Highway,Night,Rain
4716,0,0,0,0,0,0,0.713333333,0.18529192,Urban,Afternoon,Rain
4717,0,0,0.42,0.64,0,0,0.79,0.380403458,Highway,Night,Clear
4718,0.51,0,0.53,0,0.94,0,0.029166667,0.48873946,Highway,Morning,Clear
4719,0.8,0,0,0,0,0,0.329583333,0.35868289,Highway,Morning,Rain
4720,0,0,0,0,0,0,0.6025,0.150816523,Urban,Afternoon,Rain
4721,0,0,0,0,0,0,0.648333333,0.183370691,Urban,Evening,Rain
4722,0.99,0,0,0,0,0,0.254583333,0.377895186,Highway,Evening,Rain
4723,0.46,0,0.87,0,0,0.45,0.414166667,0.556622905,Highway,Morning,Rain
4724,0,0,0.52,0,0,0,0.770833333,0.354680329,Highway,Evening,Rain
4725,0.4,0,0,0.49,0.43,0,0.256666667,0.353292774,Highway,Morning,Rain
4726,0,0,0,0,0,0.81,0.888333333,0.343473156,Highway,Afternoon,Rain
4727,0.66,0,0.45,0,0,0,0.4625,0.433877682,Highway,Afternoon,Clear
4728,0.46,0,0,0,0,0,0.430416667,0.2445832,Highway,Afternoon,Rain
4729,0.85,0,0,0,0.48,0,0.994166667,0.618742662,Highway,Night,Clear
4730,0.95,0,0.68,0,0,0,0.591666667,0.607535489,Highway,Night,Clear
4731,0,0,0,0,0,0,0.390833333,0.121571139,Urban,Morning,Clear
4732,0,0,0,0.7,0,0,0.135,0.113352546,Rural,Evening,Clear
4733,0.66,0,0.41,0.88,0,0,0.573333333,0.570818657,Urban,Afternoon,Clear
4734,0.56,0,0,0,0,0,0.245,0.255523535,Urban,Morning,Clear
4735,0.66,0,0,0,0,0,0.084583333,0.237645426,Rural,Morning,Clear
4736,0,0,0,0,0,0,0.636666667,0.179741701,Highway,Evening,Rain
4737,0,0,0.45,0,0,0,0.167083333,0.14894866,Rural,Evening,Clear
4738,0,0,0,0.66,0,0,0.38875,0.187159782,Highway,Evening,Clear
4739,0.83,0,0,0,0,0,0.21875,0.333813641,Rural,Morning,Fog
4740,0,0,0.88,0,0,0,0.355416667,0.281086562,Urban,Night,Clear
4741,0.41,0,0,0,0,0,0.31375,0.192283061,Highway,Afternoon,Clear
4742,0.75,0,0,0,0,0,0.490833333,0.374533034,Highway,Evening,Clear
4743,0.77,0.79,0,0.69,0,0,0.845416667,0.543014196,Highway,Night,Clear
4744,0.78,0,0,0,0,0.81,0.512083333,0.4761981,Highway,Afternoon,Rain
4745,0,0,0,0,0,0,0.8825,0.237912264,Highway,Afternoon,Clear
4746,0,0,0,0.91,0,0,0.116666667,0.152844487,Rural,Morning,Rain
4747,0.55,0,0,0,0,0,0.517916667,0.300619063,Rural,Afternoon,Rain
4748,0.83,0,0.86,0,0,0,0.95625,0.728626321,Rural,Night,Clear
4749,0.45,0,0,0,0,0,0.794166667,0.372825275,Highway,Evening,Rain
4750,0.52,0,0.95,0,0,0,0.3225,0.473583093,Rural,Afternoon,Rain
4751,0.93,0,0,0,0.83,0,0.76875,0.659782261,Highway,Afternoon,Clear
4752,0.84,0,0,0,0,0,0.665833333,0.457786317,Highway,Evening,Clear
4753,0.41,0,0,0,0,0,0.3875,0.196926033,Highway,Night,Clear
4754,0,0,0,0,0,0.8,0.73375,0.294108229,Highway,Afternoon,Rain
4755,0.55,0,0,0.82,0,0.97,0.320833333,0.505176646,Rural,Morning,Rain
4756,0.53,0,0.91,0.69,0,0,0.434166667,0.571352332,Urban,Night,Clear
4757,0.56,0,0,0,0,0,0.722916667,0.349290212,Highway,Night,Clear
4758,0,0.76,0,0,0.66,0,0.735833333,0.337389262,Highway,Evening,Clear
4759,0.55,0,0.81,0,0,0.89,0.1925,0.557476785,Urban,Morning,Clear
4760,0.44,0,0.43,0,0,0.43,0.6375,0.467819404,Highway,Afternoon,Rain
4761,0,0,0,0,0,0,0.284583333,0.051926566,Highway,Afternoon,Clear
4762,0.68,0,0,0,0,0,0.4025,0.342939481,Urban,Morning,Clear
4763,0.84,0,0.87,0,0,0,0.795,0.702529619,Highway,Afternoon,Clear
4764,0.76,0,0,0,0.64,0,0.827083333,0.586989006,Urban,Afternoon,Clear
4765,0.8,0,0,0,0,0,0.795,0.46685879,Urban,Afternoon,Rain
4766,0.45,0,0,0,0,0,0.307916667,0.203276764,Urban,Afternoon,Rain
4767,0.97,0,0.91,0,0,0,0.587916667,0.689988259,Urban,Afternoon,Clear
4768,0.9,0,0,0.55,0.48,0.68,0.988333333,0.79047924,Highway,Night,Rain
4769,0.88,0,0.88,0,0,0,0.373333333,0.623332266,Rural,Morning,Clear
4770,0.89,0,0,0,0,0,0.277916667,0.353132672,Urban,Evening,Fog
4771,0.96,0,0,0.93,0,0,0.155416667,0.456558864,Rural,Evening,Clear
4772,0.73,0,0,0,0,0.64,0.084583333,0.342032234,Highway,Morning,Clear
4773,0,0,0.71,0,0,0.59,0.56,0.431636247,Urban,Morning,Clear
4774,0.52,0,0.54,0,0,0,0.827083333,0.52550966,Urban,Afternoon,Clear
4775,0.77,0,0,0,0,0,0.619166667,0.420856015,Highway,Evening,Rain
4776,0,0,0.91,0,0,0,0.046666667,0.247625147,Highway,Morning,Clear
4777,0.85,0,0,0,0,0,0.5425,0.44092219,Urban,Morning,Clear
4778,0,0,0.84,0,0,0,0.700833333,0.414878856,Rural,Evening,Clear
4779,0.84,0,0.99,0,0.7,0,0.335416667,0.761393959,Highway,Morning,Fog
4780,0,0,0.49,0,0,0,0.325416667,0.190148362,Urban,Afternoon,Clear
4781,0.71,0,0,0,0,0,0.35375,0.319084214,Urban,Evening,Clear
4782,0.44,0,0,0,0,0,0.402083333,0.211068417,Rural,Night,Clear
4783,0.62,0,0,0,0,0,0.365416667,0.293894759,Rural,Evening,Clear
4784,0.95,0,0.54,0,0,0,0.645416667,0.624986658,Highway,Evening,Clear
4785,0.75,0,0,0.75,0,0.67,0.455,0.563560679,Highway,Morning,Clear
4786,0.72,0,0,0,0.48,0,0.237916667,0.36017718,Highway,Afternoon,Fog
4787,0,0,0,0,0,0,0.4975,0.11815562,Highway,Afternoon,Rain
4788,0.56,0,0,0,0,0,0.85125,0.389209094,Highway,Night,Clear
4789,0.62,0,0,0,0,0,0.853333333,0.427366848,Urban,Afternoon,Rain
4790,0.94,0,0,0,0,0,0.514166667,0.44262995,Highway,Evening,Rain
4791,0,0,0,0,0,0.63,0.155416667,0.110737539,Highway,Evening,Fog
4792,0.8,0,0,0,0,0,0.865,0.488632725,Urban,Afternoon,Rain
4793,0.87,0,0,0,0,0,0.460416667,0.366901484,Urban,Night,Clear
4794,0.67,0,0,0,0,0,0.636666667,0.394279005,Highway,Evening,Clear
4795,0.78,0,0,0,0,0.66,0.345833333,0.405272708,Urban,Afternoon,Clear
4796,0.55,0,0.53,0,0,0.99,0.810416667,0.635873626,Highway,Night,Clear
4797,0,0,0,0,0,0.45,0.269166667,0.123065429,Highway,Evening,Clear
4798,0.82,0,0.88,0,0,0,0.39375,0.610470701,Highway,Morning,Clear
4799,0.66,0,0,0,0,0.95,0.290416667,0.386754189,Highway,Afternoon,Clear
4800,0,0,0.51,0.53,0,0,0.73,0.407300672,Urban,Evening,Clear
4801,0.67,0,0,0,0,0,0.639583333,0.395186253,Rural,Evening,Clear
4802,0,0,0.44,0.56,0,0.69,0.599583333,0.422723877,Urban,Afternoon,Clear
4803,0,0,0,0.88,0,0,0.792916667,0.304461522,Highway,Night,Rain
4804,0.79,0,1,0,0,0,0.477083333,0.620930729,Highway,Afternoon,Clear
4805,0.96,0,0.41,0,0,0,0.727083333,0.620290319,Highway,Evening,Rain
4806,0.44,0.82,0.9,0.43,0,0.77,0.579166667,0.668694631,Highway,Afternoon,Clear
4807,0.89,0,0,0,0,0,0.85625,0.514729427,Highway,Afternoon,Clear
4808,0.58,0,0,0,0,0,0.460833333,0.329063934,Highway,Morning,Fog
4809,0.67,0,0.62,0,0,0.9,0.233333333,0.561212509,Highway,Morning,Rain
4810,0.41,0,0,1,0,0,0.685416667,0.472569111,Highway,Morning,Clear
4811,0,0.62,0.9,0,0,0.62,0.35,0.41882805,Urban,Morning,Clear
4812,0.58,0,0,0,0,0.66,0.80375,0.483669549,Highway,Afternoon,Clear
4813,0,0,0,0,0,0,0.44875,0.084694204,Urban,Night,Rain
4814,0.7,0,0,0,0,0,0.072916667,0.246824634,Rural,Morning,Clear
4815,0.43,0,0,0,0,0,0.87375,0.372878642,Highway,Afternoon,Clear
4816,0.69,0,0.73,0,0.69,0,0.329583333,0.643024869,Urban,Morning,Clear
4817,0.96,0,0.94,0,0,0,0.652083333,0.714430569,Rural,Afternoon,Clear
4818,0.46,0,0,0,0,0,0.457916667,0.289732095,Urban,Morning,Fog
4819,0.86,0,0,0,0,0,0.862083333,0.506937774,Rural,Afternoon,Clear
4820,0.65,0,0.96,0,0,0,0.424583333,0.549525029,Urban,Afternoon,Clear
4821,0.79,0,0,0,0,0,0.552083333,0.406393425,Highway,Evening,Rain
4822,0.56,0,0,0,0,0,0.212916667,0.245543815,Urban,Morning,Rain
4823,0.5,0,0.41,0,0,0,0.319583333,0.327943217,Highway,Afternoon,Clear
4824,0.5,0,0.45,0,0,0,0.452083333,0.415999573,Urban,Morning,Clear
4825,0.44,0,0.55,0,0,0,0.550833333,0.398228199,Urban,Night,Clear
4826,0.51,0,0,0,0,0,0.692916667,0.342245704,Rural,Afternoon,Clear
4827,0.8,0,0,0,0,0,0.420833333,0.368769346,Urban,Evening,Rain
4828,0,0,0,0,0,0.65,0.367083333,0.142544562,Urban,Night,Clear
4829,0,0,0,0,0,0.62,0.675416667,0.252908528,Highway,Afternoon,Clear
4830,0.93,0,0.8,0,0,0,0.434166667,0.58287971,Rural,Night,Fog
4831,0.89,0,0,0,0,0.96,0.700833333,0.607642224,Highway,Evening,Clear
4832,0.81,0,0,0.48,0.86,0,0.9125,0.715017611,Urban,Night,Rain
4833,0,0,0,0,0,0.9,0.918333333,0.346034796,Highway,Night,Clear
4834,0,0,0,0,0.55,0,0.606666667,0.294375067,Urban,Morning,Clear
4835,0,0,0,0,0,0,0.30125,0.075408261,Highway,Evening,Rain
4836,0.47,0,0,0,0,0.47,0.319583333,0.273508379,Urban,Afternoon,Clear
4837,0.57,0,0,0,0.69,0,0.443333333,0.452983243,Urban,Morning,Clear
4838,0.59,0,0,0,0,0.46,0.89125,0.488472622,Highway,Afternoon,Rain
4839,0.55,0,0,0,0,0,0.029166667,0.185185185,Highway,Morning,Clear
4840,0.71,0,0.93,0,1,0,0.359583333,0.751254136,Highway,Evening,Clear
4841,0,0,0.68,0,0.81,0,0.27,0.377201409,Highway,Afternoon,Clear
4842,0.72,0,0,0.88,0,0,0.417083333,0.472996051,Highway,Morning,Fog
4843,0.61,0,0.76,0,0,0.66,0.565416667,0.595527804,Highway,Night,Rain
4844,0.61,0,0,0,0,0,0.125416667,0.234336642,Urban,Morning,Clear
4845,0.9,0,0,0,0.9,0,0.365416667,0.556462803,Highway,Evening,Rain
4846,0.87,0,0,0,0,0,0.54625,0.430195325,Highway,Evening,Clear
4847,0.58,0,0,0,0,0.46,0.2625,0.326288825,Rural,Morning,Rain
4848,0,0,0.51,0.64,0,0,0.715416667,0.416853453,Highway,Evening,Clear
4849,0.95,0,0,0,0,0,0.479166667,0.434945031,Rural,Evening,Rain
4850,0.97,0,0,0,0.65,0,0.753333333,0.6515103,Highway,Evening,Clear
4851,0.6,0,0,0,0,0,0.795833333,0.384779592,Rural,Night,Rain
4852,0.61,0,0,0,0,0.77,0.769583333,0.478439535,Highway,Night,Clear
4853,0,0,0,0.7,0,0.49,0.407083333,0.2424485,Highway,Afternoon,Rain
4854,0.7,0,0,0,0.86,0,0.293333333,0.444017505,Urban,Afternoon,Clear
4855,0.96,0,0,0.93,0,0,0.274166667,0.511794215,Highway,Morning,Clear
4856,0,0,0,0,0,0,0.71625,0.186199167,Rural,Afternoon,Clear
4857,0,0,0,0,0,0,0.560833333,0.156153271,Urban,Evening,Clear
4858,0.93,0.89,0,0,0.42,0.71,0.603333333,0.602198741,Urban,Night,Clear
4859,0,0,0,0,0,0,0.69125,0.215017611,Highway,Morning,Fog
4860,0.46,0,0.88,0,0,0,0.732916667,0.582399402,Urban,Evening,Clear
4861,0.64,0,0.98,0,0,0.4,0.28875,0.597022094,Highway,Morning,Clear
4862,0,0,0,0,0,0,0.585833333,0.127334828,Highway,Night,Rain
4863,0.73,0,0,0.65,0,0.59,0.9125,0.621517771,Highway,Night,Clear
4864,0,0,0.56,0,0,0,0.28,0.23054755,Highway,Morning,Clear
4865,0,0,0.7,0,0,0.81,0.18375,0.340217739,Rural,Morning,Rain
4866,0.7,0,0,0,0,0,0.769583333,0.40863486,Urban,Night,Rain
4867,0.52,0,0.45,0,0,0,0.809583333,0.497011421,Highway,Afternoon,Clear
4868,0.92,0,0.74,0,0,0,0.54125,0.615914185,Urban,Afternoon,Clear
4869,0.81,0,0,0.72,0,0,0.60625,0.485270573,Urban,Night,Rain
4870,0,0,0.7,0,0,0,0.97375,0.427313481,Highway,Night,Clear
4871,0.9,0,0,0,0,0,0.307916667,0.347368983,Highway,Afternoon,Rain
4872,0.92,0,0,0,0,0,0.360416667,0.370103533,Highway,Afternoon,Clear
4873,0.85,0,0,0,0.47,0.69,0.76375,0.633525456,Urban,Night,Rain
4874,0,0,0,0,0,0,0.594583333,0.13005657,Highway,Night,Clear
4875,0.66,0,0,0,0,0,0.675416667,0.38483296,Highway,Afternoon,Clear
4876,0.77,0,0,0,0.52,0,0.617083333,0.501814495,Highway,Afternoon,Clear
4877,0.5,0,0.49,0.43,0,0,0.918333333,0.571459067,Highway,Night,Clear
4878,0.8,0,0.67,0,0.64,0,0.207083333,0.61516704,Highway,Morning,Rain
4879,0.51,0,0,0,0,0,0.561666667,0.301419575,Highway,Afternoon,Clear
4880,0,0,0,0.4,0.91,0,0.492916667,0.379389476,Urban,Morning,Clear
4881,0.82,0,0.6,0,0,0,0.504583333,0.573220194,Highway,Morning,Fog
4882,0,0,0,0.55,0,0,0.434583333,0.205624933,Urban,Morning,Rain
4883,0,0,0.71,0.81,0,0,0.579166667,0.429181343,Rural,Afternoon,Fog
4884,0,0,0,0,0.61,0,0.587083333,0.281513502,Highway,Evening,Clear
4885,0,0,0.75,0,0,0,0.862916667,0.40564628,Highway,Night,Clear
4886,0.54,0,0.41,0,0.79,0,0.105,0.462375921,Rural,Morning,Clear
4887,0,0,0,0,0,0,0.4025,0.125200128,Urban,Morning,Clear
4888,0,0,0,0.47,0,0,0.21375,0.108389369,Urban,Evening,Clear
4889,0.47,0.52,0.86,0,0,0,0.368333333,0.46707226,Rural,Evening,Clear
4890,0.5,0,0,0,0,0,0.735833333,0.370690575,Highway,Evening,Clear
4891,0,0,0.83,0,0,0,0.359583333,0.306169282,Highway,Evening,Rain
4892,0.4,0,0,0,0,0.99,0.600416667,0.386754189,Highway,Night,Clear
4893,0.83,0,0.62,0,0,0,0.230416667,0.496264276,Urban,Morning,Clear
4894,0.84,0,0,0,0,0,0.515,0.392571246,Highway,Afternoon,Clear
4895,0.71,0,0,0,0,0,0.224583333,0.297203544,Urban,Morning,Clear
4896,0,0,0,0,0,0,0.37,0.060198527,Urban,Night,Clear
4897,0.5,0,0.43,0,0,0.92,0.533333333,0.499092753,Rural,Night,Clear
4898,0.45,0,0,0,0.83,0.62,0.149583333,0.411196499,Urban,Evening,Clear
4899,0,0,0,0,0,0,0.51,0.103746398,Urban,Night,Clear
4900,0.41,0,0,0,0,0,0.16125,0.163144412,Urban,Evening,Clear
4901,0.5,0,0,0.47,0,0,0.682083333,0.377574981,Highway,Night,Rain
4902,0.93,0,0.85,0,0,0,0.49375,0.650816523,Highway,Evening,Clear
4903,0.54,0,0.97,0,0,0,0.219583333,0.471395026,Urban,Evening,Clear
4904,0.61,0,0,0,0,0,0.369166667,0.273561746,Highway,Afternoon,Clear
4905,0.46,0,0.54,0,0,0,0.625,0.461735511,Urban,Evening,Fog
4906,0.53,0,0,0,0,0,0.67375,0.379282741,Urban,Morning,Fog
4907,0.71,0,0.59,0,0.75,0,0.824166667,0.742341765,Rural,Afternoon,Clear
4908,0.76,0,0,0,0.61,0,0.180833333,0.416800085,Urban,Morning,Clear
4909,0.55,0,0.51,0,0,0.43,0.76,0.561639449,Urban,Afternoon,Clear
4910,0.43,0,0,0,0,0,0.766666667,0.321272281,Urban,Night,Clear
4911,0.63,0,0,0,0.75,0,0.815416667,0.562866901,Highway,Afternoon,Rain
4912,0.54,0,0,0,0,0.91,0.382916667,0.390276444,Highway,Evening,Fog
4913,0.53,0,0,0,0,0,0.1575,0.218699968,Highway,Morning,Clear
4914,0,0,0,0,0,0.95,0.4725,0.268651937,Urban,Morning,Rain
4915,0,0,0,0.65,0,0,0.361666667,0.195751948,Urban,Morning,Rain
4916,0.98,0,0,0,0,0,0.76375,0.496477746,Urban,Night,Rain
4917,0,0,0,0,0,0.89,0.204166667,0.177500267,Urban,Morning,Clear
4918,0.77,0,0,0,0,0.48,0.195416667,0.368822713,Rural,Morning,Clear
4919,0,0,0,0,0,0,0.587083333,0.164318497,Highway,Evening,Clear
4920,0,0,0,0,0,1,0.167083333,0.161756858,Highway,Evening,Clear
4921,0,0,0,0.79,0,0.56,0.277083333,0.259099157,Highway,Morning,Clear
4922,0,0,0,0,0.61,0,0.415833333,0.2099477,Urban,Afternoon,Clear
4923,0,0,0,0,0,0,0.713333333,0.18529192,Urban,Afternoon,Rain
4924,0.73,0,0,0,0.45,0,0.625833333,0.478279432,Highway,Afternoon,Rain
4925,0,0,0,0,0,0,0.382916667,0.100811186,Urban,Evening,Clear
4926,0.65,0,0,0,0,0.83,0.340833333,0.365567296,Highway,Night,Clear
4927,0.66,0,0,0,0,0.94,0.404166667,0.420856015,Urban,Afternoon,Clear
4928,0,0,0.75,0,0,0,0.697083333,0.408955065,Urban,Morning,Clear
4929,0.72,0,0.49,0,0,0,0.37125,0.45325008,Urban,Evening,Rain
4930,0.82,0,0,0.83,0,0,0.3875,0.434518092,Rural,Night,Rain
4931,0.82,0,0.61,0,0,0.54,0.717083333,0.656153271,Highway,Night,Clear
4932,0.5,0,0.82,0,0,0,0.515,0.493756004,Highway,Afternoon,Clear
4933,0.7,0,0,0,0,0,0.600416667,0.356014516,Urban,Night,Clear
4934,0.65,0,0.74,0,0,0.94,0.28,0.60518732,Highway,Morning,Rain
4935,0.92,0,0,0.51,1,0,0.282916667,0.64003629,Urban,Morning,Clear
4936,0.78,0,0.63,0,0,0,0.6075,0.58181236,Highway,Evening,Clear
4937,0.72,0,0,0,0,0.59,0.566666667,0.46408368,Highway,Evening,Rain
4938,0,0,0.65,0,0,0,0.17,0.201088697,Rural,Evening,Clear
4939,0.47,0,0,0,0,0,0.7825,0.375600384,Urban,Evening,Clear
4940,0.76,0,0,0,0.48,0,0.739583333,0.529031914,Rural,Afternoon,Clear
4941,0.47,0,0,0,0,0,0.647083333,0.296883339,Urban,Night,Rain
4942,0.6,0,0.74,0,0,0.99,0.4275,0.604867115,Rural,Afternoon,Clear
4943,0.49,0,0.4,0.45,0,0,0.66,0.504002562,Urban,Evening,Rain
4944,0.82,0,0,0,0,0,0.4225,0.339097022,Rural,Night,Clear
4945,0.52,0,0.45,0,0,0.57,0.512083333,0.47747892,Rural,Afternoon,Clear
4946,0,0,0,0,0,0,0.522083333,0.162397268,Highway,Morning,Clear
4947,0.64,0,0,0,0,0,0.245833333,0.263101718,Urban,Evening,Rain
4948,0.94,0,0,0,0,0,0.752083333,0.480040559,Highway,Night,Fog
4949,0.52,0,0.93,0.96,0,0.97,0.80375,0.865353826,Highway,Afternoon,Clear
4950,0,0,0.45,0.56,0,0.43,0.804583333,0.437453303,Urban,Night,Rain
4951,0.7,0,0.82,0,0,0,0.084583333,0.460508058,Highway,Morning,Clear
4952,0.65,0,0,0,0,0,0.345,0.297150176,Highway,Evening,Clear
4953,0.41,0,0,0,0,0,0.71125,0.297630484,Highway,Night,Clear
4954,0.88,0,0,0,0,0,0.740416667,0.457199274,Highway,Night,Rain
4955,0.44,0,0.95,0,0,0,0.510416667,0.543014196,Rural,Morning,Clear
4956,0.68,0,0,0,0,0.83,0.673333333,0.478599637,Highway,Night,Clear
4957,0.74,0,0,0,0.44,0.72,0.24,0.470060839,Highway,Evening,Fog
4958,0,0,0.56,0,0,0,0.976666667,0.392357776,Rural,Night,Clear
4959,0,0.68,0,0,0.93,0,0.228333333,0.23140143,Urban,Evening,Clear
4960,0.78,0,0.62,0,0.58,0,0.430416667,0.61730174,Urban,Afternoon,Clear
4961,0.81,0,0.74,0,0,0.69,0.438333333,0.655352759,Urban,Evening,Clear
4962,0,0,0.93,0,0,0,0.23125,0.291866795,Highway,Evening,Clear
4963,0.55,0,0,0,0,0,0.797916667,0.387714804,Urban,Afternoon,Rain
4964,0.41,0,0.97,0,0,0.53,0.487916667,0.581118583,Highway,Evening,Rain
4965,0,0,0.84,0,0,0,0.924166667,0.447753229,Rural,Night,Clear
4966,0.83,0,0,0.91,0,0.82,0.555,0.641690682,Highway,Evening,Fog
4967,0.72,0,0.45,0,0,0,0.55875,0.483029139,Highway,Afternoon,Rain
4968,0.9,0,0.8,0,0,0,0.342083333,0.581225318,Highway,Evening,Fog
4969,0,0,0,0,0,0.51,0.612083333,0.200821859,Highway,Night,Clear
4970,0.89,0,0.65,0.92,0.79,0,0.594583333,0.851158075,Urban,Night,Clear
4971,0,0,0.68,0,0,0.73,0.198333333,0.329384139,Highway,Morning,Clear
4972,0.91,0,0.43,0,0.6,0,0.8475,0.743836055,Highway,Afternoon,Rain
4973,0.69,0,0,0,0,0,0.76,0.42074928,Highway,Afternoon,Clear
4974,0.6,0,0,0.86,0,0,0.76,0.502081332,Rural,Afternoon,Rain
4975,0,0,0.51,0,0,0,0.455,0.272174191,Highway,Morning,Rain
4976,0.87,0,0,0,0,0.55,0.315,0.447006084,Urban,Morning,Clear
4977,0.67,0,0,0,0,0.97,0.770833333,0.560251895,Rural,Evening,Clear
4978,0.51,0,0.87,0,0,0,0.800833333,0.598676486,Highway,Afternoon,Fog
4979,0.91,0,0,0,0,0,0.579166667,0.434945031,Highway,Afternoon,Clear
4980,0.93,0,0.67,0,0,0,0.679583333,0.680809051,Urban,Morning,Clear
4981,0,0,0,0,0,0,0.643333333,0.163517985,Highway,Afternoon,Rain
4982,0,0,0,0,0,0,0.944583333,0.238926246,Urban,Night,Fog
4983,0.68,0,0,0,0,0,0.525833333,0.363005657,Highway,Evening,Rain
4984,0.45,0,0.58,0,0,0,0.731666667,0.4653645,Urban,Night,Clear
4985,0.63,0,0,0,0,0,0.367083333,0.261020386,Rural,Night,Rain
4986,0.88,0,0,0.5,0,0,0.609166667,0.480414132,Urban,Night,Clear
4987,0.94,0,0.63,0,0,0,0.242083333,0.537677447,Rural,Morning,Clear
4988,0.52,0,0,0.89,0,0.42,0.522916667,0.478653005,Highway,Evening,Clear
4989,0.44,0,0,0,0,0,0.51625,0.301472943,Urban,Morning,Clear
4990,0.93,0,0,0,0,0.52,0.66375,0.534261928,Urban,Afternoon,Clear
4991,0.63,0,0,0,0,0,0.13125,0.242555235,Urban,Morning,Clear
4992,0.73,0,0,0,0,0,0.30125,0.309157861,Rural,Evening,Clear
4993,0.98,0,0,0.86,0,0,0.449166667,0.563667414,Urban,Morning,Clear
4994,0,0,0.91,0,0,0.55,0.473333333,0.432490127,Urban,Evening,Clear
4995,0.44,0,0.85,0,0,0.65,0.347083333,0.549845234,Highway,Morning,Fog
4996,0.79,0,0.56,0,0,0,0.499583333,0.533514783,Rural,Evening,Rain
4997,0.44,0.88,0,0,0,0.54,0.687083333,0.387181129,Highway,Afternoon,Clear
4998,0.63,0,0.47,0,0,0.69,0.040833333,0.423204184,Highway,Morning,Rain
4999,0.88,0,0.55,0,0,0,0.393333333,0.490127015,Urban,Night,Rain
5000,0.66,0,0,0,0,0.92,0.363333333,0.405592913,Highway,Afternoon,Rain
5001,0,0,0.95,0.76,0,0,0.818333333,0.55865087,Urban,Afternoon,Rain
5002,1,0,0,0,0,0.83,0.049583333,0.441936172,Urban,Morning,Rain
5003,0.74,0,0,0,0,0,0.679583333,0.448340271,Highway,Morning,Clear
5004,0.59,0,0,0.6,0,0,0.867916667,0.49914612,Urban,Afternoon,Fog
5005,0.53,0,0,0,0,0,0.119583333,0.206905753,Rural,Morning,Clear
5006,0,0,0,0,0,0,0.53375,0.166026257,Urban,Morning,Clear
5007,0.61,0,0,0,0,0.75,0.21375,0.339577329,Urban,Evening,Rain
5008,0,0,0,0,0,0,0.412916667,0.091845448,Highway,Afternoon,Clear
5009,0,0,0,0.56,0.63,0.45,0.346666667,0.303340805,Highway,Night,Clear
5010,0.62,0,0,0,0,0,0.927083333,0.43200982,Urban,Night,Clear
5011,0.44,0,0,0.47,0,0,0.335416667,0.305422137,Urban,Morning,Clear
5012,0,0,0,0,0,0.82,0.51125,0.245757285,Urban,Evening,Clear
5013,0.62,0,0,0,0,0,0.824166667,0.418294375,Highway,Afternoon,Fog
5014,0.68,0,0.75,0,0,0.5,0.338333333,0.579143985,Highway,Morning,Fog
5015,0,0,0,0,0,0,0.146666667,0.027324154,Highway,Evening,Rain
5016,0.83,0,0.72,0.71,0,0,0.246666667,0.581278685,Urban,Afternoon,Clear
5017,0,0,0,0,0,0.87,0.509166667,0.233215925,Urban,Afternoon,Rain
5018,0.79,0,0.76,0,0,0,0.468333333,0.55672964,Rural,Afternoon,Clear
5019,0.83,0,0,0,0,0,0.635833333,0.463550005,Highway,Morning,Clear
5020,0.41,0,0,0.75,0,0.55,0.52,0.441242395,Urban,Evening,Rain
5021,0.53,0,0,0,0,0,0.445,0.271533782,Rural,Afternoon,Clear
5022,0.8,0,0,0,0,0,0.37,0.316362472,Highway,Night,Rain
5023,0.69,0,0,0,0,0,0.79125,0.448767211,Highway,Evening,Fog
5024,0.4,0.51,0.62,0.62,0,0.65,0.79,0.640409862,Rural,Night,Clear
5025,0.88,0,0,0,0,0,0.924166667,0.514355854,Highway,Night,Clear
5026,0.86,0,0.88,0,0,0,0.326666667,0.60241221,Highway,Morning,Clear
5027,0.73,0,0.71,0,0,0,0.85125,0.625520333,Highway,Night,Clear
5028,0.44,0,0,0,0,0,0.75125,0.337976305,Highway,Afternoon,Rain
5029,0.86,0,0,0.69,0,0,0.888333333,0.60347956,Rural,Afternoon,Clear
5030,0,0,0,0,0,0,0.671666667,0.190628669,Urban,Evening,Clear
5031,0.75,0,0,0,0,0.61,0.58125,0.480787704,Highway,Evening,Rain
5032,0.87,0,0.47,0,0,0.92,0.988333333,0.769345715,Urban,Night,Clear
5033,0,0,0,0,0,0,0.42,0.130643612,Urban,Morning,Clear
5034,0.85,0,0,0,0,0.48,0.2225,0.384566122,Highway,Evening,Clear
5035,0.88,0,0,0,0,0,0.525833333,0.427046643,Rural,Evening,Rain
5036,0.71,0,0,0,0,0.74,0.421666667,0.41669335,Urban,Afternoon,Clear
5037,0.48,0,0.48,0,0,0.49,0.329583333,0.441936172,Rural,Morning,Clear
5038,0,0,0,0.62,0,0,0.454583333,0.165919522,Highway,Night,Clear
5039,0.8,0.47,0,0,0,0,0.592083333,0.440335148,Rural,Morning,Clear
5040,0.77,0,0,0,0,0.82,0.263333333,0.415199061,Urban,Evening,Rain
5041,0,0,0,0,0,0,0.52,0.143451809,Highway,Evening,Rain
5042,0.85,0,0,0,0,0,0.487916667,0.40564628,Urban,Evening,Clear
5043,0,0,0,0,0,0,0.358333333,0.056569538,Highway,Night,Clear
5044,0.5,0,0,0,0.56,0,0.425416667,0.345127548,Highway,Night,Clear
5045,0.52,0,0,0,0,0,0.447916667,0.26923898,Rural,Afternoon,Clear
5046,0.93,0,0,0,0,0.94,0.753333333,0.634219234,Highway,Evening,Clear
5047,0,0,0,0,0,0,0.346666667,0.052940549,Urban,Night,Clear
5048,0,0,0,0.78,0.61,0,0.500416667,0.33616181,Rural,Afternoon,Clear
5049,0.85,0,0,0,0,0,0.426666667,0.386594087,Highway,Evening,Clear
5050,0,0,0.72,0,0,0,0.618333333,0.376774469,Urban,Morning,Rain
5051,0.94,0,0,0,0,0,0.6025,0.451809158,Rural,Afternoon,Clear
5052,0.86,0,0,0,0.65,0.66,0.765833333,0.686412637,Urban,Afternoon,Rain
5053,0.76,0,0.96,0,0,0,0.391666667,0.592806063,Urban,Evening,Clear
5054,0,0,0.59,0,0,0,0.412916667,0.242982175,Highway,Afternoon,Clear
5055,0.79,0,0.92,0,0,0,0.670416667,0.642277724,Urban,Night,Clear
5056,0,0.93,0.86,0,0.83,0,0.347916667,0.469687267,Highway,Evening,Clear
5057,0,0,0.55,0.94,0,0,0.657083333,0.447379656,Highway,Evening,Rain
5058,0.93,0,0.42,0,0,0,0.804583333,0.600757818,Highway,Night,Rain
5059,0.75,0,0,0,0,0,0.701666667,0.421816629,Highway,Afternoon,Clear
5060,0,0,0,0.5,0.71,0,0.3225,0.264169068,Highway,Afternoon,Clear
5061,0.78,0,0.46,0,0,0.69,0.635833333,0.653751734,Urban,Morning,Rain
5062,0,0,0.84,0,0,0,0.440416667,0.352172057,Highway,Morning,Clear
5063,0.49,0,0,0,0,0,0.988333333,0.409435372,Highway,Night,Clear
5064,0.68,0,0.52,0,0.97,0,0.14375,0.563720781,Rural,Evening,Clear
5065,0,0,0,0,0,0,0.464583333,0.12621411,Rural,Evening,Rain
5066,0.83,0,0,0,0.43,0,0.59375,0.496477746,Urban,Afternoon,Rain
5067,0,0,0,0,0,0.96,0.169166667,0.175579037,Urban,Morning,Clear
5068,0.56,0,0,0.63,0,0,0.475416667,0.407887715,Rural,Morning,Clear
5069,0.52,0,0.62,0,0,0,0.86,0.537944284,Highway,Night,Fog
5070,0,0,0,0,0,0,0.56375,0.157060519,Rural,Evening,Rain
5071,0.59,0,0.7,0,0,0,0.075833333,0.391824101,Highway,Morning,Clear
5072,0.54,0,0,0.48,0,0.71,0.870833333,0.559611485,Highway,Afternoon,Fog
5073,0,0,0.84,0,0,0.69,0.443333333,0.441455865,Highway,Morning,Clear
5074,0.53,0,0.47,0,0.7,0,0.360416667,0.500106735,Urban,Afternoon,Clear
5075,0.65,0,0.64,0,0,0.75,0.455833333,0.591631978,Urban,Evening,Rain
5076,0.94,0,0.69,0.77,0,0,0.2875,0.62920269,Highway,Afternoon,Clear
5077,0.7,0,0,0,0,0,0.830833333,0.427687053,Urban,Night,Rain
5078,0.51,0,0,0,0,0,0.60375,0.351104707,Highway,Morning,Clear
5079,0.45,0,0.72,0,0,0,0.425833333,0.460988366,Urban,Morning,Clear
5080,0,0,0,0.84,0,0.81,0.44,0.293307717,Urban,Night,Clear
5081,0.82,0,0,0,0,0,0.792916667,0.45431743,Rural,Night,Clear
5082,0,0.61,0,0,0,0,0.8,0.23054755,Highway,Evening,Clear
5083,0.63,0,0,0.96,0.75,0.46,0.6025,0.678514249,Urban,Afternoon,Rain
5084,0.89,0,0.89,0,0.95,0.89,0.452916667,0.932063187,Urban,Evening,Clear
5085,0.8,0,0,0,0,0,0.457916667,0.398601772,Highway,Morning,Rain
5086,0,0,0,0,0,0,0.228333333,0.052727079,Urban,Evening,Fog
5087,0,0,0,0,0,0,0.3925,0.085494717,Highway,Afternoon,Clear
5088,0.88,0,0,0,0.43,0,0.595,0.549471662,Highway,Morning,Clear
5089,0,0,0.5,0,0,0.66,0.6425,0.39417227,Urban,Evening,Clear
5090,0,0,0.88,0,0,0,0.594583333,0.355480841,Highway,Night,Clear
5091,0.56,0,0.82,0,0,0,0.27125,0.473743196,Highway,Morning,Clear
5092,0,0,0.73,0,0,0,0.62375,0.326128722,Highway,Night,Clear
5093,0.82,0,0,0,0,0,0.405416667,0.388675419,Highway,Morning,Rain
5094,0,0,0,0,0,0,0.5725,0.159782261,Highway,Evening,Rain
5095,0.56,0,0,0.57,0,0,0.795833333,0.444978119,Highway,Night,Clear
5096,0.96,0,0,0.97,0,0.44,0.655,0.655139289,Urban,Afternoon,Fog
5097,0.78,0,0,0,0,0,0.4575,0.337175793,Urban,Night,Clear
5098,0.59,0,0.82,0,0,0,0.79,0.589817483,Urban,Night,Fog
5099,0,0,0,0,0,0,0.470416667,0.128028605,Highway,Evening,Fog
5100,0,0,0,0,0,0.87,0.38875,0.214056996,Rural,Evening,Clear
5101,0.56,0,0,0,0,0,0.965,0.424591739,Rural,Night,Rain
5102,0.51,0,0,0,0,0,0.71625,0.349503682,Urban,Afternoon,Fog
5103,0,0,0.65,0,0,0,0.683333333,0.360764222,Rural,Evening,Clear
5104,0.82,0,0,0,0.74,0,0.555,0.55907781,Highway,Evening,Clear
5105,0.53,0,0.48,0,0,0.63,0.33625,0.459654179,Rural,Evening,Clear
5106,0.76,0.81,0,0,0,0,0.199166667,0.287010353,Highway,Evening,Clear
5107,0.56,0,0,0,0,0,0.249583333,0.22035436,Urban,Afternoon,Rain
5108,0.8,0,0,0,0,0.46,0.585833333,0.44241648,Rural,Night,Rain
5109,0.89,0,0,0,0.91,0,0.72125,0.665866154,Rural,Evening,Clear
5110,0,0,0.8,0,0,0,0.687083333,0.38205785,Urban,Afternoon,Fog
5111,0.87,0,0,0,0,0,0.169166667,0.331198634,Urban,Morning,Clear
5112,0,0,0,0,0,0,0.744583333,0.213309852,Urban,Evening,Clear
5113,0,0,0,0,0.55,0,0.41125,0.233589497,Urban,Morning,Clear
5114,0,0,0.71,0,0,0,0.549166667,0.334400683,Highway,Evening,Clear
5115,0.86,0,0,0.44,0,0.78,0.23625,0.505123279,Highway,Morning,Fog
5116,0,0,0,0.76,0,0,0.5625,0.217419148,Highway,Night,Clear
5117,0,0,0,0,0,0.93,0.779583333,0.343313054,Rural,Evening,Rain
5118,0.51,0,0,0,0,0.93,0.850416667,0.510353293,Urban,Afternoon,Rain
5119,0.45,0,0.78,0,0,0,0.665833333,0.53271427,Rural,Evening,Clear
5120,0,0.42,0.6,0,0,0,0.8475,0.380723663,Urban,Afternoon,Clear
5121,0.82,0,0,0.43,0,0,0.422916667,0.449194151,Highway,Morning,Fog
5122,0.62,0,0,0,0,0,0.748333333,0.394705945,Highway,Afternoon,Fog
5123,0,0,0.94,0,0,0.97,0.245833333,0.423204184,Urban,Evening,Clear
5124,0.66,0,0.75,0,0,0,0.404166667,0.492581919,Urban,Afternoon,Clear
5125,0,0.81,0,0,0.93,0.92,0.9825,0.547230227,Urban,Night,Clear
5126,0,0.59,0.45,0,0.41,0,0.515,0.317643292,Highway,Afternoon,Clear
5127,0,0,0,0,0,0,0.79125,0.227825809,Rural,Evening,Clear
5128,0.42,0,0.67,0,0,0,0.806666667,0.520439748,Highway,Afternoon,Rain
5129,0,0,0,0,0,0,0.994166667,0.25434945,Urban,Night,Rain
5130,0.56,0.43,0,0,0,0,0.355416667,0.234977052,Urban,Night,Clear
5131,0.42,0,0,0,0,0,0.564583333,0.273508379,Rural,Afternoon,Rain
5132,0.93,0,0,0,0,0,0.510416667,0.456558864,Highway,Morning,Clear
5133,0.55,0,0,0,0,0.4,0.660833333,0.39630697,Highway,Afternoon,Clear
5134,0,0,0,0,0,0.63,0.399166667,0.149962643,Highway,Night,Rain
5135,0,0,0,0,0,0,0.48875,0.115433878,Urban,Afternoon,Clear
5136,0,0,0,0,0,0,0.699583333,0.162717473,Rural,Night,Clear
5137,0.73,0,0.85,0,0,0,0.932916667,0.68678621,Urban,Night,Rain
5138,0.42,0,0,0.94,0,0,0.285833333,0.343793361,Highway,Morning,Clear
5139,0,0,0.88,0.72,0,0,0.540416667,0.467445832,Highway,Evening,Clear
5140,0.8,0,0,0,0,0,0.442916667,0.339043655,Urban,Night,Clear
5141,0,0,0,0,0,0,0.880416667,0.218966805,Urban,Night,Rain
5142,0.59,0,0,0,0,0,0.387916667,0.309584801,Rural,Morning,Rain
5143,0,0,0,0,0,0,0.099166667,0.030846408,Highway,Morning,Clear
5144,0.94,0.77,0,0,0,0.89,0.249583333,0.456025189,Rural,Afternoon,Rain
5145,0,0,0,0.8,0,0,0.748333333,0.298644466,Highway,Afternoon,Clear
5146,0.93,0,0,0,0,0,0.631666667,0.457679582,Urban,Afternoon,Clear
5147,0.6,0,0.7,0,0,0.62,0.600416667,0.582719607,Urban,Night,Clear
5148,0.94,0,0,0,0,0.76,0.552916667,0.533728253,Urban,Afternoon,Clear
5149,1,0,0.94,0,0,0.76,0.426666667,0.772761234,Highway,Evening,Clear
5150,0.9,0.54,0.56,0,0,0,0.683333333,0.625893905,Highway,Evening,Clear
5151,0.91,0,0,0,0,0.62,0.160416667,0.420695912,Highway,Morning,Rain
5152,0,0,0,0.9,0,0,0.250833333,0.193297043,Urban,Morning,Clear
5153,0.55,0,0.65,0,0,0,0.245833333,0.400789839,Urban,Evening,Clear
5154,0,0,0,0,0,0.94,0.557083333,0.293681289,Highway,Morning,Clear
5155,0,0,0,0,0,0,0.379166667,0.11794215,Highway,Morning,Rain
5156,0.75,0,0,0,0,0,0.58875,0.368395773,Highway,Night,Fog
5157,0.44,0,0.94,0,0,0,0.859166667,0.612338563,Highway,Afternoon,Clear
5158,0.46,0,0,0,0,0.7,0.293333333,0.291599957,Highway,Afternoon,Clear
5159,0,0,0,0,0,0,0.687916667,0.159088483,Highway,Night,Rain
5160,1,0,0,0.49,0,0,0.818333333,0.600917921,Urban,Afternoon,Fog
5161,0.6,0,0.94,0,0,0,0.072916667,0.45559825,Highway,Morning,Fog
5162,0.85,0,0.81,0,0,0,0.552916667,0.615060305,Highway,Afternoon,Rain
5163,0.88,0,0,0.42,0,0,0.815416667,0.552620344,Urban,Afternoon,Clear
5164,0.91,0,0,0,0,0,0.801666667,0.485857616,Rural,Night,Clear
5165,1,0,0,0,0,0,0.53625,0.432116555,Urban,Night,Clear
5166,0.54,0,0.92,0,0,0,0.315,0.506564201,Urban,Morning,Clear
5167,0.42,0,0,0,0,0,0.789166667,0.343366421,Highway,Afternoon,Fog
5168,0.65,0.63,0,0,0,0,0.612083333,0.343633259,Urban,Night,Clear
5169,0,0,0,0,0.84,0,0.224583333,0.231241328,Highway,Morning,Clear
5170,0,0,0,0,0,0,0.0525,0.016330451,Urban,Morning,Rain
5171,0.48,0,0,0,0.96,0,0.78625,0.54610951,Rural,Afternoon,Clear
5172,0.41,0,0,0,0,0,0.393333333,0.198740527,Urban,Night,Rain
5173,0,0,0,0,0,0,0.48875,0.115433878,Highway,Afternoon,Clear
5174,0.62,0,0,0,0,0,0.298333333,0.273028071,Highway,Evening,Fog
5175,0.87,0,0,0,0,0,0.827083333,0.499252855,Urban,Afternoon,Rain
5176,0.74,0,0.45,0.93,0,0,0.300416667,0.564788131,Urban,Morning,Rain
5177,0,0,0.92,0,0,0,0.307916667,0.294855374,Urban,Afternoon,Rain
5178,0,0,0,0.59,0,0,0.815416667,0.29261394,Highway,Afternoon,Clear
5179,0,0,0.59,0,0,0,0.31875,0.231988473,Urban,Evening,Rain
5180,0.59,0,0,0,0,0,0.710416667,0.373305582,Rural,Afternoon,Fog
5181,0.79,0,0,0,0,0,0.480833333,0.34763582,Rural,Night,Clear
5182,0.54,0,0.51,0,0,0.68,0.50125,0.491674672,Highway,Night,Rain
5183,0,0,0,0,0,0,0.5425,0.168747999,Rural,Morning,Clear
5184,0.41,0,0,0,0,0,0.35375,0.223022735,Urban,Evening,Clear
5185,0.86,0,0.54,0,0,0,0.783333333,0.620770627,Rural,Afternoon,Rain
5186,0.77,0,0.65,0.48,0,0,0.552916667,0.609937026,Rural,Afternoon,Fog
5187,0.86,0,0,0,0,1,0.13125,0.444284342,Highway,Morning,Clear
5188,0,0,0,0,0,0,0.394583333,0.104440175,Urban,Evening,Clear
5189,0.42,0,0.55,0,0,0.7,0.615,0.501440922,Urban,Night,Clear
5190,0,0,0.59,0,0,0,0.643333333,0.314654712,Highway,Afternoon,Clear
5191,0.9,0,0,0,0,0,0.470416667,0.416213043,Urban,Evening,Rain
5192,0.77,0,0,0,0,0,0.5625,0.366634646,Urban,Night,Rain
5193,0.74,0,0,0,0,0,0.3225,0.30067243,Urban,Afternoon,Clear
5194,0,0,0,0,0,0,0.6375,0.16170349,Urban,Afternoon,Fog
5195,0.77,0,0.48,0,0,0,0.27125,0.45389049,Urban,Morning,Clear
5196,0.92,0,0,0,0,0,0.717083333,0.462749493,Urban,Night,Clear
5197,0,0,0,0,0,0,0.509166667,0.121784609,Highway,Afternoon,Rain
5198,0.75,0,0,0,0.79,0,0.452916667,0.514515957,Rural,Evening,Clear
5199,0,0,0.58,0,0,0.51,0.459583333,0.320258299,Urban,Afternoon,Clear
5200,0,0,0,0,0,0,0.358333333,0.056569538,Rural,Night,Clear
5201,0,0,0,0,0.66,0,0.544166667,0.259472729,Urban,Afternoon,Fog
5202,0.75,0.45,0,0,0,0,0.585833333,0.367488526,Highway,Night,Clear
5203,0.99,0,0,0,0,0,0.8425,0.524175472,Urban,Night,Clear
5204,0.85,0,0,0,0,0,0.865833333,0.48660476,Urban,Night,Clear
5205,0,0,0,0,0,0,0.62,0.156260006,Highway,Afternoon,Rain
5206,0.67,0,0,0.68,0,0.71,0.439166667,0.492581919,Highway,Afternoon,Clear
5207,0.82,0,0.74,0.76,0,0,0.3575,0.624079411,Highway,Afternoon,Rain
5208,0.63,0.49,0,0,0,0,0.918333333,0.432490127,Highway,Night,Clear
5209,0,0,0,0,0,0,0.164166667,0.032767638,Urban,Evening,Fog
5210,0,0,0.67,0,0,0,0.395416667,0.258031807,Urban,Afternoon,Clear
5211,0,0.58,0,0,0,0.89,0.509166667,0.235777564,Highway,Afternoon,Rain
5212,0.54,0,0.61,0,0,0,0.585,0.474543708,Highway,Afternoon,Clear
5213,0.76,0,0,0.42,0,0.87,0.909583333,0.636620771,Urban,Night,Clear
5214,0,0,0.85,0,0.43,0,0.407916667,0.372344967,Urban,Night,Rain
5215,0.96,0,0.94,0,0,0,0.255416667,0.591044935,Highway,Afternoon,Clear
5216,0.96,0,0.85,0.56,0,0.87,0.85125,0.91818764,Highway,Night,Clear
5217,0.61,0,0.6,0,0,0,0.351666667,0.421816629,Urban,Afternoon,Fog
5218,0.72,0,0.85,0.42,0,0.82,0.827083333,0.827783115,Highway,Afternoon,Clear
5219,0.53,0,0.49,0.65,0,0.55,0.562916667,0.624026043,Highway,Morning,Clear
5220,1,0,0,0,0,0,0.8125,0.53634326,Highway,Afternoon,Clear
5221,0,0.45,0,0,0,0,0.451666667,0.085601452,Highway,Night,Rain
5222,0.99,0,0,0,0,0,0.368333333,0.413277831,Urban,Evening,Clear
5223,0.79,0,0.48,0,0.95,0,0.743333333,0.734763582,Highway,Night,Clear
5224,0.88,0,0,0,0,0,0.160416667,0.331678941,Urban,Morning,Rain
5225,0.83,0.95,0,0,0,0,0.792916667,0.457519479,Highway,Night,Fog
5226,0,0,0.61,0,0,0,0.625,0.332372719,Urban,Evening,Clear
5227,0.76,0,0,0.94,0,0,0.332083333,0.412157114,Urban,Night,Clear
5228,0.43,0,0,0,0,0,0.759166667,0.355534209,Highway,Evening,Rain
5229,0.67,0,0.88,0,0,0,0.404166667,0.529085281,Highway,Afternoon,Clear
5230,0,0,0.55,0,0.68,0,0.26625,0.336055075,Urban,Evening,Clear
5231,0,0,0,0.99,0.42,0.92,0.533333333,0.436332586,Highway,Night,Rain
5232,0.8,0,0,0,0.81,0,0.65625,0.615914185,Rural,Morning,Rain
5233,0.81,0,0,0,0,0,0.6825,0.471661864,Highway,Morning,Rain
5234,0,0,0.44,0,0,0,0.835833333,0.336108443,Highway,Afternoon,Rain
5235,0.62,0,0,0,0.69,0,0.564583333,0.470114206,Highway,Afternoon,Clear
5236,0.97,0,0,0,0,0,0.496666667,0.446792614,Rural,Evening,Fog
5237,0.5,0,0,0,0,0,0.333333333,0.245490447,Highway,Evening,Clear
5238,0,0,0,0,0,0,0.137916667,0.024602412,Rural,Evening,Clear
5239,0,0,0,0.78,0,0,0.247916667,0.177019959,Urban,Morning,Rain
5240,0.7,0,0.48,0,0,0,0.682083333,0.504376134,Urban,Night,Clear
5241,0,0,0,0,0,0.94,0.460833333,0.263742128,Urban,Morning,Rain
5242,0.81,0,0,0,0,0,0.0875,0.286583413,Highway,Morning,Clear
5243,0.82,0,0,0,0,0,0.41375,0.33637528,Urban,Night,Clear
5244,0,0,0,0,0,0,0.83875,0.224303554,Highway,Afternoon,Clear
5245,0.79,0,0,0.5,0,0.52,0.587916667,0.529885794,Rural,Afternoon,Clear
5246,0,0,0,0,0,0,0.5325,0.129042587,Highway,Afternoon,Clear
5247,0.57,0,0,0,0,0,0.719166667,0.369623226,Highway,Afternoon,Fog
5248,0.49,0,0,0,0.47,0,0.417916667,0.35889636,Highway,Evening,Clear
5249,0,0,0,0,0,0.48,0.137083333,0.10411997,Highway,Morning,Clear
5250,0.78,0,0,0,0,0.99,0.477916667,0.470327676,Urban,Night,Fog
5251,0.76,0,0.92,0,0,0,0.8,0.709574127,Highway,Evening,Fog
5252,0.51,0,0,0,0,0,0.345,0.252321486,Highway,Evening,Clear
5253,0,0,0.78,0,0,0,0.4925,0.298110791,Highway,Night,Rain
5254,0,0,0.55,0.94,0.53,0,0.690833333,0.523108123,Urban,Night,Rain
5255,0.82,0,0.73,0,0,0,0.4325,0.565802113,Rural,Evening,Rain
5256,0.67,0,0,0,0,0,0.455833333,0.338029672,Rural,Evening,Rain
5257,0.8,0,0.72,0,0,0,0.4275,0.53698367,Urban,Afternoon,Clear
5258,0.9,0,0,0,0,0,0.38375,0.370957413,Highway,Afternoon,Rain
5259,0,0,0,0,0.44,0,0.657916667,0.252588323,Highway,Afternoon,Fog
5260,0.5,0,0,0,0,0,0.8475,0.387127762,Urban,Afternoon,Rain
5261,0.41,0,0,0.71,0,0.92,0.33125,0.40650016,Highway,Afternoon,Rain
5262,0.87,0,0,0,0,0,0.818333333,0.496531113,Urban,Afternoon,Rain
5263,0,0,0,0,0,0,0.54125,0.131764329,Rural,Afternoon,Rain
5264,0,0,0.79,0.49,0.74,0,0.850416667,0.635233216,Urban,Afternoon,Clear
5265,0.77,0,0,0,0,0.94,0.256666667,0.446792614,Highway,Morning,Clear
5266,0.82,0,0,0,0,0,0.470416667,0.390596649,Highway,Evening,Rain
5267,0,0,0.54,0,0,0,0.754166667,0.336321913,Rural,Afternoon,Fog
5268,0.9,0,0,0,0,0,0.07875,0.312680115,Highway,Morning,Clear
5269,0.88,0,0,0,0,0,0.442083333,0.38269826,Highway,Afternoon,Clear
5270,0.98,0,0,0,0,0.93,0.228333333,0.485644146,Urban,Evening,Rain
5271,0.72,0,0,0,0,0,0.487083333,0.38205785,Urban,Morning,Rain
5272,0.69,0,0,0,0,0,0.202083333,0.265503255,Highway,Evening,Rain
5273,0,0,0,0,0.77,0.73,0.512083333,0.364126374,Rural,Afternoon,Clear
5274,0.64,0,0,0,0,0,0.713333333,0.390223076,Urban,Afternoon,Fog
5275,0,0,0,0,0,0,0.382916667,0.100811186,Highway,Evening,Rain
5276,0.49,0,0.92,0,0,0,0.269166667,0.457999787,Highway,Evening,Clear
5277,0.74,0,0,0,0,0,0.300416667,0.330398121,Urban,Morning,Clear
5278,0,0.4,0,0,0,0.79,0.394583333,0.205624933,Urban,Evening,Clear
5279,0.57,0,0.59,0,0.7,0,0.644583333,0.668641264,Highway,Morning,Clear
5280,0,0,0,0,0.89,0.73,0.760833333,0.446258939,Urban,Night,Clear
5281,0.95,0,0,0,0,0,0.580416667,0.484736898,Highway,Morning,Clear
5282,0.75,0,0,0,0,0,0.50625,0.36103106,Highway,Afternoon,Clear
5283,0,0,0.82,0,0,0.43,0.704583333,0.447699861,Highway,Afternoon,Fog
5284,0.76,0,0,0,0,0,0.43625,0.342459174,Highway,Afternoon,Clear
5285,0,0,0,0,0,0,0.819166667,0.199914612,Highway,Night,Clear
5286,0.61,0,0,0,0,0.85,0.865833333,0.518625253,Urban,Night,Clear
5287,0,0,0,0,0,0,0.105,0.032660903,Urban,Morning,Clear
5288,0,0,0,0,0,0,0.049583333,0.015423204,Highway,Morning,Clear
5289,0.43,0,0,0,0,0,0.345833333,0.20866688,Urban,Afternoon,Clear
5290,0.42,0,0,0,0,0,0.503333333,0.254456185,Highway,Afternoon,Clear
5291,0,0,0,0,0,0.7,0.536666667,0.256590885,Rural,Morning,Clear
5292,0.65,0,0,0,0,0,0.267083333,0.254616288,Highway,Afternoon,Clear
5293,0.45,0,0,0.95,0,0,0.30125,0.341178354,Highway,Evening,Rain
5294,0.76,0,0,0,0,0,0.615416667,0.434784929,Highway,Morning,Fog
5295,0,0.69,0,0,0.92,0,0.687083333,0.353879816,Urban,Afternoon,Clear
5296,0.93,0.47,0,0.85,0,0,0.398333333,0.493969474,Highway,Afternoon,Clear
5297,0,0,0,0,0,0,0.369166667,0.078236738,Rural,Afternoon,Clear
5298,0,0,0.41,0.84,0,0,0.304166667,0.288931583,Highway,Evening,Clear
5299,0.93,0,0,0,0,0,0.128333333,0.337709467,Urban,Morning,Clear
5300,0.8,0,0,0,0,0.79,0.718333333,0.562493329,Rural,Evening,Clear
5301,0.53,0,0.62,0,0,0,0.155416667,0.358576155,Highway,Evening,Clear
5302,0.92,0,0,0,0,0,0.97375,0.542587256,Highway,Night,Clear
5303,0.93,0,0,0,0,0,0.325416667,0.362418615,Rural,Afternoon,Clear
5304,0.52,0,0.61,0,0,0,0.970833333,0.569858042,Rural,Night,Clear
5305,0.84,0,0,0,0,0.7,0.4625,0.465898175,Urban,Afternoon,Clear
5306,0.57,0,0,0,0,0,0.55375,0.299871918,Highway,Night,Clear
5307,0.88,0,0,0,0.77,0.7,0.356666667,0.612018358,Highway,Evening,Clear
5308,1,0,0,0.83,0,0,0.503333333,0.546483083,Highway,Afternoon,Rain
5309,0,0,0,0,0,0,0.44625,0.138808838,Highway,Morning,Clear
5310,0,0,0,0,0,0,0.54125,0.131764329,Highway,Afternoon,Clear
5311,0.42,0.58,0,0,0,0,0.084583333,0.160796243,Urban,Morning,Clear
5312,0.94,0,0,0,0,0,0.229166667,0.335681503,Rural,Afternoon,Clear
5313,0.77,0,0,0,0.41,0,0.330416667,0.409808944,Highway,Evening,Clear
5314,0,0,0,0,0,0,0.167083333,0.033674885,Urban,Evening,Rain
5315,0.98,0,0,0.52,0,0,0.207916667,0.426779806,Highway,Evening,Clear
5316,0.68,0,0.73,0,0,0,0.620833333,0.542960828,Urban,Night,Fog
5317,0,0,0,0,0,0.5,0.749166667,0.242181663,Highway,Night,Rain
5318,0,0,0,0,0,0.57,0.391666667,0.176539652,Rural,Evening,Rain
5319,0.91,0,0.44,0,0,0,0.706666667,0.60561426,Urban,Evening,Clear
5320,0,0,0,0,0,0,0.354583333,0.073700502,Highway,Afternoon,Fog
5321,0.44,0,0,0,0,0,0.491666667,0.257231295,Rural,Afternoon,Clear
5322,0.6,0,0,0,0,0,0.622916667,0.349290212,Urban,Afternoon,Clear
5323,0.44,0,0,0.53,0,0,0.5775,0.388408581,Urban,Morning,Clear
5324,0,0,0.87,0,0,0,0.42875,0.356227986,Highway,Morning,Clear
5325,0.99,0,0.53,0,0,0.5,0.1925,0.576689081,Highway,Morning,Clear
5326,0.89,0,0,0.81,0,0,0.400416667,0.494983456,Highway,Evening,Clear
5327,0.91,0.96,0,0,0,0,0.670416667,0.445031487,Highway,Night,Clear
5328,0,0,0,0.53,0,0,0.744583333,0.281193297,Urban,Evening,Rain
5329,0.96,0,0,0,0,0.52,0.7125,0.577329491,Urban,Evening,Rain
5330,0.45,0,0.81,0,0,0,0.422916667,0.483135874,Highway,Morning,Clear
5331,0,0,0,0,0,0,0.827083333,0.220674565,Highway,Afternoon,Fog
5332,0,0,0,0,0,0,0.365416667,0.095367702,Highway,Evening,Clear
5333,0.63,0,0,0,0.82,0,0.517916667,0.483776283,Urban,Afternoon,Clear
5334,0.44,0,0.88,0,0,0,0.82125,0.585174512,Urban,Afternoon,Clear
5335,0.53,0,0,0,0,0.98,0.445833333,0.379015904,Highway,Night,Clear
5336,0.54,0,0,0,0,0,0.275833333,0.222115487,Urban,Afternoon,Clear
5337,0.68,0,0,0.66,0,0,0.377083333,0.401270146,Rural,Evening,Clear
5338,0.56,0,0,0,0,0,0.885416667,0.418134273,Highway,Afternoon,Clear
5339,0.46,0,0,0,0,0,0.442916667,0.230173978,Highway,Night,Clear
5340,0.5,0,0,0,0,0,0.28875,0.249919949,Rural,Morning,Rain
5341,0,0,0,0,0,0,0.237083333,0.055448821,Highway,Evening,Clear
5342,0.49,0,0,0,0,0.49,0.8075,0.415946206,Urban,Night,Rain
5343,0.98,0,0,0,0,0.56,0.347916667,0.475450955,Highway,Evening,Clear
5344,0,0,0.74,0,0,0.75,0.285833333,0.374533034,Urban,Morning,Clear
5345,0.86,0,0.84,0,0,0,0.3225,0.554274736,Highway,Afternoon,Clear
5346,0.98,0,0,0,0,0,0.3575,0.388408581,Highway,Afternoon,Fog
5347,0,0,0,0,0,0,0.675416667,0.173497705,Urban,Afternoon,Rain
5348,0,0,0,0,0,0,0.44625,0.138808838,Urban,Morning,Fog
5349,0.66,0,0,0,0,0,0.46375,0.355587576,Highway,Morning,Clear
5350,0,0,0,0,0,0,0.263333333,0.063614046,Highway,Evening,Clear
5351,0.57,0,0,0,0,0,0.372916667,0.243622585,Highway,Night,Rain
5352,0,0,0,0,0,0,0.520833333,0.125413598,Highway,Afternoon,Fog
5353,0.88,0,0,0,0,0,0.684166667,0.457999787,Highway,Afternoon,Fog
5354,0.6,0,0,0,0,0.77,0.294583333,0.382378055,Highway,Morning,Clear
5355,0.58,0,0,0.87,0,0,0.915416667,0.527003949,Urban,Night,Fog
5356,0.54,0,0.8,0,0,0,0.664583333,0.529672324,Urban,Night,Clear
5357,0,0,0.61,0,0,0,0.422916667,0.287810866,Rural,Morning,Clear
5358,0,0,0,0,0,0,0.795833333,0.192656634,Urban,Night,Clear
5359,0.48,0,0.89,0,0.65,0.49,0.6775,0.761767531,Highway,Evening,Rain
5360,0.55,0,0.58,0.87,0,0,0.85625,0.665866154,Highway,Afternoon,Clear
5361,0.61,0,0.74,0,0,0,0.356666667,0.477532287,Urban,Evening,Clear
5362,0.8,0,0,0,0,0,0.328333333,0.321699221,Highway,Afternoon,Rain
5363,0,0,0,0,0,0.88,0.5325,0.241754723,Highway,Afternoon,Clear
5364,0,0,0,0,0,0,0.394583333,0.104440175,Highway,Evening,Clear
5365,0,0,0,0,0,0,0.498333333,0.100117408,Urban,Night,Clear
5366,0.44,0,0.85,0.67,0,0.87,0.293333333,0.610524069,Highway,Afternoon,Rain
5367,0.53,0,0.63,0,0.74,0,0.460833333,0.616607962,Highway,Morning,Clear
5368,0.89,0,0.58,0,0,0,0.652916667,0.581758992,Highway,Night,Rain
5369,0.49,0,0.68,0,0.79,0,0.719166667,0.669975451,Urban,Afternoon,Clear
5370,0.61,0,0,0,0,0,0.093333333,0.224356922,Urban,Morning,Clear
5371,0.92,0,0.89,0,0.61,0.54,0.507083333,0.811772868,Highway,Night,Fog
5372,0.49,0.5,0.96,0.88,0,0,0.5675,0.655459494,Urban,Afternoon,Fog
5373,0,0,0,0,0,0.57,0.749166667,0.251147401,Urban,Night,Clear
5374,0,0,0,0,0,0,0.72,0.169068204,Urban,Night,Clear
5375,0,0.98,0.73,0,0,0,0.484166667,0.337602732,Highway,Morning,Clear
5376,0.45,0,0,0,0,0.96,0.56375,0.424111431,Urban,Evening,Clear
5377,0,0,0.8,0,0,0.9,0.389583333,0.4047924,Rural,Afternoon,Clear
5378,0.69,0,0,0,0,0,0.433333333,0.319137581,Rural,Afternoon,Clear
5379,0.58,0,0,0,0,0,0.809583333,0.400949941,Highway,Afternoon,Rain
5380,0,0,0,0,0,0,0.69,0.178033942,Urban,Afternoon,Clear
5381,0.74,0,0,0,0,0,0.724166667,0.44391077,Highway,Evening,Clear
5382,0.88,0,0.94,0,0,0,0.510416667,0.681342726,Urban,Morning,Clear
5383,0.48,0,0,0,0,0,0.736666667,0.346248266,Rural,Afternoon,Clear
5384,0.75,0,0,0,0,0,0.487083333,0.391663998,Highway,Morning,Clear
5385,0,0,0,0,0.95,0,0.557083333,0.355801046,Highway,Morning,Rain
5386,0,0,0,0,0,0,0.405416667,0.126107375,Urban,Morning,Clear
5387,0,0,0,0,0,0.82,0.766666667,0.288611378,Rural,Night,Clear
5388,0.7,0,0,0,0,0,0.43625,0.323246878,Rural,Afternoon,Clear
5389,0,0,0,0,0,0,0.369166667,0.078236738,Highway,Afternoon,Clear
5390,0.49,0,0.46,0,0,0.45,0.457916667,0.474810545,Highway,Morning,Clear
5391,0.77,0,0.54,0,0,0.65,0.582083333,0.612605401,Rural,Afternoon,Rain
5392,0,0,0,0.9,0,0,0.452083333,0.255897107,Urban,Morning,Rain
5393,0.56,0,0,0,0,0,0.149583333,0.207546163,Urban,Evening,Rain
5394,0.69,0,0,0,0,0.74,0.404166667,0.404845768,Highway,Afternoon,Rain
5395,0.45,0,0.83,0,0,0,0.666666667,0.527484257,Rural,Afternoon,Clear
5396,0.68,0,0.89,0,0,0,0.303333333,0.540078984,Rural,Morning,Rain
5397,0.58,0,0.91,0,0,0.51,0.73875,0.695645213,Urban,Evening,Clear
5398,0,0,0,0,0,0,0.0525,0.016330451,Rural,Morning,Rain
5399,0.89,0,0.65,0,0.48,0,0.65625,0.747838617,Urban,Morning,Clear
5400,0.43,0,0.45,0,0,0,0.405,0.32404739,Urban,Night,Fog
5401,0.65,0,0,0,0.8,0,0.350833333,0.452663038,Urban,Evening,Clear
5402,0.68,0,0.66,0,0,0,0.334166667,0.454157327,Urban,Afternoon,Clear
5403,0.84,0,0.54,0,0,0,0.155416667,0.437346568,Urban,Evening,Clear
5404,0.74,0,0,0,0,0,0.415833333,0.329704344,Highway,Afternoon,Fog
5405,0.8,0,0,0,0,0.67,0.4275,0.438360551,Highway,Afternoon,Rain
5406,0,0,0.57,0.79,0,0,0.624166667,0.44134913,Urban,Morning,Clear
5407,0,0,0.86,0,0,0,0.380833333,0.30216672,Highway,Afternoon,Fog
5408,0.87,0,0.45,0,0,0,0.81625,0.59285943,Urban,Night,Rain
5409,0.92,0,0,0,0,0,0.63875,0.493275696,Urban,Morning,Clear
5410,0.59,0,0,0.54,0,0,0.387916667,0.378749066,Urban,Morning,Clear
5411,0,0,0,0,0,0,0.752083333,0.179047924,Highway,Night,Clear
5412,0,0,0,0,0,0.76,0.560833333,0.25349557,Highway,Evening,Clear
5413,0,0,0,0,0,0,0.320833333,0.099797204,Highway,Morning,Clear
5414,0.72,0,0,0,0,0,0.68125,0.40585975,Highway,Afternoon,Clear
5415,0.9,0,0.9,0,0,0,0.405,0.589817483,Rural,Night,Clear
5416,0.99,0,0.66,0,0,0,0.395416667,0.572473049,Highway,Afternoon,Rain
5417,0.93,0,0.76,0,0,0.6,0.950416667,0.810065108,Highway,Night,Clear
5418,0.62,0,0,0,0,0,0.31,0.276657061,Rural,Evening,Fog
5419,0.52,0,0,0,0.4,0,0.382083333,0.362205145,Rural,Morning,Fog
5420,0.69,0,0,0.56,0,0,0.897083333,0.535115807,Highway,Afternoon,Clear
5421,0.84,0,0.45,0,0,0,0.649166667,0.549578397,Urban,Afternoon,Clear
5422,0.7,0,0,0.59,0,0,0.04375,0.313320525,Highway,Morning,Clear
5423,0.69,0,0,0,0,0,0.895,0.444444444,Rural,Night,Clear
5424,0.9,0,0.6,0,0,0.87,0.629583333,0.694257658,Urban,Night,Clear
5425,0,0,0.45,0.47,0,0,0.460416667,0.263795496,Highway,Night,Clear
5426,0,0,0.98,0,0,0,0.93875,0.488152418,Highway,Night,Clear
5427,0,0,0,0,0,0.9,0.372083333,0.194417761,Highway,Afternoon,Rain
5428,0.62,0,0.88,0.56,0,0.59,0.049583333,0.586668801,Highway,Morning,Clear
5429,0,0,0,0,0.95,0,0.34375,0.234550112,Urban,Night,Clear
5430,0.92,0,0,0,0,0,0.48375,0.390169709,Highway,Night,Rain
5431,0.64,0,0,0,0,0,0.9,0.448286904,Urban,Afternoon,Clear
5432,0.6,0,0.68,0,0,0,0.520833333,0.491728039,Rural,Afternoon,Rain
5433,0.67,0,0,0,0,0,0.594583333,0.344593873,Highway,Night,Clear
5434,0,0,0,0,0,0,0.307916667,0.059184545,Highway,Afternoon,Rain
5435,0.86,0,0.53,0,0,0,0.16625,0.462856228,Rural,Morning,Rain
5436,0.48,0,0.96,0,0,0.9,0.45375,0.619436439,Urban,Afternoon,Clear
5437,0,0,0.61,0,0,0,0.770833333,0.377735084,Highway,Evening,Fog
5438,0,0,0,0,0,0.46,0.4325,0.175152097,Urban,Evening,Clear
5439,0.52,0,0,0,0,0.9,0.455,0.423310919,Urban,Morning,Clear
5440,0,0,0,0,0.47,0.49,0.04375,0.166666667,Highway,Morning,Clear
5441,0.97,0,0,0,0,0,0.652083333,0.47683851,Highway,Afternoon,Rain
5442,0.51,0,0.5,0.53,0,0,0.544166667,0.491941509,Rural,Afternoon,Rain
5443,0.74,0,0,0,0,0,0.5075,0.39481268,Urban,Morning,Clear
5444,0,0,0,0,0,0.45,0.221666667,0.126587683,Highway,Morning,Clear
5445,0,0,0.74,0,0,0.79,0.760833333,0.472515743,Highway,Night,Rain
5446,0.75,0,0,0,0,0,0.870833333,0.474436973,Urban,Afternoon,Clear
5447,0.69,0,0,0,0,0,0.513333333,0.380616928,Urban,Morning,Clear
5448,0.79,0,0,0,0,0,0.307083333,0.330184652,Highway,Evening,Rain
5449,0,0,0.97,0,0,0,0.30125,0.323887288,Rural,Evening,Clear
5450,0.54,0,0.4,0,0,0,0.455833333,0.398868609,Highway,Evening,Clear
5451,0,0,0.54,0.67,0,0.68,0.40625,0.419308357,Urban,Evening,Rain
5452,0.73,0,0,0.95,0,0.94,0.081666667,0.501227452,Highway,Morning,Clear
5453,0.62,0,0.96,0,0,0,0.867916667,0.677820472,Highway,Afternoon,Clear
5454,0,0,0,0,0,0,0.27,0.04739033,Rural,Afternoon,Rain
5455,0.8,0,0,0,0,0,0.6375,0.417867435,Highway,Afternoon,Rain
5456,0.48,0,0,0,0,0,0.484166667,0.30430142,Highway,Morning,Rain
5457,0.74,0,0,0,0,0,0.329166667,0.284448714,Highway,Night,Clear
5458,0.51,0,0,0,0.46,0.62,1,0.587255844,Highway,Night,Rain
5459,0,0,0,0,0,0,0.42375,0.113512648,Urban,Evening,Clear
5460,0.57,0,0.5,0,0,0,0.715416667,0.514836162,Urban,Evening,Rain
5461,0.53,0,0,0,0.6,0,0.810416667,0.482175259,Highway,Night,Rain
5462,0.51,0,0,0,0,0,0.525833333,0.308570819,Highway,Evening,Rain
5463,0.9,0,0.47,0,0,0,0.590833333,0.555769026,Urban,Afternoon,Clear
5464,0,0.52,0,0,0,0,0.7075,0.183477426,Rural,Afternoon,Fog
5465,0.57,0,0.74,0,0,0,0.750416667,0.587202476,Rural,Evening,Fog
5466,0,0,0,0,0,0,0.735833333,0.21058811,Urban,Evening,Fog
5467,0.96,0,0,0,0,0,0.585833333,0.434731562,Highway,Night,Clear
5468,0.98,0,0,0.46,0,0,0.472083333,0.464670723,Rural,Night,Clear
5469,0.74,0,0,0,0,0,0.45875,0.361351265,Highway,Evening,Rain
5470,0.49,0,0,0,0,0,0.407916667,0.228893158,Urban,Night,Clear
5471,0,0,0,0,0,0.57,0.835833333,0.296403031,Highway,Afternoon,Clear
5472,0.62,0,0,0.83,0,0.7,0.517083333,0.537037037,Highway,Evening,Clear
5473,0,0,0,0.81,0.62,0.67,0.63,0.504642972,Rural,Morning,Rain
5474,0.88,0,0.92,0,0,0,0.8075,0.713736792,Highway,Night,Rain
5475,0,0,0.69,0.46,0,0,0.142916667,0.280125947,Highway,Morning,Clear
5476,0,0,0,0,0,0.61,0.072916667,0.100811186,Highway,Morning,Fog
5477,0.62,0,0,0,0,0,0.3275,0.282100544,Urban,Evening,Clear
5478,0.45,0,0,0,0,0,0.678333333,0.318497172,Highway,Afternoon,Clear
5479,0,0,0,0,0,0,0.234166667,0.054541573,Urban,Evening,Rain
5480,0.73,0,1,0,0,0,0.309166667,0.586081759,Urban,Morning,Clear
5481,0.91,0,0.81,0,0,0,0.555,0.65321806,Highway,Evening,Clear
5482,0.88,0,0.44,0,0.53,0,0.41875,0.589977586,Highway,Afternoon,Clear
5483,0.51,0,0,0,0,0,0.657083333,0.349396947,Urban,Evening,Clear
5484,0.8,0,1,0,0,0,0.530416667,0.622425019,Highway,Night,Clear
5485,0,0,0.64,0,0,0,0.405416667,0.2900523,Highway,Morning,Clear
5486,0,0.84,0.57,0,0,0.82,0.107916667,0.284608816,Highway,Morning,Fog
5487,0.53,0,0,0,0,0.86,0.725833333,0.450741808,Urban,Night,Clear
5488,0,0,0,0,0,0,0.727916667,0.189828157,Highway,Afternoon,Clear
5489,0.53,0,0,0,0,0,0.748333333,0.365887501,Highway,Afternoon,Rain
5490,0.92,0,0.73,0,0.75,0,0.307916667,0.68486498,Highway,Afternoon,Rain
5491,0.55,0,0,0,0,0,0.274166667,0.261393959,Highway,Morning,Clear
5492,0.56,0,0,0,0,0,0.491666667,0.295655886,Urban,Afternoon,Clear
5493,0.4,0,0,0,0,0,0.618333333,0.320418401,Urban,Morning,Clear
5494,0,0,0,0,0,0,0.44875,0.084694204,Rural,Night,Clear
5495,0.92,0,0,0.95,0,0,0.73875,0.627761768,Urban,Evening,Clear
5496,0,0,0.58,0,0,0,0.221666667,0.217525883,Urban,Morning,Clear
5497,0,0,0.45,0,0,0,0.918333333,0.346034796,Urban,Night,Rain
5498,0.88,0,0,0,0,0,0.77375,0.504162664,Highway,Evening,Fog
5499,0.78,0,0,0,0,0,0.29625,0.305315402,Highway,Afternoon,Clear
5500,0.85,0,0,0,0,0,0.34875,0.344060199,Highway,Afternoon,Fog
5501,0,0,0,0,0,0,0.825,0.201729107,Urban,Night,Rain
5502,0.49,0,0,0,0,0.91,0.665,0.480307397,Highway,Morning,Clear
5503,0.67,0,0,0,0,0,0.258333333,0.258298644,Urban,Afternoon,Clear
5504,0,0,0.4,0,0,0,0.565833333,0.278471555,Highway,Morning,Fog
5505,0,0,0.67,0,0,0,0.594583333,0.301686413,Urban,Night,Fog
5506,0.61,0,0.9,0,0,0.98,0.485833333,0.665919522,Highway,Afternoon,Rain
5507,0.46,0,0.74,0,0,0,0.626666667,0.476891877,Urban,Night,Clear
5508,0.69,0,0,0.74,0.67,0,0.757083333,0.643345074,Urban,Afternoon,Fog
5509,0.95,0,0,0,0.42,0,0.62375,0.52401537,Rural,Night,Rain
5510,0,0,0,0,0,0,0.398333333,0.087309211,Rural,Afternoon,Rain
5511,0,0.73,0,0.62,0,0,0.669583333,0.251094034,Urban,Afternoon,Fog
5512,0.42,0,1,0.85,0,0,0.372083333,0.578663678,Highway,Afternoon,Clear
5513,0.57,0,0,0,0,0.56,0.7475,0.468459814,Urban,Evening,Clear
5514,0.52,0,0.57,0,0,0.83,0.71625,0.605027217,Highway,Afternoon,Clear
5515,0,0,0,0,0,0,0.235,0.036503362,Urban,Afternoon,Clear
5516,0.54,0,0,0,0,0,0.30625,0.26817163,Rural,Morning,Clear
5517,0.95,0,0,0.55,0,0,0.379166667,0.492581919,Highway,Morning,Rain
5518,0.68,0,0,0,0,0,0.765,0.437399936,Highway,Evening,Clear
5519,0.68,0,0,0.82,0,0,0.358333333,0.379336108,Urban,Night,Fog
5520,0,0,0,0.42,0,0,0.3525,0.108549472,Rural,Night,Rain
5521,0,0,0.57,0.9,0,0,0.552083333,0.414718753,Highway,Evening,Clear
5522,0,0,0,0,0,0,0.39625,0.068363753,Urban,Night,Clear
5523,0.86,0,0,0,0,0,0.23125,0.329010567,Highway,Evening,Fog
5524,0.49,0,0,0,0,0,0.190416667,0.19783328,Rural,Evening,Clear
5525,0,0,0.5,0,0,0,0.58,0.253602305,Highway,Night,Clear
5526,0,0,0,0,0,0,0.464583333,0.12621411,Highway,Evening,Rain
5527,0,0,0,0,0,0,0.242083333,0.075301526,Highway,Morning,Rain
5528,0,0,0,0,0,0,0.779583333,0.224196819,Highway,Evening,Rain
5529,0,0,0,0,0.59,0,0.485833333,0.227879176,Highway,Afternoon,Clear
5530,0.69,0,0,0,0,0.64,0.767916667,0.523481695,Highway,Evening,Rain
5531,0.66,0,0,0.67,0,0.81,0.464583333,0.527110684,Rural,Evening,Rain
5532,0.76,0,0,0.78,0.89,0,0.46625,0.604386808,Highway,Night,Clear
5533,1,0,0,0,0,0.69,0.146666667,0.435905646,Highway,Evening,Clear
5534,0.86,0,0.5,0,0,0,0.724166667,0.610417334,Urban,Evening,Rain
5535,0.64,0,0.57,0,0,0,0.618333333,0.543281033,Urban,Morning,Clear
5536,0,0,0.88,0,0.81,0,0.375833333,0.44305689,Highway,Night,Clear
5537,0,0,0,0,0,0,0.256666667,0.079837763,Urban,Morning,Clear
5538,0,0,0.94,0.53,0.83,0,0.9825,0.71886007,Highway,Night,Clear
5539,0,0,0,0,0.82,0,0.58875,0.285782901,Rural,Night,Clear
5540,0.9,0,0.99,0,0,1,0.634583333,0.830664959,Rural,Afternoon,Fog
5541,0.5,0,0,0,0,0.84,0.312083333,0.364766784,Urban,Morning,Rain
5542,0.42,0,0,0,0,0.97,0.618333333,0.451062013,Highway,Morning,Fog
5543,0.52,0,0.54,0,0,0.9,0.256666667,0.499946633,Urban,Morning,Clear
5544,0.6,0.93,0,0,0.59,0,0.198333333,0.367168321,Urban,Morning,Clear
5545,0,0,0,0,0,0.94,0.064166667,0.140356495,Highway,Morning,Fog
5546,0,0,0,0,0,0.89,0.985416667,0.365620664,Rural,Night,Rain
5547,0,0,0,0.81,0,0,0.221666667,0.172697193,Rural,Morning,Clear
5548,0,0,0.93,0,0,0.68,0.50625,0.446205572,Highway,Afternoon,Clear
5549,0.71,0,0,0.86,0.46,0.55,0.16625,0.54803074,Highway,Morning,Fog
5550,0.77,0,0.6,0,0,0,0.8075,0.596541787,Highway,Night,Clear
5551,0.95,0,0,0,0,0,0.291666667,0.394919415,Urban,Morning,Clear
5552,0.71,0,0,0,0,0,0.69,0.405379443,Highway,Afternoon,Clear
5553,0,0,0,0,0,0,0.5025,0.138008325,Rural,Evening,Rain
5554,0.7,0,0,0,0,0,0.299166667,0.280606255,Highway,Afternoon,Clear
5555,0,0,0,0,0,0.62,0.544166667,0.212082399,Highway,Afternoon,Clear
5556,0,0,0,0,0,0,0.72875,0.171789946,Urban,Night,Clear
5557,0.43,0,0,0,0,0.41,0.735833333,0.400789839,Urban,Evening,Clear
5558,0,0,0.47,0,0.56,0,0.410833333,0.3008859,Rural,Night,Clear
5559,0.42,0,0,0.68,0,0,0.116666667,0.257871705,Urban,Morning,Fog
5560,0.73,0,0,0.77,0,0,0.230416667,0.404045256,Urban,Morning,Clear
5561,0.66,0,0,0.67,0,0.71,0.466666667,0.533247945,Highway,Morning,Clear
5562,0,0,0.92,0.94,0,0.7,0.617916667,0.583039812,Highway,Night,Rain
5563,0.9,0,0,0,0.9,0.72,0.269166667,0.618742662,Highway,Evening,Clear
5564,0,0,0,0,0,0,0.334166667,0.067349771,Highway,Afternoon,Fog
5565,0.5,0,0.78,0,0,0.98,0.727916667,0.675258832,Urban,Afternoon,Clear
5566,0,0,0,0,0,0,0.792083333,0.209787597,Highway,Afternoon,Rain
5567,0.41,0,0,0,0,0.95,0.4625,0.360230548,Rural,Afternoon,Clear
5568,0,0,0.5,0,0,0,0.4675,0.25520333,Highway,Evening,Rain
5569,0,0,0.66,0,0,0.5,0.482916667,0.346728573,Rural,Afternoon,Clear
5570,0,0,0,0,0,0,0.409166667,0.108976412,Highway,Evening,Fog
5571,0,0,0,0,0,0,0.249583333,0.041039599,Urban,Afternoon,Clear
5572,0.67,0,0,0,0,0,0.743333333,0.390863486,Highway,Night,Rain
5573,0.54,0,0,0,0,0.62,0.64125,0.396894012,Highway,Night,Clear
5574,0.43,0,0,0,0,0.65,0.638333333,0.364606682,Highway,Night,Rain
5575,0.83,0,0.57,0.7,0,0.62,0.739583333,0.774308891,Highway,Afternoon,Clear
5576,0.47,0,0,0,0,0.88,0.810416667,0.460401324,Urban,Night,Clear
5577,0.76,0,0.84,0,0,0,0.701666667,0.640196392,Rural,Afternoon,Clear
5578,0.57,0,0,0,0,0.71,0.540416667,0.423257551,Highway,Evening,Clear
5579,0.5,0,0.67,0,0,0,0.51625,0.492315082,Highway,Morning,Clear
5580,0,0,0.99,0,0,0.74,0.405,0.41946846,Urban,Night,Fog
5581,0.63,0,0,0,0,0,0.146666667,0.229053261,Urban,Evening,Clear
5582,0.88,0,0,0.91,0,0,0.670416667,0.551979934,Highway,Night,Clear
5583,0,0,0.43,0,0,0,0.11375,0.145533141,Highway,Morning,Clear
5584,0.64,0,0.61,0,0,0,0.618333333,0.553527591,Highway,Morning,Clear
5585,0.85,0,0,0,0,0,0.102083333,0.303927847,Urban,Morning,Clear
5586,0.48,0,0,0,0,0,0.277916667,0.22184865,Urban,Evening,Clear
5587,0,0,0.69,0,0,0.91,0.962083333,0.537677447,Highway,Night,Clear
5588,0,0,0,0,0,0,0.438333333,0.118048885,Urban,Evening,Rain
5589,0,0,0,0,0.99,0,0.6775,0.382644893,Rural,Evening,Clear
5590,0.86,0,0,0,0,0,0.594583333,0.40543281,Highway,Night,Clear
5591,0.54,0,0,0,0.7,0,0.93,0.541786744,Urban,Night,Fog
5592,0.81,0,0,0,0,0,0.29625,0.31492155,Highway,Afternoon,Clear
5593,0,0,0,0,0,0,0.625833333,0.158074501,Highway,Afternoon,Clear
5594,0,0,0.7,0,0,0,0.475416667,0.327196072,Urban,Morning,Fog
5595,0.74,0,0,0,0,0,0.240833333,0.275269506,Urban,Afternoon,Clear
5596,0.96,0,0,0,0,0,0.590833333,0.454584267,Urban,Afternoon,Clear
5597,0.63,0,0.59,0.88,0,0.88,0.627083333,0.773348276,Highway,Morning,Rain
5598,0.44,0,0,0.65,0,0,0.41125,0.352065322,Rural,Morning,Clear
5599,0.41,0,0.84,0,0,0,0.1225,0.384566122,Rural,Morning,Fog
5600,0,0,0,0,0,0,0.34875,0.071886007,Urban,Afternoon,Clear
5601,0,0,0.92,0,0,0,0.557916667,0.390916853,Highway,Evening,Clear
5602,0,0,0,0,0,0,0.482916667,0.113619383,Urban,Afternoon,Rain
5603,0.9,0.73,0,0,0,0,0.766666667,0.471768599,Urban,Night,Clear
5604,0.71,0.72,0,0,0,0,0.657083333,0.413437934,Rural,Evening,Clear
5605,0,0,0.96,0,0,0.48,0.514166667,0.449034048,Rural,Evening,Clear
5606,0.87,0,0,0,0,0.83,0.377083333,0.483883018,Urban,Evening,Clear
5607,0.54,0,0,0,0,0,0.669583333,0.344593873,Rural,Afternoon,Clear
5608,0.61,0,0,0,0,0,0.498333333,0.295442416,Highway,Night,Clear
5609,0.42,0,0,0,0,0,0.5775,0.314121037,Highway,Morning,Clear
5610,0,0,0,0.54,0,0,0.055416667,0.086401964,Highway,Morning,Clear
5611,0.98,0.52,0,0,0,0.66,0.779583333,0.622531754,Urban,Evening,Clear
5612,0.8,0,0.88,0,0,0,0.600416667,0.613459281,Urban,Night,Clear
5613,0,0,0,0.64,0,0,0.625833333,0.240046963,Highway,Afternoon,Clear
5614,0.96,0,0,0,0,0,0.2225,0.358309318,Highway,Evening,Clear
5615,0.56,0,0,0,0,0,0.4575,0.266730708,Urban,Night,Clear
5616,0.77,0,0,0,0,0,0.754166667,0.444551179,Urban,Afternoon,Rain
5617,0.81,0.5,0.91,0,0,0,0.525833333,0.637741488,Highway,Evening,Clear
5618,0.59,0,0,0,0,0,0.935833333,0.425125414,Urban,Night,Clear
5619,0.91,0,0,0,0,0,0.521666667,0.398761874,Urban,Night,Clear
5620,0,0,0,0,0,0,0.450833333,0.103639663,Highway,Afternoon,Clear
5621,0.97,0.95,0,0,0,0.58,0.519166667,0.546376348,Highway,Morning,Rain
5622,0.93,0,0,0,0,0,0.818333333,0.515743409,Rural,Afternoon,Rain
5623,0.84,0,0,0,0,0,0.806666667,0.483295976,Rural,Afternoon,Rain
5624,0.57,0,0.73,0,0,0,0.755,0.549471662,Urban,Night,Rain
5625,0.57,0,0.9,0,0,0.43,0.687083333,0.645266304,Highway,Afternoon,Clear
5626,0.98,0,0.58,0,0,0,0.24,0.518731988,Highway,Evening,Rain
5627,0.41,0,0.64,0,0,0.69,0.307083333,0.460828263,Highway,Evening,Clear
5628,0.83,0,0,0,0,0,0.988333333,0.518305049,Urban,Night,Clear
5629,0.82,0,0,0,0,0,0.404166667,0.351691749,Urban,Afternoon,Rain
5630,0,0,0,0,0,0.61,0.509166667,0.199914612,Urban,Afternoon,Rain
5631,0.77,0,0,0,0,0.55,0.372083333,0.396146867,Rural,Afternoon,Rain
5632,0,0,0,0,0,0,0.794166667,0.228733056,Urban,Evening,Rain
5633,0,0,0,0,0,0.82,0.434166667,0.185185185,Highway,Night,Clear
5634,0,0,0.59,0,0.41,0.86,0.256666667,0.4198954,Highway,Morning,Rain
5635,0,0,0,0.9,0,0,0.57125,0.238072366,Urban,Night,Fog
5636,0.99,0,0.68,0,0.48,0,0.507083333,0.686252535,Highway,Night,Clear
5637,0.59,0,0.57,0,0,0,0.177916667,0.390276444,Urban,Morning,Rain
5638,0,0,0,0.54,0,0,0.42875,0.202529619,Highway,Morning,Fog
5639,0.6,0,0,0,0,0.55,0.265416667,0.345127548,Urban,Morning,Clear
5640,0.45,0,0,0.71,0,0.43,0.714166667,0.457359377,Rural,Night,Clear
5641,0.67,0,0,0,0,0.91,0.250833333,0.409115167,Urban,Morning,Clear
5642,0.56,0,0,0.88,0,0.41,0.736666667,0.537090405,Highway,Afternoon,Clear
5643,0.61,0,0,0,0,0,0.158333333,0.226278151,Urban,Evening,Clear
5644,0,0,0.98,0,0,0,0.405,0.322126161,Highway,Night,Clear
5645,0,0.6,0.59,0,0,0.96,0.13125,0.31492155,Highway,Morning,Rain
5646,0.9,0,0,0,0,0,0.33125,0.354626961,Rural,Afternoon,Fog
5647,0.96,0,0.46,0,0.59,0.78,0.333333333,0.723876614,Highway,Evening,Clear
5648,0.51,0,0,0.61,0,0,0.129166667,0.263315188,Urban,Evening,Clear
5649,0,0,0,0,0.75,0,0.585,0.289465258,Highway,Afternoon,Clear
5650,0.62,0,0.72,0,0,0,0.38875,0.485590778,Rural,Evening,Fog
5651,0,0,0,0,0,0,0.550833333,0.11644786,Highway,Night,Rain
5652,0,0,0,0.79,0,0,0.839583333,0.307450101,Urban,Night,Clear
5653,0.96,0,0,0.55,0,0,0.334166667,0.445191589,Highway,Afternoon,Clear
5654,0,0,0.43,0,0,0,0.33625,0.196445725,Urban,Evening,Clear
5655,0.44,0,0,0,0,0,0.146666667,0.168214324,Rural,Evening,Rain
5656,0,0,0.47,0,0,0,0.167083333,0.154071939,Rural,Evening,Clear
5657,0,0,0,0,0.45,0.59,0.815416667,0.379069271,Urban,Afternoon,Rain
5658,0.46,0,0,0,0,0,0.565416667,0.268278365,Urban,Night,Clear
5659,0.5,0,0.53,0,0,0,0.298333333,0.37037037,Highway,Evening,Clear
5660,0.76,0,0,0,0,0,0.900833333,0.468673284,Highway,Night,Clear
5661,0,0,0,0.47,0,0.55,0.158333333,0.161596755,Urban,Evening,Clear
5662,0,0,0.68,0,0,0,0.105,0.206852386,Highway,Morning,Clear
5663,0.49,0,0.66,0,0,0,0.850416667,0.553901163,Highway,Afternoon,Rain
5664,0,0,0,0,0,0,0.34875,0.071886007,Highway,Afternoon,Clear
5665,0.98,0,0.88,0.88,0.97,0,0.35,0.947166186,Highway,Morning,Clear
5666,0.67,0,0,0,0.62,0,0.184583333,0.372771907,Highway,Evening,Clear
5667,0,0,0.84,0,0,0.41,0.51875,0.374159462,Highway,Night,Rain
5668,0.7,0,0,0,0,0,0.164166667,0.25691109,Rural,Evening,Clear
5669,0,0,0,0.46,0,0,0.219583333,0.108923044,Highway,Evening,Clear
5670,0.55,0,0.66,0,0,0.54,0.704583333,0.596915359,Urban,Afternoon,Clear
5671,0,0,0,0,0,0.48,0.304166667,0.137794855,Urban,Evening,Rain
5672,0.68,0,0,0.56,0,0.77,0.72125,0.59414025,Urban,Evening,Clear
5673,0.8,0,0,0,0,0,0.105,0.288824848,Urban,Morning,Rain
5674,0,0,0,0.91,0,0,0.543333333,0.267264383,Rural,Evening,Clear
5675,0,0,0,0.61,0,0.5,0.496666667,0.27836482,Highway,Evening,Clear
5676,0.85,0,0,0,0,0.72,0.631666667,0.524282207,Urban,Afternoon,Rain
5677,0.85,0,0.6,0,0.95,0,0.33125,0.674831892,Urban,Afternoon,Rain
5678,0,0,0,0,0,0,0.766666667,0.183584161,Rural,Night,Rain
5679,0,0,0,0,0,0,0.6375,0.16170349,Rural,Afternoon,Rain
5680,0.75,0,0,0.98,0,0,0.374166667,0.463763475,Urban,Evening,Clear
5681,0.94,0,0.59,0,0,0,0.175,0.506564201,Urban,Morning,Rain
5682,0.89,0,0,0,0,0.75,0.548333333,0.551606361,Urban,Morning,Clear
5683,0.85,0,0,0.99,0.87,0.58,0.452083333,0.781033195,Highway,Morning,Clear
5684,0.43,0,0.86,0,0,0.42,0.906666667,0.638915573,Urban,Night,Clear
5685,0.4,0,0,0,0,0.42,0.745416667,0.377148041,Highway,Afternoon,Clear
5686,0,0,0,0,0,0,0.8425,0.20717259,Highway,Night,Clear
5687,0,0,0,0,0,0,0.430416667,0.097288932,Highway,Afternoon,Clear
5688,0,0,0.43,0,0,0.42,0.853333333,0.392784716,Urban,Afternoon,Clear
5689,0.53,0,0,0,0,0,0.73375,0.361351265,Rural,Afternoon,Clear
5690,0.8,0,0,0,0,0,0.354583333,0.329864447,Highway,Afternoon,Clear
5691,0.65,0,0.41,0,0,0,0.404166667,0.402284129,Highway,Afternoon,Clear
5692,0.64,0,0.88,0,0,0.84,0.601666667,0.706799018,Urban,Evening,Clear
5693,0.93,0,0,0,0,0,0.3575,0.372398335,Highway,Afternoon,Rain
5694,0.94,0,0,0,0,0,0.714166667,0.468246344,Highway,Night,Clear
5695,0.95,0,0.69,0,0,0.59,0.347083333,0.6644786,Highway,Morning,Rain
5696,0.59,0,0,0.56,0,0,0.609583333,0.450261501,Highway,Morning,Rain
5697,0,0,0,0,0,0.88,0.722083333,0.300725798,Urban,Afternoon,Clear
5698,0.81,0,0.48,0,0,0.66,0.73,0.675632405,Urban,Evening,Clear
5699,0,0,0.54,0.42,0,0,0.539583333,0.35996371,Urban,Morning,Clear
5700,0.56,0,0,0.82,0,0,0.14375,0.310758886,Highway,Evening,Clear
5701,0.51,0,0.96,0,0.85,0,0.74625,0.749759846,Highway,Night,Rain
5702,0.51,0,0,0.67,0,0,0.21375,0.297310279,Urban,Evening,Clear
5703,0.61,0.62,0,0,0,0,0.784166667,0.384352652,Rural,Night,Rain
5704,0.66,0,0,0,0,0.67,0.267083333,0.343633259,Highway,Afternoon,Rain
5705,0.9,0,0.92,0.46,0,0,0.334166667,0.650122745,Highway,Afternoon,Rain
5706,0,0,0,0,0,0,0.42,0.130643612,Highway,Morning,Rain
5707,0.47,0.86,0.83,0,0,0,0.862083333,0.594673925,Urban,Afternoon,Clear
5708,0.84,0,0,0,0,0,0.524583333,0.377254776,Highway,Night,Clear
5709,0.72,0,0.69,0,0,0,0.750416667,0.622425019,Urban,Evening,Clear
5710,0.57,0,0.71,0,0,0,0.295416667,0.437986978,Highway,Evening,Rain
5711,0.7,0,0,0,0,0,0.107916667,0.257711602,Highway,Morning,Clear
5712,0.58,0.6,0,0.82,0,0,0.445,0.392571246,Highway,Afternoon,Clear
5713,0,0,0,0,0,0,0.224583333,0.069858042,Highway,Morning,Clear
5714,0.76,0,0,0,0,0.71,0.570416667,0.47513075,Rural,Afternoon,Fog
5715,0.66,0,0,0,0.76,0.83,0.282916667,0.551659729,Highway,Morning,Clear
5716,0.5,0,0.99,0.42,0.78,0,0.719166667,0.804461522,Urban,Afternoon,Fog
5717,0.47,0,0.98,0,0,0,0.753333333,0.617568577,Highway,Evening,Clear
5718,0.73,0,0,0,0.78,0,0.757916667,0.564467926,Rural,Night,Clear
5719,0.94,0,0,0,0,0,0.76375,0.483669549,Highway,Night,Clear
5720,0,0,0,0,0,0,0.260416667,0.062706799,Highway,Evening,Clear
5721,0.61,0,0,0,0,0,0.0525,0.211655459,Urban,Morning,Clear
5722,0.84,0,0,0,0,0,0.324583333,0.351638382,Urban,Evening,Rain
5723,0,0,0.53,0,0,0,0.415833333,0.228519586,Highway,Afternoon,Fog
5724,0.8,0,0.89,0,0,0,0.897083333,0.726598356,Highway,Afternoon,Clear
5725,0,0,0.52,0,0,0,0.752083333,0.312253175,Urban,Night,Clear
5726,0.96,0,0.53,0,0,0,0.281666667,0.494182944,Highway,Afternoon,Clear
5727,0.89,0,0,0.92,0,0,0.708333333,0.568257018,Urban,Night,Clear
5728,0,0,0,0,0,0.56,0.515833333,0.177286797,Highway,Night,Clear
5729,0.74,0,0,0.48,0,0,0.561666667,0.436546056,Highway,Afternoon,Clear
5730,0.79,0,0,0,0,0,0.45875,0.377361511,Highway,Evening,Clear
5731,0,0,0,0.48,0,0,0.470416667,0.189507952,Rural,Evening,Clear
5732,0.94,0.97,0,0,0,0.47,0.865,0.593659942,Rural,Afternoon,Clear
5733,0.64,0,0,0,0,0,0.6375,0.366634646,Urban,Afternoon,Clear
5734,0.6,0,0,0,0,0.73,0.330416667,0.370103533,Urban,Evening,Clear
5735,0.41,0,0,0,0,0,0.307083333,0.208506778,Highway,Evening,Clear
5736,0.9,0,0,0,0,0.6,0.59,0.530259366,Rural,Evening,Clear
5737,0.88,0,0.81,0,0,0,0.859166667,0.71992742,Rural,Afternoon,Clear
5738,0.46,0,0.64,0,0,0,0.73375,0.502881844,Highway,Afternoon,Clear
5739,0.75,0,0,0,0,0.67,0.55,0.460454691,Urban,Afternoon,Clear
5740,0,0,0.96,0,0,0,0.787083333,0.435852279,Highway,Night,Clear
5741,0.68,0,0.45,0,0,0,0.555,0.487351905,Highway,Evening,Clear
5742,0,0,0,0,0,0,0.613333333,0.172483723,Urban,Evening,Rain
5743,0,0,0,0,0,0,0.879583333,0.237005017,Rural,Afternoon,Clear
5744,0,0,0,0,0,0.79,0.521666667,0.208560145,Highway,Night,Clear
5745,0,0,0.71,0.51,0,0,0.795833333,0.43985484,Highway,Night,Clear
5746,0.47,0,0,0,0.78,0.7,0.44,0.471982069,Rural,Night,Clear
5747,0.99,0,0,0.98,0,0,0.29625,0.49807877,Rural,Afternoon,Fog
5748,0.53,0,0.95,0,0,0,0.172083333,0.466591952,Highway,Morning,Clear
5749,0,0,0,0,0,0.77,0.42375,0.212135767,Rural,Evening,Clear
5750,0.44,0,0,0,0,0,0.625,0.317002882,Highway,Evening,Fog
5751,0,0,0.94,0,0,0,0.34125,0.346942043,Rural,Morning,Clear
5752,0,0,0,0,0,0,0.545416667,0.169655246,Highway,Morning,Clear
5753,0.76,0,0.49,0,0,0,0.83375,0.573326929,Urban,Night,Rain
5754,0,0,0.62,0,0,0,0.626666667,0.298857936,Highway,Night,Clear
5755,0.84,0,0,0,0,0,0.6375,0.430675632,Highway,Afternoon,Clear
5756,0.42,0,0,0,0,0,0.169166667,0.187106415,Urban,Morning,Clear
5757,0,0,0,0,0,0,0.385833333,0.101718433,Urban,Evening,Rain
5758,0.8,0,0,0,0,0.73,0.614166667,0.504109297,Rural,Afternoon,Clear
5759,0,0,0,0,0,0,0.132083333,0.022787918,Urban,Evening,Fog
5760,0,0,0.77,0,0,0,0.824166667,0.417013555,Urban,Afternoon,Clear
5761,0,0,0,0,0,0.84,0.526666667,0.23481695,Highway,Afternoon,Clear
5762,0.72,0,0.5,0,0,0,0.385833333,0.460347956,Urban,Evening,Clear
5763,0,0,0,0,0,0.82,0.155416667,0.135073113,Urban,Evening,Clear
5764,0.46,0,0,0,0,0,0.617083333,0.302647027,Urban,Afternoon,Clear
5765,0.5,0,0.98,0,0,0,0.430416667,0.508432063,Highway,Afternoon,Clear
5766,0.74,0,0,0,0,0,0.280833333,0.306009179,Highway,Evening,Clear
5767,0,0,0,0.82,0,0.72,0.622083333,0.372451702,Highway,Evening,Clear
5768,0.58,0,0,0,0,0.81,0.37625,0.40650016,Highway,Morning,Clear
5769,0.96,0,0,0,0,0.92,0.31375,0.486231188,Highway,Afternoon,Clear
5770,0.89,0,0,0,0,0,0.385833333,0.386700822,Rural,Evening,Rain
5771,0,0,0,0,0,0.66,0.452083333,0.225157434,Highway,Morning,Clear
5772,0.99,0,0,0,0,0,0.8075,0.513288505,Highway,Night,Fog
5773,0,0,0.95,0,0,0.65,0.129166667,0.3484897,Urban,Evening,Clear
5774,0.56,0,0,0,0,0,0.69,0.357348703,Highway,Afternoon,Clear
5775,0,0,0,0,0,0,0.405416667,0.126107375,Highway,Morning,Fog
5776,0.98,0,0.5,0,0,0,0.335,0.491194364,Urban,Night,Clear
5777,0,0,0,0,0,0.86,0.600833333,0.297043441,Highway,Morning,Clear
5778,0.66,0,0,0.88,0,0.75,0.496666667,0.5563027,Highway,Evening,Clear
5779,0,0,0,0,0,0.44,0.364166667,0.1147401,Urban,Night,Rain
5780,0,0,0.47,0,0,0,0.644583333,0.320898709,Urban,Morning,Rain
5781,0,0,0.45,0,0,0,0.329166667,0.16277084,Urban,Night,Rain
5782,0,0,0,0,0,0.94,0.697083333,0.33722916,Urban,Morning,Clear
5783,0.61,0,0,0.64,0,0.42,0.556666667,0.449354253,Urban,Night,Clear
5784,0.43,0,0.95,0,0,0,0.622916667,0.538211122,Urban,Afternoon,Clear
5785,0,0,0,0,0,0,0.30125,0.075408261,Urban,Evening,Fog
5786,0.43,0,0.52,0.6,0,0,0.367083333,0.407033835,Highway,Night,Clear
5787,0,0,0,0,0,0,0.4925,0.098302914,Urban,Night,Fog
5788,0.82,0,0,0,0,0,0.090416667,0.29069271,Urban,Morning,Fog
5789,0.67,0,0,0,0,0,0.093333333,0.243569218,Highway,Morning,Clear
5790,0,0,0,0.54,0,0,0.935833333,0.305368769,Highway,Night,Clear
5791,0.54,0,0,0,0,0,0.815416667,0.389956239,Urban,Afternoon,Clear
5792,0.77,0,0,0.69,0,0,0.43625,0.434037784,Urban,Afternoon,Fog
5793,0,0,0,0,0,0,0.865833333,0.214430569,Urban,Night,Fog
5794,0,0,0.65,0,0,0,0.67625,0.321966058,Urban,Night,Rain
5795,0.55,0,0,0,0,0,0.744583333,0.389422564,Urban,Evening,Fog
5796,0.75,0,0,0,0,0,0.407916667,0.31214644,Highway,Night,Clear
5797,0.62,0,0.67,0,0,0,0.600416667,0.502027965,Urban,Night,Rain
5798,0.89,0,0.76,0,0,0,0.6725,0.652257445,Highway,Afternoon,Clear
5799,0.89,0,0.44,0,0,0,0.393333333,0.46515103,Highway,Night,Clear
5800,0,0,0,0,0,0.85,0.45,0.23054755,Urban,Evening,Clear
5801,0.69,0,0.54,0,0,0.86,0.580416667,0.649962643,Rural,Morning,Clear
5802,0.61,0,0.96,0,0.73,0.97,0.50625,0.82660903,Rural,Afternoon,Rain
5803,0.62,0.84,0.95,0,0,0,0.87375,0.677073327,Highway,Afternoon,Clear
5804,0,0,0,0,0,0,0.775416667,0.186305902,Highway,Night,Fog
5805,0.88,0,0,0,0,0,0.766666667,0.4653645,Urban,Night,Clear
5806,0.6,0,0,0,0,0.43,0.485833333,0.361724837,Highway,Afternoon,Clear
5807,0,0,0,0,0,0,0.888333333,0.239726758,Urban,Afternoon,Clear
5808,0.53,0,0,0,0,0.76,0.56,0.441242395,Highway,Morning,Fog
5809,0,0,0,0.73,0,0.66,0.309166667,0.274202156,Highway,Morning,Clear
5810,0.45,0,0.87,0.78,0,0.6,0.678333333,0.718112926,Highway,Afternoon,Clear
5811,0.68,0,0,0,0.99,0,0.317916667,0.506831039,Highway,Morning,Fog
5812,0,0,0.41,0,0.84,0.45,0.5625,0.44412424,Highway,Night,Clear
5813,0.69,0,0,0,0,0,0.635416667,0.363699434,Highway,Night,Clear
5814,0.9,0,0,0,0.87,0,0.792083333,0.665119009,Highway,Afternoon,Clear
5815,0.53,0,0,0.55,0,0,0.25375,0.319084214,Urban,Morning,Clear
5816,0,0,0.6,0,0,0,0.678333333,0.328103319,Highway,Afternoon,Clear
5817,0,0,0.78,0,0,0.74,0.479166667,0.425338884,Highway,Evening,Fog
5818,0.63,0,0.57,0,0,0.69,0.4975,0.554274736,Highway,Afternoon,Rain
5819,0.89,0,0.95,0,0,0,0.73,0.737111752,Rural,Evening,Clear
5820,0,0,0,0.97,0,0.46,0.474166667,0.294054862,Rural,Afternoon,Clear
5821,0.89,0,0.78,0,0,0,0.59375,0.632885046,Highway,Afternoon,Clear
5822,0,0,0,0,0,0,0.439166667,0.100010673,Rural,Afternoon,Clear
5823,0,0,0,0,0,0,0.442916667,0.08287971,Rural,Night,Clear
5824,0,0,0,0,0,0.77,0.9,0.341978866,Urban,Afternoon,Clear
5825,0.63,0,0,0,0,0.84,0.11375,0.344700608,Highway,Morning,Clear
5826,0,0,0.44,0,0,0,0.549166667,0.265236418,Rural,Evening,Rain
5827,0.68,0.76,0.95,0,0,0,0.272083333,0.527430889,Highway,Evening,Clear
5828,0,0.93,0,0,0,0,0.66375,0.169868716,Rural,Afternoon,Clear
5829,0.58,0,0,0,0,0,0.86,0.398334934,Rural,Night,Rain
5830,0.96,0,0,0,0.92,0.86,0.072916667,0.616981535,Highway,Morning,Rain
5831,0.47,0,0,0,0,0,0.7375,0.325008005,Urban,Night,Clear
5832,0,0,0,0,0,0,0.692083333,0.1969794,Highway,Evening,Clear
5833,0.96,0,0,0,0,0,0.291666667,0.398121464,Urban,Morning,Clear
5834,0,0,0.97,0,0.53,0,0.82125,0.569164265,Highway,Afternoon,Rain
5835,0.81,0,0,0,0,0.94,0.665833333,0.568577223,Rural,Evening,Rain
5836,0.72,0,0,0,0,0.65,0.7375,0.48831252,Highway,Night,Clear
5837,0.42,0,0,0,0.45,0,0.164166667,0.25370904,Highway,Evening,Clear
5838,0.69,0,0.45,0,0,0,0.37875,0.399135447,Highway,Night,Clear
5839,0.64,0,0,0.5,0,0.97,0.66875,0.582933077,Highway,Evening,Rain
5840,0.5,0,0,0,0,0,0.687083333,0.33722916,Highway,Afternoon,Clear
5841,0.79,0.43,0.72,0,0,0.92,0.344166667,0.662290533,Rural,Morning,Clear
5842,0.98,0,0,0,0,0,0.70375,0.514409222,Highway,Evening,Clear
5843,0.74,0,0,0.98,0.69,0,0.237916667,0.532447433,Urban,Afternoon,Rain
5844,0.83,0,0,0,0,0,0.739583333,0.459227239,Rural,Afternoon,Clear
5845,0,0,0,0,0,0,0.18375,0.05715658,Urban,Morning,Clear
5846,0.44,0,0,0,0,0,0.172916667,0.17637955,Highway,Evening,Clear
5847,0,0,0,0,0,0,0.652916667,0.148201516,Urban,Night,Clear
5848,0.65,0,0.58,0,0,0,0.260416667,0.419415092,Highway,Evening,Fog
5849,0.47,0,0.64,0,0.71,0,0.105,0.483509446,Urban,Morning,Clear
5850,0,0,0.51,0,0,0.58,0.404166667,0.294054862,Rural,Afternoon,Rain
5851,0.77,0,0,0,0,0.5,0.58,0.436119116,Highway,Night,Rain
5852,0,0.55,0,0,0,0,0.705416667,0.164531967,Urban,Night,Clear
5853,0.96,0,0,0,0,0,0.824166667,0.527164052,Highway,Afternoon,Clear
5854,0.8,0,0,0,0,0,0.293333333,0.310812253,Urban,Afternoon,Clear
5855,0.45,0,0,0,0,0,0.724166667,0.35105134,Highway,Evening,Clear
5856,0.61,0,0,0,0,0,0.897083333,0.437773508,Highway,Afternoon,Clear
5857,0.73,0,0.75,0,0,0,0.090416667,0.453997225,Urban,Morning,Clear
5858,0.64,0,0,0.41,0,0,0.402083333,0.327623012,Urban,Night,Rain
5859,0,0,0.97,0,0,0,0.319583333,0.311292561,Highway,Afternoon,Clear
5860,0,0,0.7,0,0,0.66,0.302083333,0.321218913,Urban,Afternoon,Clear
5861,0,0,0,0.69,0,0,0.321666667,0.170135553,Urban,Evening,Clear
5862,0.9,0,0.45,0,0,0,0.530833333,0.568577223,Highway,Morning,Clear
5863,0.89,0,0.77,0,0,0.64,0.53625,0.676112712,Highway,Night,Rain
5864,0,0,0,0,0,0,0.627083333,0.195058171,Highway,Morning,Clear
5865,0.77,0,0,0,0,0,0.767916667,0.467125627,Urban,Evening,Rain
5866,0,0,0,0,0,0,0.655833333,0.149108763,Rural,Night,Fog
5867,0.62,0,0,0,0,0,0.277083333,0.284715551,Urban,Morning,Rain
5868,0.55,0,0.6,0,0,0,0.330416667,0.414291813,Highway,Evening,Clear
5869,0,0,0,0,0,0,0.579166667,0.143558544,Highway,Afternoon,Clear
5870,0.46,0,0.91,0,0,0.75,0.477083333,0.588269826,Highway,Afternoon,Fog
5871,0.61,0,0.66,0,0,0,0.748333333,0.560572099,Highway,Afternoon,Rain
5872,0,0,0,0,0,0.75,0.8,0.32660903,Highway,Evening,Rain
5873,0.65,0,0,0,0,0,0.797083333,0.437773508,Urban,Evening,Clear
5874,0,0,0,0.6,0,0,0.644166667,0.222328957,Highway,Night,Rain
5875,0.81,0,0,0,0,0,0.360416667,0.334880991,Rural,Afternoon,Clear
5876,0,0,0,0,0,0,0.464583333,0.12621411,Urban,Evening,Clear
5877,0.79,0,0.52,0,0,0,0.87375,0.621357669,Highway,Afternoon,Clear
5878,0.44,0,0.51,0,0,0,0.609583333,0.461148468,Rural,Morning,Clear
5879,0.64,0,0,0,0,0,0.6725,0.377521614,Highway,Afternoon,Clear
5880,0.51,0,0,0,0,0,0.443333333,0.301206105,Highway,Morning,Clear
5881,0.49,0,0.86,0,0,0.85,0.342083333,0.574180809,Urban,Evening,Rain
5882,0,0,0,0,0,0.71,0.6825,0.30323407,Highway,Morning,Clear
5883,0.9,0,0,0,0,0,0.389583333,0.372771907,Urban,Afternoon,Clear
5884,0.43,0,0.56,0,0,0,0.555,0.435478706,Highway,Evening,Clear
5885,0.65,0,0,0,0,0,0.67375,0.417707333,Highway,Morning,Clear
5886,0,0,0,0,0,0,0.399583333,0.124292881,Highway,Morning,Clear
5887,0.5,0,0,0,0,0,0.5375,0.308997759,Rural,Evening,Clear
5888,0,0,0,0,0,0,0.79875,0.193563881,Highway,Night,Clear
5889,0.93,0,0,0,0,0,0.818333333,0.515743409,Highway,Afternoon,Rain
5890,0,0,0.86,0,0,0,0.368333333,0.316575942,Rural,Evening,Clear
5891,0.73,0,0.52,0,0,0,0.844583333,0.5930729,Highway,Afternoon,Clear
5892,0,0,0,0,0,0.46,0.26625,0.123439001,Rural,Evening,Fog
5893,0,0,0,0,0,0,0.326666667,0.101611698,Urban,Morning,Rain
5894,0,0.68,0,0,0,0,0.710416667,0.184384673,Highway,Afternoon,Clear
5895,0,0,0,0,0,0,0.748333333,0.196178888,Urban,Afternoon,Clear
5896,0,0,0.59,0,0,0,0.809583333,0.366367809,Highway,Afternoon,Clear
5897,0.54,0,0,0,0,0,0.965,0.41818764,Highway,Night,Rain
5898,0,0,0.68,0,0,0,0.8425,0.381364073,Urban,Night,Fog
5899,0,0,0.97,0,0,0,0.718333333,0.453623652,Urban,Evening,Clear
5900,0,0,0.96,0,0,0,0.34125,0.352065322,Highway,Morning,Clear
5901,0.7,0,0,0,0,0,0.3575,0.298751201,Urban,Afternoon,Clear
5902,0.84,0,0,0,0,0,0.445833333,0.352759099,Urban,Night,Clear
5903,0.97,0,0,0,0,0,0.374166667,0.408688227,Rural,Evening,Clear
5904,0.53,0,0,0.67,0,0.91,0.37875,0.434998399,Highway,Night,Rain
5905,0.93,0,0,0,0,0,0.710416667,0.482175259,Urban,Afternoon,Rain
5906,0.96,0,0,0,0,0.59,0.47625,0.512808197,Urban,Evening,Clear
5907,0,0,0,0,0.9,0,0.519166667,0.334400683,Urban,Morning,Rain
5908,0,0,0,0,0,0,0.565416667,0.120984096,Urban,Night,Clear
5909,0,0,0,0,0,0,0.504166667,0.101931903,Highway,Night,Clear
5910,0.95,0,0,0,0,0,0.724166667,0.511153805,Highway,Evening,Fog
5911,0,0,0,0,0,0.98,0.557916667,0.280766357,Urban,Evening,Fog
5912,0.78,0,0,0,0,0,0.3525,0.30451489,Rural,Night,Clear
5913,0.78,0,0,0,0,0.47,0.456666667,0.415412531,Rural,Afternoon,Fog
5914,0.64,0,0.52,0,0,0,0.731666667,0.5108336,Urban,Night,Rain
5915,0.85,0,0,0,0,0.97,0.510416667,0.555181983,Rural,Morning,Clear
5916,0.72,0,0,0,0,0,0.232083333,0.266143665,Urban,Afternoon,Rain
5917,0,0,0.61,0,0.67,0.45,0.5375,0.491514569,Urban,Evening,Fog
5918,0.81,0,0,0,0,0,0.575416667,0.420055502,Highway,Evening,Clear
5919,0.66,0,0,0,0,0,0.62,0.367595261,Urban,Afternoon,Clear
5920,0.84,0,0.49,0,0,0,0.88625,0.615273775,Highway,Night,Clear
5921,0.89,0,0,0,0,0,0.61625,0.458373359,Highway,Evening,Fog
5922,0.49,0,0.71,0,0,0.54,0.310833333,0.468032874,Urban,Afternoon,Clear
5923,0,0,0,0,0,0,0.669583333,0.171683211,Highway,Afternoon,Clear
5924,0.9,0,0.68,0,0,0,0.58125,0.624879923,Urban,Evening,Rain
5925,0.72,0,0,0,0,0,0.64125,0.375120077,Urban,Night,Fog
5926,0.91,0,0.94,0,0.74,0.43,0.534583333,0.877414879,Urban,Evening,Clear
5927,0.66,0,0,0.74,0,0,0.554166667,0.478492902,Highway,Morning,Fog
5928,0,0,0,0,0,0,0.688333333,0.214110364,Urban,Morning,Clear
5929,0.63,0,0,0.66,0,0,0.927083333,0.519745971,Rural,Night,Rain
5930,0.95,0,0.96,0,0,0,0.617083333,0.705464831,Highway,Afternoon,Clear
5931,0.55,0,0,0.65,0,0.82,0.504166667,0.466325115,Urban,Night,Fog
5932,0.91,0,0,0,0,0,0.679583333,0.502775109,Highway,Morning,Clear
5933,0.69,0,0,0,0,0.91,0.60375,0.52529619,Rural,Morning,Clear
5934,0.71,0,0,0,0,0,0.67625,0.382804995,Highway,Night,Clear
5935,0.59,0,0,0,0,0,0.619166667,0.363219127,Urban,Evening,Clear
5936,0.74,0,0,0,0.72,0,0.565416667,0.496264276,Highway,Night,Clear
5937,0.6,0.54,0,0,0,0.66,0.50125,0.377681716,Urban,Night,Clear
5938,0.42,0.85,0.63,0,0,0,0.125416667,0.334880991,Highway,Morning,Clear
5939,0,0,0,0,0.42,0,0.679583333,0.292080265,Urban,Morning,Clear
5940,0.56,0,0.7,0,0,0.96,0.309166667,0.577756431,Urban,Morning,Clear
5941,0.4,0,0,0,0,0.75,0.290416667,0.277884513,Highway,Afternoon,Rain
5942,0.99,0,0,0,0,0,0.347083333,0.424965311,Highway,Morning,Clear
5943,0.98,0.95,0,0,0,0,0.867916667,0.54717686,Highway,Afternoon,Clear
5944,0.64,0,0.94,0,0,0,0.421666667,0.540292454,Rural,Afternoon,Clear
5945,0.84,0,0,0.84,0,0.78,0.574583333,0.655192657,Urban,Morning,Rain
5946,0.61,0,0.88,0,0.77,0,0.2525,0.610630804,Highway,Afternoon,Clear
5947,0,0,0.4,0,0,0.91,0.469166667,0.310065108,Rural,Night,Clear
5948,0,0,0,0,0,0,0.312916667,0.079037251,Highway,Evening,Clear
5949,0,0.65,0.59,0,0,0,0.4725,0.298110791,Highway,Morning,Clear
5950,0,0,0,0,0,0,0.50625,0.120877362,Highway,Afternoon,Clear
5951,0.8,0.61,0,0,0,0,0.669583333,0.427847156,Highway,Afternoon,Clear
5952,0.88,0.98,0.65,0.81,0,0,0.37875,0.61495357,Highway,Night,Rain
5953,0,0,0.54,0,0.9,0.58,0.754166667,0.58352012,Rural,Afternoon,Clear
5954,0.97,0,0.52,0,0,0,0.421666667,0.538371224,Highway,Afternoon,Clear
5955,0.64,0,0,0,0,0,0.2975,0.297470381,Highway,Morning,Rain
5956,0.87,0,0,0,0,0.61,0.5075,0.514569324,Urban,Morning,Clear
5957,0.56,0,0,0,0,0,0.36625,0.256644252,Highway,Afternoon,Clear
5958,0.99,0,0,0,0,0.94,0.596666667,0.586401964,Highway,Afternoon,Clear
5959,0,0,0,0,0,0,0.979583333,0.249813214,Highway,Night,Rain
5960,0.42,0,0.42,0,0,0,0.33625,0.328370157,Urban,Evening,Rain
5961,0.76,0,0,0,0,0,0.59375,0.391450528,Highway,Afternoon,Clear
5962,0,0,0,0,0,0,0.414166667,0.128829117,Rural,Morning,Fog
5963,0,0,0.79,0,0,0,0.661666667,0.353292774,Rural,Night,Clear
5964,0.8,0,0,0,0,0,0.608333333,0.408794962,Urban,Afternoon,Clear
5965,0.81,0,0.56,0,0,0,0.69875,0.583573487,Rural,Afternoon,Rain
5966,0.47,0,0,0,0,0,0.785416667,0.376507632,Urban,Evening,Rain
5967,0.96,0,0.43,0,0,0,0.765,0.637207813,Highway,Evening,Rain
5968,0,0,0,0,0,0.94,0.49375,0.255683638,Urban,Evening,Clear
5969,0.51,0,0,0,0,0,0.489583333,0.260700181,Rural,Night,Clear
5970,0,0,0,0,0,0.99,0.806666667,0.341124987,Highway,Afternoon,Clear
5971,0.77,0,0,0,0,0,0.346666667,0.299498346,Highway,Night,Clear
5972,0.53,0,0,0,0,0.94,0.407083333,0.380136621,Highway,Afternoon,Clear
5973,0.58,0,0,0,0,0,0.755,0.365674031,Urban,Night,Clear
5974,0.73,0,0.54,0.9,0,0,0.3625,0.58181236,Rural,Evening,Clear
5975,0.65,0,0,0.55,0,0.48,0.242916667,0.397320952,Urban,Evening,Fog
5976,0,0,0,0,0,0.89,0.040833333,0.126694418,Urban,Morning,Rain
5977,0.5,0,0,0,0,0,0.55375,0.277457573,Rural,Night,Clear
5978,0,0,0,0,0,0,0.662083333,0.205945138,Highway,Morning,Clear
5979,0.5,0,0,0,0,0,0.835833333,0.383498773,Rural,Afternoon,Rain
5980,0.65,0,0,0,0,0,0.28,0.295228947,Urban,Morning,Rain
5981,0.85,0,0.88,0,0,0.65,0.2875,0.633685559,Highway,Afternoon,Rain
5982,0.94,0,0.91,0.77,0,0,0.521666667,0.740100331,Highway,Night,Rain
5983,0.45,0,0,0,0.49,0.99,0.90375,0.591258405,Rural,Night,Fog
5984,0.64,0,0,0,0,0,0.79,0.395773295,Rural,Night,Fog
5985,0,0,0,0,0,0,0.303333333,0.09435372,Urban,Morning,Clear
5986,0,0,0,0.75,0,0,0.776666667,0.319351051,Urban,Evening,Clear
5987,0,0,0,0,0,0,0.482083333,0.131657594,Rural,Evening,Clear
5988,0,0.67,0,0,0,0,0.515833333,0.105560892,Highway,Night,Clear
5989,0.46,0,0,0,0,0,0.41,0.238232469,Highway,Afternoon,Clear
5990,0,0,0,0,0,0,0.487916667,0.133472089,Highway,Evening,Clear
5991,0.41,0,0,0,0,0,0.459583333,0.237645426,Rural,Afternoon,Clear
5992,0,0,0.69,0,0,0,0.652916667,0.324954638,Highway,Night,Clear
5993,0.8,0,0.65,0,0,0.68,0.53625,0.621677874,Rural,Night,Clear
5994,0.76,0,0.99,0,0.76,0,0.44875,0.727665706,Urban,Night,Clear
5995,0.5,0,0,0,0,0.73,0.5625,0.373679155,Highway,Night,Clear
5996,0.54,0,0.52,0,0,0.72,0.449166667,0.538051019,Rural,Morning,Clear
5997,0,0,0,0.62,0,0.59,0.286666667,0.225851211,Urban,Evening,Clear
5998,0.41,0,0.53,0,0,0,0.526666667,0.394279005,Urban,Afternoon,Rain
5999,0,0,0,0,0,0,0.53625,0.111911623,Highway,Night,Clear
6000,0,0,0,0,0,0,0.675416667,0.173497705,Highway,Afternoon,Clear
6001,0.9,0,0,0,0,0.45,0.492916667,0.49914612,Rural,Morning,Clear
6002,0.98,0,0,0,0,0,0.68625,0.508965738,Highway,Evening,Rain
6003,0.48,0,0,0.69,0,0,0.606666667,0.430782367,Highway,Morning,Clear
6004,0.54,0,0.58,0.59,0,0,0.342916667,0.467125627,Highway,Afternoon,Clear
6005,0.92,0,0,0,0,0,0.521666667,0.401963924,Rural,Night,Rain
6006,0,0,0.5,0,0,0,0.86,0.340698047,Urban,Night,Clear
6007,0,0,0,0,0,0.94,0.697916667,0.319190949,Urban,Evening,Clear
6008,0,0,0,0,0,0.88,0.491666667,0.229053261,Rural,Afternoon,Clear
6009,0.96,0,0.63,0,0,0,0.51625,0.629362792,Rural,Morning,Clear
6010,0,0,0,0.49,0,0.48,0.678333333,0.298644466,Highway,Afternoon,Clear
6011,0.65,0,0,0,0,0,0.5325,0.337175793,Highway,Afternoon,Rain
6012,0.43,0,0,0.53,0,0,0.776666667,0.428861138,Urban,Evening,Clear
6013,0,0,0.95,0,0,0.87,0.619166667,0.529085281,Urban,Evening,Clear
6014,0,0.69,0,0.46,0,0.78,0.464583333,0.285035756,Urban,Evening,Rain
6015,0,0,0.77,0.81,0,0,0.724166667,0.507951756,Highway,Evening,Clear
6016,0,0,0.65,0,0,0,0.727083333,0.374372932,Urban,Evening,Rain
6017,0.42,0,0,0,0,0,0.77375,0.356868396,Urban,Evening,Rain
6018,0,0,0.96,0.8,0,0,0.329583333,0.450901911,Urban,Morning,Rain
6019,0.74,0,0,0,0,0.65,0.119583333,0.357402071,Urban,Morning,Rain
6020,0.64,0,0,0,0,0,0.89125,0.445565162,Highway,Afternoon,Rain
6021,0.42,0,0,0,0,0,0.479166667,0.265236418,Urban,Evening,Clear
6022,0,0,0,0,0,0,0.067083333,0.020866688,Urban,Morning,Fog
6023,0,0,0.43,0,0,0,0.584166667,0.273561746,Rural,Evening,Clear
6024,0.75,0,0,0,0,0,0.17,0.274735831,Urban,Evening,Clear
6025,0,0,0,0.97,0.76,0.55,0.355416667,0.396360337,Urban,Night,Clear
6026,0,0,0,0,0,0.92,0.47625,0.247678514,Highway,Evening,Rain
6027,0,0,0,0.84,0,0.82,0.512083333,0.33530793,Urban,Afternoon,Clear
6028,0,0,0,0.43,0,0.73,0.328333333,0.214110364,Highway,Afternoon,Clear
6029,0.41,0,0.53,0.93,0,0,0.515833333,0.491728039,Highway,Night,Clear
6030,0,0,0,0,0,0,0.36125,0.057476785,Highway,Night,Clear
6031,0.87,0,0.74,0,0,0,0.741666667,0.680542214,Urban,Evening,Rain
6032,0,0.61,0.77,0.92,0,0,0.819166667,0.514996264,Rural,Night,Clear
6033,0,0,0,0,0,0,0.62875,0.158981748,Rural,Afternoon,Clear
6034,0.58,0,0,0.67,0.5,0,0.58,0.493115594,Urban,Night,Clear
6035,0.42,0,0,0.75,0,0,0.495416667,0.329757712,Rural,Night,Clear
6036,0.75,0,0.42,0,0,0,0.717083333,0.515903512,Highway,Night,Clear
6037,0,0.95,0,0.99,0.47,0,0.692083333,0.414078343,Highway,Evening,Rain
6038,0.64,0,0.64,0,0,0,0.524583333,0.477158715,Urban,Night,Clear
6039,0.98,0,0,0,0,0,0.731666667,0.486498025,Highway,Night,Clear
6040,0.73,0.74,0,0,0.99,0.77,0.235,0.55907781,Rural,Afternoon,Clear
6041,0,0,0,0,0,0,0.457916667,0.142437827,Highway,Morning,Clear
6042,0.57,0,0.79,0,0,0,0.307083333,0.462109083,Rural,Evening,Clear
6043,0,0,0.82,0.72,0,0,0.8125,0.518411784,Highway,Afternoon,Clear
6044,0.83,0,0.78,0,0,0.45,0.970833333,0.770306329,Urban,Night,Clear
6045,0.56,0,0.59,0,0,0,0.557083333,0.503735724,Urban,Morning,Rain
6046,0,0,0,0,0,0,0.457916667,0.142437827,Urban,Morning,Clear
6047,0,0,0,0,0,0,0.685416667,0.213203117,Highway,Morning,Clear
6048,0,0,0,0,0.64,0.68,0.41125,0.337976305,Highway,Morning,Clear
6049,0.94,0,0,0,0,0,0.125416667,0.340004269,Highway,Morning,Clear
6050,0,0,0.46,0,0,0,0.55125,0.289305155,Highway,Morning,Clear
6051,0.62,0,0.66,0,0,0,0.046666667,0.382111218,Urban,Morning,Clear
6052,0.73,0,0,0,0,0.52,0.154583333,0.348436333,Rural,Morning,Clear
6053,0,0,0.48,0,0,0.53,0.83875,0.415145693,Highway,Afternoon,Clear
6054,0.43,0,0.97,0,0,0,0.272916667,0.434464724,Highway,Afternoon,Rain
6055,0.66,0,0.69,0,0,0,0.631666667,0.547977372,Highway,Afternoon,Rain
6056,0,0,0,0,0,0.8,0.500416667,0.221528445,Highway,Afternoon,Clear
6057,0,0,0.59,0,0,0,0.204166667,0.214644039,Highway,Morning,Fog
6058,0.9,0,0.86,0,0.54,0,0.871666667,0.828476892,Urban,Night,Rain
6059,0.88,0,0,0,0,0,0.89125,0.522414345,Urban,Afternoon,Rain
6060,0,0,0,0,0,0.95,0.409166667,0.230654285,Rural,Evening,Clear
6061,0,0,0.7,0.94,0.5,0,0.795,0.60646814,Urban,Afternoon,Clear
6062,0.53,0,0.59,0,0,0,0.725833333,0.491728039,Urban,Night,Clear
6063,0.54,0,0,0.45,0,0,0.670833333,0.439214431,Rural,Morning,Rain
6064,0.89,0,0,0,0,0,0.128333333,0.32490127,Urban,Morning,Clear
6065,0.96,0,0.89,0,0,0,0.736666667,0.727932543,Urban,Afternoon,Rain
6066,0,0,0.92,0,0,0,0.1925,0.295549151,Highway,Morning,Clear
6067,0.46,0,0.8,0,0,0,0.743333333,0.528551606,Highway,Night,Clear
6068,0.67,0,0.43,0,0,0,0.787083333,0.514622692,Urban,Night,Clear
6069,0.6,0,0.74,0,0,0,0.459583333,0.488045683,Highway,Afternoon,Clear
6070,0.92,0,0.86,0.51,0,0,0.62125,0.773455011,Highway,Morning,Rain
6071,0.45,0.86,0,0,0,0,0.550833333,0.260540079,Urban,Night,Clear
6072,0.53,0,0.48,0,0,0,0.67625,0.448126801,Rural,Night,Clear
6073,0,0,0,0,0,0.64,0.609166667,0.216565268,Urban,Night,Clear
6074,0,0,0.54,0,0,0,0.825,0.340057637,Highway,Night,Rain
6075,0.85,0,0.93,0,0,0.52,0.678333333,0.751414238,Highway,Afternoon,Clear
6076,0,0,0.41,0,0.8,0.79,0.137083333,0.402550966,Highway,Morning,Clear
6077,0.43,0,0.85,0,0,0,0.272916667,0.403725051,Highway,Afternoon,Rain
6078,0,0,0.68,0,0.77,0,0.370416667,0.437346568,Highway,Morning,Rain
6079,0,0,0,0,0,0,0.24,0.056356068,Highway,Evening,Clear
6080,0.7,0,0,0.66,0,0,0.750416667,0.5238019,Urban,Evening,Clear
6081,0,0,0,0,0,0,0.71625,0.186199167,Highway,Afternoon,Clear
6082,0.67,0,0.67,0,0,0,0.58875,0.514409222,Highway,Night,Clear
6083,0.6,0,0.4,0,0,0,0.587083333,0.458907034,Urban,Evening,Clear
6084,0,0,0.89,0,0,0,0.510416667,0.386754189,Urban,Morning,Clear
6085,0.64,0,0,0,0,0.92,0.83,0.544348383,Highway,Afternoon,Clear
6086,0.72,0,0.62,0,0,0,0.263333333,0.452983243,Urban,Evening,Fog
6087,0,0,0,0.75,0,0,0.547083333,0.229640303,Highway,Afternoon,Clear
6088,0.5,0,0,0,0,0,0.4575,0.247518412,Urban,Night,Fog
6089,0,0,0,0,0,0,0.65,0.147294268,Rural,Night,Fog
6090,0.74,0,0.72,0,0,0,0.495416667,0.520599851,Rural,Night,Rain
6091,0,0,0,0,0,0,0.27,0.04739033,Rural,Afternoon,Rain
6092,0.88,0,0,0,0,0,0.73375,0.473422991,Urban,Afternoon,Rain
6093,0.86,0,0.81,0,0,0,0.37125,0.580051233,Rural,Evening,Clear
6094,0.49,0,0,0,0,0.85,0.146666667,0.293094247,Highway,Evening,Clear
6095,0.49,0,0.82,0.89,0,0,0.498333333,0.581065215,Rural,Night,Clear
6096,0,0,0.97,0,0,0,0.275,0.315722062,Urban,Evening,Clear
6097,0.56,0,0.72,0,0,0,0.67625,0.519212296,Highway,Night,Clear
6098,0.62,0,0.64,0,0.79,0,0.775416667,0.700555022,Rural,Night,Clear
6099,0,0,0,0,0,0.92,0.315833333,0.197779912,Urban,Evening,Rain
6100,0.65,0,0,0,0,0,0.629583333,0.349076742,Urban,Night,Clear
6101,0.81,0,0,0,0,0,0.757083333,0.458266624,Highway,Afternoon,Rain
6102,0,0,0,0,0,0,0.2875,0.052833814,Highway,Afternoon,Clear
6103,0.43,0,0,0.99,0,0.72,0.867916667,0.590084321,Highway,Afternoon,Clear
6104,0.42,0,0.97,0,0,0.85,0.294583333,0.583466752,Urban,Morning,Clear
6105,0.64,0,0,0,0,0,0.587916667,0.351211442,Highway,Afternoon,Clear
6106,0.82,0,0,0,0,0.48,0.72,0.493115594,Highway,Night,Clear
6107,0.52,0,0,0,0,0,0.69,0.344540506,Urban,Afternoon,Clear
6108,0.78,0,0,0,0,0,0.380833333,0.331625574,Highway,Afternoon,Clear
6109,0.56,0,0.79,0,0,0,0.412083333,0.491567937,Urban,Evening,Rain
6110,0,0,0,0,0,0,0.260416667,0.062706799,Rural,Evening,Rain
6111,0,0,0,0,0,0,0.302083333,0.05737005,Rural,Afternoon,Clear
6112,0,0.89,0,0,0,0.61,0.240833333,0.11644786,Urban,Afternoon,Clear
6113,0.93,0,0.58,0,0.45,0.63,0.48125,0.763208453,Urban,Morning,Clear
6114,0.94,0,0,0,0,0,0.492916667,0.45431743,Highway,Morning,Clear
6115,0,0,0,0,0.94,0,0.662083333,0.386540719,Highway,Morning,Rain
6116,0.58,0,0,0,0,0.71,0.515,0.400256164,Highway,Afternoon,Fog
6117,0.54,0,0,0,0,0,0.305,0.23118796,Urban,Afternoon,Rain
6118,0.65,0,0,0,0,0,0.835833333,0.431529512,Highway,Afternoon,Clear
6119,0.54,0,0.48,0,0,0,0.263333333,0.359483403,Highway,Evening,Fog
6120,0,0,0,0,0.63,0.96,0.5975,0.374959974,Highway,Night,Clear
6121,0,0,0.91,0.63,0,0,0.61625,0.487191803,Urban,Evening,Clear
6122,0.8,0,0.62,0,0,0,0.704583333,0.597555769,Highway,Afternoon,Fog
6123,0,0,0,0.43,0,0,0.629583333,0.196018785,Highway,Night,Rain
6124,0,0,0,0,0,0,0.382083333,0.118849397,Urban,Morning,Clear
6125,0.9,0,0.8,0.88,0,0.92,0.17875,0.760967019,Highway,Evening,Clear
6126,0.8,0.61,0,0,0,0,0.382083333,0.375013342,Highway,Morning,Clear
6127,0,0,0,0,0,0,0.2225,0.050912584,Highway,Evening,Clear
6128,0.89,0,0,0,0,0,0.495416667,0.38419255,Highway,Night,Rain
6129,0.64,0,0,0,0,0,0.679583333,0.416319778,Rural,Morning,Fog
6130,0.49,0,0.68,0,0,0,0.568333333,0.452983243,Highway,Night,Rain
6131,0,0,0,0,0.59,0.48,0.492916667,0.328156687,Highway,Morning,Clear
6132,0.84,0,0,0,0,0,0.40625,0.377041306,Urban,Evening,Rain
6133,0.62,0,0.52,0,0,0,0.2525,0.373679155,Highway,Afternoon,Clear
6134,0.8,0.66,0,0,0,0,0.351666667,0.328957199,Highway,Afternoon,Rain
6135,0.56,0,0.76,0,0,0,0.415833333,0.466752055,Urban,Afternoon,Clear
6136,0.45,0,0,0,0,0,0.9125,0.373038745,Urban,Night,Clear
6137,1,0,0,0.76,0,0.5,0.687083333,0.658714911,Rural,Afternoon,Clear
6138,0.49,0.91,0.44,0,0,0.61,0.438333333,0.46579144,Highway,Evening,Clear
6139,0.99,0,0,0,0,0,0.627916667,0.494022841,Highway,Evening,Clear
6140,0.99,0.62,0,0,0,0,0.815416667,0.534048458,Highway,Afternoon,Clear
6141,0.88,0,0,0.52,0,0,0.83875,0.572686519,Urban,Afternoon,Clear
6142,0,0,0,0,0,0,0.748333333,0.196178888,Urban,Afternoon,Rain
6143,0.8,0,0.65,0,0,0,0.90375,0.648895293,Urban,Night,Clear
6144,0,0,0,0,0,0.57,0.299166667,0.129469527,Rural,Afternoon,Rain
6145,0,0,0,0,0,0,0.675416667,0.173497705,Rural,Afternoon,Clear
6146,0.75,0,0,0,0,0,0.63375,0.418988152,Urban,Evening,Rain
6147,0,0.88,0,0,0.68,0,0.57125,0.253442203,Highway,Night,Clear
6148,0,0,0,0,0.63,0.77,0.774583333,0.424004696,Highway,Afternoon,Fog
6149,0.92,0,0,0.7,0,0.94,0.454583333,0.59115167,Highway,Night,Clear
6150,0.57,0,0,0,0,0,0.36125,0.239993596,Highway,Night,Rain
6151,0,0,0.73,0.85,0,0.98,0.2875,0.474223503,Rural,Afternoon,Clear
6152,0.68,0,0.66,0,0,0.79,0.242083333,0.563293841,Urban,Morning,Clear
6153,0.77,0,0,0,0,0,0.521666667,0.353933184,Highway,Night,Clear
6154,0.65,0,0.85,0,0,0.9,0.625833333,0.699220835,Rural,Afternoon,Rain
6155,0.66,0,0,0,0,0,0.434583333,0.346515103,Highway,Morning,Clear
6156,0.6,0,0,0,0,0,0.42,0.322766571,Urban,Morning,Rain
6157,0.74,0,0.9,0,0.92,0,0.876666667,0.880350091,Urban,Afternoon,Clear
6158,0,0,0,0,0,0,0.373333333,0.116127655,Rural,Morning,Rain
6159,0.91,0,0,0,0,0,0.447916667,0.394118903,Urban,Afternoon,Rain
6160,0.52,0,0,0,0,0,0.210833333,0.213790159,Highway,Evening,Clear
6161,0,0,0,0,0,0.72,0.495416667,0.191429181,Urban,Night,Rain
6162,0.96,0,0.86,0.86,0,0,0.65,0.785142491,Highway,Night,Clear
6163,0,0,0,0,0,0.52,0.556666667,0.18486498,Urban,Night,Clear
6164,0.81,0,0,0,0,0,0.78125,0.447486391,Urban,Night,Clear
6165,0.89,0,0,0.7,0,0,0.806666667,0.588963603,Highway,Afternoon,Clear
6166,0.73,0,0,0,0.96,0,0.407916667,0.490180382,Highway,Night,Clear
6167,0.87,0,0.42,0,0,0,0.47625,0.516010247,Rural,Evening,Rain
6168,0.41,0,0.52,0,0,0,0.449166667,0.404205358,Urban,Morning,Clear
6169,0,0,0.72,0,0,0,0.679583333,0.395826662,Highway,Morning,Clear
6170,0.89,0,0,0,0,0.71,0.30625,0.471181556,Highway,Morning,Rain
6171,0.42,0,0,0,0,0,0.029166667,0.143558544,Rural,Morning,Fog
6172,0,0,0,0,0.58,0,0.07,0.133205251,Urban,Morning,Fog
6173,0.93,0,0.96,0,0,0.73,0.888333333,0.876934571,Rural,Afternoon,Clear
6174,1,0,0,0,0.92,0,0.519166667,0.658448073,Highway,Morning,Clear
6175,0.58,0,0.9,0,0.87,0,0.643333333,0.746931369,Rural,Afternoon,Rain
6176,0.53,0,0,0,0.96,0.85,0.415833333,0.555769026,Rural,Afternoon,Clear
6177,0.86,0,0,0,0,0,0.56375,0.43243676,Highway,Evening,Rain
6178,0,0,0,0,0.55,0,0.27,0.153057957,Urban,Afternoon,Clear
6179,0.55,0,0,0,0.75,0.53,0.5775,0.567723343,Highway,Morning,Clear
6180,0.92,0,0,0,0,0,0.335,0.343900096,Highway,Night,Rain
6181,0.46,0,0.91,0,0,0.62,0.582083333,0.604280073,Urban,Afternoon,Clear
6182,0.48,0,0.58,0.58,0,0,0.953333333,0.618208987,Urban,Night,Clear
6183,0.99,0,0,0,0,0.62,0.7475,0.610630804,Highway,Evening,Clear
6184,0,0,0,0,0,0,0.256666667,0.079837763,Rural,Morning,Clear
6185,0.8,0,0,0,0,0,0.583333333,0.437613406,Rural,Morning,Clear
6186,0.91,0,0.66,0,0,0,0.349583333,0.514302487,Rural,Night,Clear
6187,0.59,0,0,0,0.56,0.98,0.736666667,0.614579998,Urban,Afternoon,Clear
6188,0,0,0,0,0.89,0,0.609583333,0.36060412,Highway,Morning,Clear
6189,0,0,0.68,0,0,0,0.718333333,0.379336108,Highway,Evening,Clear
6190,0.81,0,0,0,0.4,0,0.07,0.357989113,Highway,Morning,Clear
6191,0.76,0,0,0,0,0,0.49,0.395773295,Highway,Morning,Clear
6192,0.76,0,0,0,0.74,0.67,0.490833333,0.605720995,Highway,Evening,Clear
6193,0,0,0,0.98,0,0,0.678333333,0.299925286,Urban,Afternoon,Rain
6194,0.81,0,0,0,0,0,0.619166667,0.433664212,Urban,Evening,Clear
6195,0.75,0,0.49,0,0,0.85,0.470416667,0.602572313,Rural,Evening,Clear
6196,0,0,0,0.8,0,0,0.093333333,0.131497492,Rural,Morning,Clear
6197,0,0,0,0,0,0.85,0.451666667,0.194471128,Rural,Night,Fog
6198,0,0,0,0,0,0,0.258333333,0.043761341,Urban,Afternoon,Clear
6199,0.66,0,0.42,0,0,0,0.482083333,0.450581706,Highway,Evening,Clear
6200,0,0,0.97,0,0,0.56,0.447083333,0.440975558,Highway,Evening,Rain
6201,0.57,0,0,0,0,0,0.748333333,0.378695699,Urban,Afternoon,Rain
6202,0.86,0,0,0,0,0,0.976666667,0.524282207,Rural,Night,Clear
6203,0.54,0,0,0,0,0,0.589166667,0.356174618,Highway,Morning,Clear
6204,0.82,0,0,0,0,0,0.351666667,0.335361298,Urban,Afternoon,Clear
6205,0.54,0,0,0,0.6,0,0.935833333,0.524388942,Highway,Night,Rain
6206,0.78,0,0,0,0,0,0.53375,0.415786103,Urban,Morning,Clear
6207,0.85,0,0.54,0.64,0,0,0.5325,0.621517771,Urban,Afternoon,Clear
6208,0,0,0,0,0,0,0.827916667,0.202636354,Highway,Night,Fog
6209,0.53,0,0,0,0,0,0.299166667,0.226171416,Urban,Afternoon,Clear
6210,0.44,0,0.54,0,0,0,0.713333333,0.46451062,Urban,Afternoon,Rain
6211,0.48,0,0,0,0,0,0.439166667,0.25370904,Highway,Afternoon,Clear
6212,0,0,0,0,0,0,0.207916667,0.046376348,Urban,Evening,Clear
6213,0,0.96,0,0,0,0,0.62,0.156260006,Highway,Afternoon,Clear
6214,0,0,0,0,0,0,0.631666667,0.159888996,Urban,Afternoon,Fog
6215,0,0,0,0,0,0,0.41375,0.073807237,Highway,Night,Clear
6216,0.76,0,0,0,0,0.74,0.304166667,0.414451916,Highway,Evening,Clear
6217,0,0,0,0,0,0,0.081666667,0.025402925,Highway,Morning,Rain
6218,0.91,0,0,0,0.59,0,0.682083333,0.562013022,Urban,Night,Clear
6219,0.43,0,0,0,0,0,0.470416667,0.265716725,Highway,Evening,Clear
6220,0,0,0.45,0.57,0,0,0.4925,0.286583413,Urban,Night,Clear
6221,0,0,0.96,0,0,0,0.52875,0.392090938,Highway,Evening,Clear
6222,0,0,0,0,0,0,0.6325,0.141850785,Urban,Night,Clear
6223,0,0,0,0.84,0,0,0.622916667,0.264756111,Urban,Afternoon,Rain
6224,0.84,0,0,0,0,0.94,0.564583333,0.528391504,Highway,Afternoon,Clear
6225,0,0,0.75,0,0,0,0.3275,0.275696446,Rural,Evening,Clear
6226,0,0,0,0.55,0,0,0.386666667,0.154125307,Highway,Afternoon,Clear
6227,0.6,0,0.8,0,0,0,0.62875,0.556035863,Highway,Afternoon,Rain
6228,0.69,0,0,0,0,0,0.965,0.46621838,Highway,Night,Clear
6229,0,0,0,0,0,0,0.575416667,0.160689508,Highway,Evening,Rain
6230,0.96,0,0,0,0,0,0.145833333,0.352759099,Rural,Morning,Clear
6231,0.6,0,0,0,0,0,0.794166667,0.420856015,Highway,Evening,Clear
6232,0.68,0.77,0.95,0,0,0,0.574583333,0.63982282,Highway,Morning,Rain
6233,0.41,0,0,0,0,0,0.107916667,0.164852172,Urban,Morning,Rain
6234,0.45,0,0,0.5,0,0.69,0.555833333,0.432810332,Urban,Afternoon,Clear
6235,0.56,0,0.61,0,0,0,0.657083333,0.5216672,Urban,Evening,Fog
6236,0,0,0.77,0,0,0,0.373333333,0.313373893,Rural,Morning,Rain
6237,0,0,0,0,0.79,0,0.426666667,0.266197033,Urban,Evening,Fog
6238,0.42,0,0,0,0,0,0.715416667,0.33872345,Rural,Evening,Fog
6239,0.78,0,0,0,0.91,0,0.79875,0.61815562,Highway,Night,Clear
6240,0.66,0,0,0,0,0.97,0.783333333,0.542640623,Urban,Afternoon,Rain
6241,0,0.84,0,0,0,0,0.489583333,0.097395667,Highway,Night,Clear
6242,0.73,0,0.42,0,0,0.53,0.7425,0.603586295,Highway,Afternoon,Rain
6243,0.5,0,0.51,0.72,0,0.44,0.755,0.619276337,Highway,Night,Clear
6244,0,0,0,0,0,0.93,0.33625,0.205411463,Urban,Evening,Fog
6245,0.58,0,0,0,0.77,0,0.7125,0.53698367,Highway,Evening,Fog
6246,0.8,0.88,0,0.57,0,0,0.879583333,0.566175686,Highway,Afternoon,Clear
6247,0,0,0.9,0,0.91,0,0.169166667,0.457999787,Urban,Morning,Rain
6248,0.98,0,0,0.78,0,0,0.41875,0.507364713,Highway,Afternoon,Clear
6249,0.43,0,0,0,0,0,0.6375,0.299391611,Highway,Afternoon,Clear
6250,0,0,0,0,0,0,0.645416667,0.182463443,Urban,Evening,Clear
6251,0.93,0,0,0,0,0,0.303333333,0.392144306,Urban,Morning,Clear
6252,0.75,0,0.86,0,0,0,0.61125,0.613992955,Rural,Afternoon,Clear
6253,0,0,0,0,0.56,0,0.941666667,0.345607856,Urban,Night,Rain
6254,0.74,0,0,0.47,0,0,0.64125,0.441722703,Highway,Night,Rain
6255,0.7,0,0.61,0,0,0,0.272916667,0.428701035,Urban,Afternoon,Rain
6256,0.44,0.91,0.63,0,0.71,0,0.560833333,0.594834027,Rural,Evening,Fog
6257,0,0,0,0,0,0.91,0.495416667,0.215764756,Highway,Night,Clear
6258,0.45,0,0,0.79,0,0,0.39625,0.31364073,Urban,Night,Clear
6259,0,0,0,0,0,0,0.75125,0.197086135,Urban,Afternoon,Rain
6260,0.76,0,0,0,0,0,0.697916667,0.442149642,Urban,Evening,Clear
6261,0.6,0,0,0,0,0,0.788333333,0.41904152,Highway,Evening,Clear
6262,0.95,0,0.72,0.57,0,0,0.73875,0.773134806,Urban,Evening,Clear
6263,0.64,0,0.4,0,0,1,0.832916667,0.657967766,Rural,Afternoon,Clear
6264,0.49,0,0,0,0,0.81,0.470416667,0.388675419,Urban,Evening,Clear
6265,0.83,0,0.54,0,0,0.96,0.732916667,0.736738179,Highway,Evening,Clear
6266,0,0,0.52,0,0,0,0.762083333,0.351958587,Urban,Evening,Clear
6267,0,0,0,0,0,0,0.291666667,0.09072473,Highway,Morning,Rain
6268,0.58,0,0.55,0,0,0.9,0.7025,0.605507525,Urban,Night,Rain
6269,0.72,0,0,0,0,0,0.844583333,0.456665599,Urban,Afternoon,Clear
6270,0.82,0,0.88,0.4,0,0.91,0.5725,0.81556196,Urban,Evening,Rain
6271,0,0.64,0.57,0,0,0.74,0.76,0.440601985,Urban,Afternoon,Fog
6272,0,0,0.51,0,0,0,0.48125,0.280339417,Urban,Morning,Clear
6273,0.94,0,0,0.48,0,0.63,0.5975,0.574127442,Highway,Night,Clear
6274,0.88,0,0,0.96,0,0.96,0.33625,0.613992955,Rural,Evening,Clear
6275,0.81,0,0,0,0,0.66,0.373333333,0.460027751,Highway,Morning,Fog
6276,0.81,0,0.7,0,0.67,0,0.564583333,0.706425446,Highway,Afternoon,Clear
6277,0.97,0,0,0,0,0,0.291666667,0.401323514,Urban,Morning,Rain
6278,0.58,0,0,0,0,0,0.69375,0.346621838,Urban,Night,Clear
6279,0,0,0.92,0,0,0.72,0.643333333,0.491407834,Highway,Afternoon,Fog
6280,0.4,0,0,0,0,0,0.282916667,0.216084961,Urban,Morning,Rain
6281,0,0,0,0,0.41,0,0.55375,0.19612552,Urban,Night,Clear
6282,0,0,0,0,0,0,0.514166667,0.141637315,Highway,Evening,Rain
6283,0.56,0.43,0,0,0,0.67,0.710416667,0.449514356,Urban,Afternoon,Rain
6284,0.53,0,0,0.92,0,0,0.298333333,0.362045042,Rural,Evening,Clear
6285,0,0,0.54,0,0,0,0.312083333,0.235403992,Highway,Morning,Fog
6286,0,0,0,0,0,0.74,0.73875,0.306276017,Urban,Evening,Clear
6287,0.8,0,0.45,0,0,0,0.7075,0.554915146,Highway,Afternoon,Clear
6288,0,0,0,0,0,0,0.687916667,0.159088483,Highway,Night,Clear
6289,0,0,0,0,0,0,0.466666667,0.145159569,Highway,Morning,Fog
6290,0,0,0.61,0,0,0,0.342916667,0.226331519,Rural,Afternoon,Clear
6291,0,0,0,0.54,0.73,0.68,0.334166667,0.363859537,Highway,Afternoon,Rain
6292,0.78,0,0,0,0,0.43,0.72875,0.47662504,Rural,Night,Clear
6293,0.76,0,0.85,0,0,0,0.344166667,0.568150283,Rural,Morning,Clear
6294,0.41,0,0,0,0,0,0.927083333,0.364766784,Highway,Night,Clear
6295,0,0,0,0,0,0,0.641666667,0.199594407,Highway,Morning,Clear
6296,0.84,0,0,0.87,0,0,0.536666667,0.547336962,Urban,Morning,Clear
6297,0.59,0,0,0,0,0,0.592916667,0.355053901,Highway,Evening,Fog
6298,0.8,0,0.73,0,0,0,0.28375,0.513128402,Urban,Evening,Fog
6299,0.73,0,0,0,0,0,0.24375,0.272974704,Urban,Afternoon,Clear
6300,0.61,0,0,0.77,0,0.93,0.355833333,0.523748532,Urban,Morning,Rain
6301,0,0,0,0,0,0.67,0.245833333,0.143985484,Highway,Evening,Clear
6302,0.48,0,0,0.98,0,0,0.683333333,0.473476358,Highway,Evening,Clear
6303,0.46,0,0,0,0,0,0.345,0.236311239,Urban,Evening,Rain
6304,0.9,0,0,0,0,0,0.577083333,0.412797524,Urban,Night,Clear
6305,0.95,0,0,0,0,0.75,0.634583333,0.561052407,Rural,Afternoon,Clear
6306,0,0,0,0.62,0,0,0.299166667,0.135873626,Rural,Afternoon,Clear
6307,0.79,0,0,0,0,0.48,0.380833333,0.39630697,Highway,Afternoon,Clear
6308,0.46,0.64,0,0,0,0,0.99125,0.400736471,Rural,Night,Fog
6309,0.64,0,0,0,0.8,0.4,0.390833333,0.531433451,Urban,Morning,Clear
6310,0,0,0,0,0.76,0,0.349583333,0.199861245,Highway,Night,Clear
6311,0.84,0,0,0,0,0.55,0.58875,0.467659302,Highway,Night,Clear
6312,0.87,0,0.89,0,0,0.82,0.540416667,0.761393959,Rural,Evening,Clear
6313,0.47,0,0.98,0,0,0,0.33125,0.467979507,Highway,Afternoon,Clear
6314,0.4,0,0,0.81,0,0,0.235,0.268331732,Urban,Afternoon,Fog
6315,0,0,0.88,0,0,0.46,0.507083333,0.387181129,Urban,Night,Fog
6316,0.83,0,0,0,0,0,0.512916667,0.370423738,Urban,Night,Rain
6317,0.61,0,0.76,0,0,0.95,0.60375,0.699487672,Rural,Morning,Clear
6318,0.55,0,0,0,0,0,0.935833333,0.412317216,Highway,Night,Clear
6319,0,0,0,0.44,0,0.53,0.97375,0.372238232,Urban,Night,Clear
6320,0,0,0,0,0,0.52,0.246666667,0.106734977,Highway,Afternoon,Clear
6321,0.41,0,0,0,0.84,0.51,0.345833333,0.428967873,Highway,Afternoon,Rain
6322,0.72,0,0,0,0.74,0,0.259583333,0.45346355,Urban,Morning,Rain
6323,0.91,0,0,0,0,0,0.6025,0.44220301,Highway,Afternoon,Clear
6324,0,0.8,0,0,0,0,0.5025,0.138008325,Rural,Evening,Clear
6325,0.97,0,0,0,0,0,0.59875,0.47854627,Highway,Evening,Clear
6326,0.74,0,0.7,0,0,0,0.794166667,0.644999466,Highway,Evening,Clear
6327,0.71,0,0,0,0.44,0,0.83375,0.516330451,Highway,Night,Fog
6328,0.45,0,0.42,0,0,0,0.870833333,0.485964351,Rural,Afternoon,Clear
6329,0.73,0.67,0,0,0.47,0,0.395416667,0.410449354,Urban,Afternoon,Clear
6330,0.63,0,0,0,0,0.41,0.466666667,0.399402284,Urban,Morning,Rain
6331,0.76,0,0.99,0,0,0,0.762916667,0.697673178,Urban,Afternoon,Rain
6332,0,0,0,0,0,0,0.37625,0.117034902,Highway,Morning,Clear
6333,0.63,0,0,0.64,0,0.86,0.70375,0.594460455,Highway,Evening,Clear
6334,0.54,0.85,0.63,0,0,0,0.037916667,0.346088163,Highway,Morning,Clear
6335,0,0,0,0,0,0,0.73,0.208773615,Urban,Evening,Clear
6336,0.46,0.61,0,0,0.76,0,0.525,0.456612232,Rural,Morning,Clear
6337,0,0,0.49,0,0,0.93,0.550833333,0.361084427,Rural,Night,Rain
6338,0.59,0,0,0.98,0,0.77,0.848333333,0.622051446,Highway,Night,Clear
6339,0.46,0.78,0,0,0,0,0.508333333,0.287117088,Rural,Evening,Clear
6340,0.51,0,0.8,0,0,0,0.37875,0.43115594,Highway,Night,Clear
6341,0.99,0,0.57,0,0,0,0.535416667,0.592966165,Highway,Afternoon,Clear
6342,0.67,0,0,0,0.56,0,0.31375,0.3831252,Highway,Afternoon,Fog
6343,0,0,0.75,0,0,0,0.154583333,0.240207066,Urban,Morning,Clear
6344,0.72,0,0.75,0,0,0,0.280833333,0.491728039,Highway,Evening,Fog
6345,0,0,0,0,0,0,0.9,0.243355748,Urban,Afternoon,Clear
6346,0,0,0,0,0,0,0.442916667,0.08287971,Urban,Night,Clear
6347,0,0,0,0,0,0,0.199166667,0.043654606,Urban,Evening,Fog
6348,0,0,0,0.72,0,0,0.53375,0.258245277,Highway,Morning,Fog
6349,0.92,0,0.67,0,0,0,0.492916667,0.619543174,Urban,Morning,Clear
6350,1,0,0,0,0,0,0.587083333,0.484523428,Highway,Evening,Rain
6351,0.75,0,0.9,0,0,0,0.74625,0.647934678,Highway,Night,Clear
6352,0,0,0.56,0,0,0,0.359583333,0.237005017,Highway,Evening,Clear
6353,0,0,0,0.57,0,0.51,0.81625,0.337335895,Highway,Night,Rain
6354,0,0.51,0,0,0,0,0.848333333,0.208987085,Highway,Night,Rain
6355,0.89,0.85,0,0,0,0.57,0.622083333,0.533194578,Highway,Evening,Rain
6356,0.6,0.73,0,0,0,0,0.584166667,0.355534209,Urban,Evening,Rain
6357,0.58,0,0.67,0,0,0.69,0.465416667,0.553901163,Rural,Afternoon,Rain
6358,0.64,0,0.72,0,0.45,0.97,0.615416667,0.791493222,Highway,Morning,Clear
6359,0,0,0,0,0,0,0.219583333,0.050005337,Urban,Evening,Clear
6360,0,0,0.8,0.47,0.66,0,0.24875,0.451008646,Urban,Evening,Clear
6361,0.8,0,0,0.82,0.73,0,0.53625,0.613352546,Highway,Night,Clear
6362,0.81,0,0,0,0,0.55,0.610416667,0.501387555,Highway,Evening,Rain
6363,0.59,0,0,0,0,0,0.6725,0.361511367,Highway,Afternoon,Clear
6364,0.48,0,0,0,0,0,0.519166667,0.315188387,Highway,Morning,Clear
6365,0,0,0,0,0,0,0.806666667,0.214323834,Highway,Afternoon,Rain
6366,0.78,0,0,0,0,0.84,0.428333333,0.435692176,Highway,Night,Rain
6367,0,0,0,0,0,0.66,0.298333333,0.159035116,Urban,Evening,Clear
6368,0.48,0,0,0,0,0,0.16125,0.185558758,Highway,Evening,Clear
6369,0.75,0,0,0,0,0,0.743333333,0.41647988,Urban,Night,Rain
6370,0,0,0,0,0.6,0,0.351666667,0.18806703,Highway,Afternoon,Fog
6371,0.82,0,0,0,0,0.58,0.876666667,0.572953357,Urban,Afternoon,Clear
6372,0,0,0,0.79,0,0,0.531666667,0.248265557,Highway,Evening,Clear
6373,0,0,0,0,0,0,0.5075,0.157861031,Urban,Morning,Rain
6374,0,0,0,0.62,0,0,0.38375,0.162183798,Rural,Afternoon,Clear
6375,0.82,0,0,0,0,0,0.498333333,0.362685452,Rural,Night,Clear
6376,0.85,0,0,0,0,0,0.93,0.506564201,Highway,Night,Clear
6377,0.92,0,0,0,0,0.67,0.032083333,0.390383179,Highway,Morning,Clear
6378,0.7,0,0,0,0,0,0.116666667,0.260433344,Highway,Morning,Clear
6379,0.84,0,0.87,0.97,0,0,0.74625,0.793307717,Highway,Night,Clear
6380,0.77,0,0.64,0,0,0,0.450833333,0.514142384,Highway,Afternoon,Clear
6381,0,0.52,0.79,0,0,0.44,0.587916667,0.40500587,Highway,Afternoon,Clear
6382,0.51,0,0,0,0,0,0.45,0.284982389,Rural,Evening,Clear
6383,0,0,0.49,0,0,0,0.697916667,0.324314228,Urban,Evening,Clear
6384,0.42,0,0,0,0,0,0.870833333,0.368769346,Rural,Afternoon,Clear
6385,0.57,0,0,0,0,0,0.797083333,0.412157114,Rural,Evening,Clear
6386,0,0,0,0,0,0,0.48375,0.095581172,Urban,Night,Fog
6387,0,0,0.96,0,0,0,0.482916667,0.35953677,Highway,Afternoon,Clear
6388,0.67,0,0.63,0,0,0,0.1525,0.405059238,Highway,Evening,Rain
6389,0.77,0,0,0,0,0,0.634583333,0.40735404,Urban,Afternoon,Clear
6390,0,0,0,0,0,0,0.477916667,0.093766677,Urban,Night,Rain
6391,0,0,0,0.41,0,0,0.1575,0.101504963,Urban,Morning,Rain
6392,0,0,0,0,0,0,0.645416667,0.182463443,Urban,Evening,Clear
6393,0,0,0,0,0,0,0.82125,0.21886007,Urban,Afternoon,Clear
6394,0.91,0,0,0,0,0,0.385833333,0.39310492,Urban,Evening,Clear
6395,0.52,0,0,0,0,0,0.37625,0.283541467,Highway,Morning,Clear
6396,0.48,0,0,0.58,0,0,0.86,0.440601985,Highway,Night,Rain
6397,0.98,0,0.84,0,0,0,0.745416667,0.724250187,Highway,Afternoon,Clear
6398,0.46,0,0,0.95,0,0.88,0.426666667,0.496104173,Highway,Evening,Clear
6399,0,0,0.41,0,0,0.55,0.478333333,0.32426086,Highway,Morning,Clear
6400,0,0,0,0,0.83,0,0.52375,0.285782901,Highway,Afternoon,Rain
6401,0.69,0,0,0,0,0,1,0.477105347,Urban,Night,Rain
6402,0.75,0,0.52,0,0,0,0.329583333,0.475877895,Highway,Morning,Rain
6403,0,0,0,0,0,0,0.561666667,0.13811506,Highway,Afternoon,Rain
6404,0.72,0.58,0.69,0,0,0,0.245,0.483509446,Urban,Morning,Rain
6405,0.45,0,0.93,0,0.79,0,0.442083333,0.635019746,Highway,Afternoon,Rain
6406,0,0,0.72,0.59,0.6,0.84,0.610416667,0.654445512,Rural,Evening,Clear
6407,0.43,0,0,0,0,0,0.390416667,0.204237379,Highway,Night,Fog
6408,0.46,0,0,0,0,0.44,0.534583333,0.351638382,Highway,Evening,Rain
6409,0.75,0.85,0,0,0,0,0.953333333,0.481801686,Highway,Night,Rain
6410,0.73,0,0,0,0,0,0.665833333,0.422563774,Urban,Evening,Clear
6411,0.54,0,0,0,0,0,0.507083333,0.275749813,Urban,Night,Clear
6412,0.78,0,0,0,0,0,0.312083333,0.346835308,Highway,Morning,Clear
6413,0.89,0,0,0.55,0,0,0.93875,0.592539225,Highway,Night,Clear
6414,0.42,0,0.96,0,0,0,0.531666667,0.527484257,Highway,Evening,Clear
6415,0.7,0,0.69,0,0,0.97,0.58,0.65065642,Highway,Night,Clear
6416,0.81,0,0,0,0,0,0.63875,0.458053154,Rural,Morning,Clear
6417,0.55,0,0.69,0.72,0,0.52,0.385,0.631444124,Highway,Morning,Fog
6418,0.58,0,0,0,0,0.93,0.4025,0.430035223,Urban,Morning,Clear
6419,0.77,0,0,0,0,0.89,0.198333333,0.422243569,Urban,Morning,Rain
6420,0,0,0.47,0,0,0,0.815416667,0.33744263,Rural,Afternoon,Clear
6421,0.94,0,0.88,0,0,0.98,0.540416667,0.80173978,Highway,Evening,Rain
6422,0.89,0,0,0,0,0,0.375,0.365033622,Highway,Afternoon,Rain
6423,0.75,0,0.55,0,0,0.69,0.6475,0.670829331,Urban,Morning,Fog
6424,0.84,0,0.94,0,0,0,0.3975,0.615113673,Highway,Evening,Clear
6425,0,0,0.95,0,0,0.84,0.55125,0.522414345,Highway,Morning,Clear
6426,0.62,0,0,0,0,0,0.445833333,0.282314014,Urban,Night,Clear
6427,0,0,0,0,0,0,0.43625,0.099103426,Urban,Afternoon,Fog
6428,0,0,0,0,0,0,0.032083333,0.00997972,Highway,Morning,Rain
6429,0.78,0,0.97,0.89,0,0.62,0.20125,0.754242715,Urban,Morning,Clear
6430,0.68,0,0,0,0,0,0.653333333,0.420962749,Highway,Morning,Clear
6431,0.51,0,0,0.46,0,0,0.433333333,0.320418401,Urban,Afternoon,Rain
6432,0,0,0.71,0.97,0,0.51,0.622083333,0.546643185,Highway,Evening,Clear
6433,0,0.69,0,0,0,0,0.345833333,0.07097876,Urban,Afternoon,Clear
6434,0,0,0,0,0,0,0.172083333,0.053527591,Highway,Morning,Clear
6435,0.82,0,0.81,0,0,0,0.6025,0.620877362,Urban,Afternoon,Rain
6436,0,0,0,0,0,0,0.660833333,0.168961469,Highway,Afternoon,Rain
6437,0.73,0,0,0,0,0,0.54125,0.365513929,Highway,Afternoon,Clear
6438,0.62,0,0,0,0,0,0.382916667,0.299338243,Highway,Evening,Fog
6439,0.95,0,0,0,0,0,0.28875,0.394012168,Urban,Morning,Clear
6440,0.41,0,0,0,0,0,0.269166667,0.196712563,Urban,Evening,Clear
6441,0.59,0,0.87,0,0,0,0.28,0.498879283,Highway,Morning,Clear
6442,0.43,0,0,0,0,0,0.722083333,0.325701782,Urban,Afternoon,Clear
6443,0.86,0,0,0,0,0.67,0.1525,0.390329811,Urban,Evening,Clear
6444,0.82,0,0,0,0.85,0,0.307916667,0.485057103,Highway,Afternoon,Clear
6445,0,0.53,0.48,0,0,0,0.309166667,0.219126908,Highway,Morning,Rain
6446,0,0,0.76,0,0.79,0.5,0.31,0.488632725,Urban,Evening,Clear
6447,0,0,0,0,0,0,0.57125,0.122798591,Highway,Night,Clear
6448,0,0,0.42,0,0,0,0.225416667,0.159408688,Highway,Evening,Rain
6449,0,0,0.7,0,0,0.99,0.832916667,0.528604974,Urban,Afternoon,Fog
6450,0,0,0.49,0.88,0,0,0.216666667,0.287330558,Highway,Evening,Rain
6451,0,0,0,0.51,0,0.46,0.372083333,0.203383499,Highway,Afternoon,Rain
6452,0.6,0,0,0,0.78,0,0.652083333,0.508218593,Urban,Afternoon,Clear
6453,0.81,0,0,0,0,0,0.679166667,0.415732736,Urban,Night,Fog
6454,0,0,0,0.83,0,0.75,0.967916667,0.448553741,Urban,Night,Clear
6455,0,0,0,0,0,0,0.17,0.034582133,Highway,Evening,Clear
6456,0.64,0,0,0.63,0,0,0.435416667,0.402764436,Highway,Evening,Clear
6457,0.85,0,0,0,0.73,0.78,0.410833333,0.585227879,Highway,Night,Clear
6458,0.67,0,0,0,0,0,0.6075,0.385206532,Urban,Evening,Clear
6459,0,0,0.51,0,0,0.72,0.979583333,0.472675846,Urban,Night,Clear
6460,0.65,0,0.62,0,0,0,0.321666667,0.448713844,Highway,Evening,Clear
6461,0.96,0,0,0,0,0,0.137916667,0.331999146,Rural,Evening,Fog
6462,0,0,0,0,0,0,0.592916667,0.166132992,Highway,Evening,Clear
6463,0.55,0,0.66,0,0,0,0.205,0.390650016,Urban,Evening,Clear
6464,0.47,0.98,0,0,0.41,0.8,0.472083333,0.423684491,Urban,Night,Clear
6465,0,0,0,0.64,0,0.47,0.997083333,0.397427687,Highway,Night,Clear
6466,0.75,0,0,0,0,0,0.228333333,0.292880777,Rural,Evening,Rain
6467,0,0,0.77,0.87,0,0,0.566666667,0.46664532,Urban,Evening,Clear
6468,0.98,0.83,0.44,0,0,0,0.845416667,0.634592806,Rural,Night,Clear
6469,0.63,0,0,0,0,0,0.4975,0.319884726,Highway,Afternoon,Rain
6470,0.44,0,0,0,0,0,0.258333333,0.18465151,Highway,Afternoon,Clear
6471,0.6,0,0,0.98,0,0,0.725833333,0.48852599,Urban,Night,Rain
6472,0,0,0,0,0,0,0.285833333,0.088910236,Highway,Morning,Clear
6473,0,0,0,0,0,0,0.137916667,0.024602412,Rural,Evening,Rain
6474,0,0,0,0,0,0.73,0.347083333,0.201462269,Highway,Morning,Clear
6475,0.7,0,0,0,0,0.57,0.365416667,0.392517878,Rural,Evening,Clear
6476,0,0,0.7,0,0.82,0,0.355416667,0.392517878,Urban,Night,Rain
6477,0,0,0,0,0,0,0.848333333,0.208987085,Urban,Night,Clear
6478,0.5,0,0,0,0,0.96,0.739583333,0.476518305,Urban,Afternoon,Rain
6479,0.79,0,0,0,0,0.86,0.7025,0.526737112,Rural,Night,Clear
6480,1,0,0,0,0,0,0.601666667,0.489059665,Urban,Evening,Rain
6481,0.67,0,0.51,0,0,0.98,0.547083333,0.604280073,Urban,Afternoon,Fog
6482,0.61,0,0,0.48,0,0,0.63875,0.455491515,Urban,Morning,Clear
6483,0.64,0,0,0,0,0,0.435416667,0.322072793,Urban,Evening,Rain
6484,0,0,0,0,0,0,0.783333333,0.207065855,Highway,Afternoon,Clear
6485,0,0,0.74,0,0.63,0,0.594583333,0.440655353,Highway,Night,Clear
6486,0.47,0.97,0,0.65,0,0,0.854166667,0.444551179,Urban,Night,Fog
6487,0,0,0,0,0,0.42,0.289583333,0.125573701,Highway,Evening,Clear
6488,0,0,0,0.69,0,0,0.269166667,0.153805102,Rural,Evening,Rain
6489,0,0,0.78,0,0,0,0.3325,0.30323407,Urban,Morning,Rain
6490,0.93,0,0,0,0,0,0.555833333,0.434091152,Urban,Afternoon,Clear
6491,0,0,0,0,0,0,0.717083333,0.168160956,Urban,Night,Rain
6492,0.65,0,0,0,0,0.57,0.41,0.37207813,Highway,Afternoon,Clear
6493,0,0,0,0,0,0.52,0.675416667,0.240100331,Highway,Afternoon,Clear
6494,0.63,0,0,0,0.97,0.41,0.129166667,0.462482656,Rural,Evening,Rain
6495,0.8,0,0,0,0,0.55,0.232083333,0.362205145,Urban,Afternoon,Clear
6496,0,0,0,0,0.89,0.81,0.815416667,0.491781407,Urban,Afternoon,Clear
6497,0,0,0.73,0,0,0,0.395416667,0.273401644,Highway,Afternoon,Rain
6498,0.67,0.66,0,0,0,0.54,0.779583333,0.507898388,Urban,Evening,Rain
6499,0.79,0,0.84,0,0,0.71,0.603333333,0.691856121,Rural,Night,Clear
6500,0.44,0,0.6,0,0,0.93,0.524583333,0.521987405,Highway,Night,Clear
6501,0,0,0,0,0,0,0.452916667,0.122585121,Urban,Evening,Clear
6502,0,0.69,0,0,0,0,0.11375,0.035382645,Urban,Morning,Clear
6503,0.89,0,0,0,0,0,0.647083333,0.43136941,Rural,Night,Clear
6504,0.96,0,0.86,0,0,0,0.683333333,0.721955385,Rural,Evening,Clear
6505,0.79,0,0,0,0,0,0.5075,0.410822927,Highway,Morning,Clear
6506,0.97,0,0.66,0,0,0,0.480833333,0.574340912,Urban,Night,Clear
6507,0.49,0,0,0,0,0,0.28375,0.226865194,Urban,Evening,Rain
6508,0,0,0.69,0,0,0,0.450833333,0.280392785,Highway,Afternoon,Rain
6509,0.69,0,0,0,0,0,0.734583333,0.394545843,Highway,Night,Clear
6510,0.76,0,0.79,0,0,0,0.713333333,0.631017184,Highway,Afternoon,Clear
6511,0,0,0.41,0,0.75,0,0.358333333,0.305688974,Rural,Night,Fog
6512,0,0,0,0.63,0,0.82,0.298333333,0.260219874,Urban,Evening,Rain
6513,0.75,0,0,0,0,0,0.538333333,0.37101078,Highway,Afternoon,Clear
6514,0.64,0,0,0,0,0,0.45375,0.309478066,Urban,Afternoon,Clear
6515,0.6,0,0,0,0.55,0,0.853333333,0.526630377,Highway,Afternoon,Clear
6516,0.48,0,0,0,0,0,0.597916667,0.339684064,Urban,Morning,Clear
6517,0.64,0,0,0,0,0,0.888333333,0.444657914,Urban,Afternoon,Rain
6518,0,0,0,0,0,0.64,0.3925,0.167467179,Rural,Afternoon,Clear
6519,0.5,0,0,0.62,0,0,0.6025,0.390329811,Highway,Afternoon,Fog
6520,0,0,0,0,0,0,0.407083333,0.090030953,Highway,Afternoon,Clear
6521,0.84,0.94,0,0,0,0,0.835833333,0.492368449,Urban,Afternoon,Rain
6522,0.53,0,0,0.43,0,0,0.504166667,0.326715765,Rural,Night,Clear
6523,0.44,0,0.79,0,0,0,0.482083333,0.47491728,Highway,Evening,Rain
6524,0,0,0,0,0,0,0.478333333,0.148788558,Urban,Morning,Clear
6525,0.73,0,0,0,0,0,0.202083333,0.278311453,Rural,Evening,Rain
6526,0.76,0,0,0,0,0,0.520833333,0.368769346,Highway,Afternoon,Rain
6527,0,0,0,0,0,0,0.312916667,0.079037251,Highway,Evening,Clear
6528,0,0,0,0,0,0,0.561666667,0.13811506,Highway,Afternoon,Rain
6529,0.92,0,0,0,0,0,0.507083333,0.397427687,Highway,Night,Clear
6530,0,0,0.77,0,0,0.62,0.326666667,0.378268759,Urban,Morning,Clear
6531,0,0,0,0.81,0,0,0.422916667,0.235297257,Highway,Morning,Rain
6532,0.75,0,0.59,0,0,0,0.70375,0.591898815,Rural,Evening,Clear
6533,0.61,0,0.45,0,0,0.67,0.792083333,0.606201302,Highway,Afternoon,Clear
6534,0.88,0,0,0.66,0,0.51,0.688333333,0.645746611,Highway,Morning,Clear
6535,0.72,0,0,0,0.52,0.78,0.377083333,0.529352119,Rural,Evening,Clear
6536,0.45,0,0.45,0,0,0,0.60625,0.393051553,Highway,Night,Clear
6537,0.74,0,0.95,0,0,0,0.719166667,0.667413812,Urban,Afternoon,Clear
6538,0.94,0,0,0,0,0.62,0.407083333,0.470434411,Urban,Afternoon,Clear
6539,0.64,0,0,0,0,0,0.186666667,0.262994983,Urban,Morning,Rain
6540,0.58,0,0.81,0,0,0,0.8425,0.600384246,Urban,Night,Rain
6541,0.49,0,0,0,0,0,0.99125,0.410342619,Highway,Night,Clear
6542,0,0,0,0,0,0.91,0.466666667,0.261714164,Urban,Morning,Clear
6543,0.49,0,0.48,0,0,0,0.268333333,0.363325862,Highway,Morning,Clear
6544,0.66,0,0,0,0.6,0,0.665,0.533461415,Rural,Morning,Clear
6545,0.76,0,0.61,0,0,0,0.550833333,0.516063614,Urban,Night,Clear
6546,0,0,0.76,0,0,0,0.405,0.265770093,Rural,Night,Clear
6547,0.45,0,0,0,0,0,0.71125,0.310438681,Rural,Night,Clear
6548,0.96,0,0,0,0.69,0,0.294583333,0.531593553,Highway,Morning,Rain
6549,0,0,0.9,0,0,0,0.465416667,0.33872345,Highway,Afternoon,Clear
6550,0.85,0,0.43,0,0.58,0,0.584166667,0.657167254,Highway,Evening,Clear
6551,0.75,0.72,0,0,0,0,0.45375,0.344700608,Highway,Afternoon,Clear
6552,0.9,0,0.54,0,0,0,0.976666667,0.675418935,Urban,Night,Clear
6553,0.45,0,0,0,0,0,0.824166667,0.363859537,Urban,Afternoon,Rain
6554,0,0,0,0.52,0,0,0.78625,0.274575728,Highway,Afternoon,Clear
6555,0,0,0.93,0.89,0,0.85,0.370416667,0.576315509,Urban,Morning,Rain
6556,0.69,0,0.41,0,0,0,0.615,0.462375921,Urban,Night,Clear
6557,0.78,0,0,0,0,0,0.172083333,0.303287437,Rural,Morning,Clear
6558,0.9,0,0.52,0,0,0.77,0.405,0.591098303,Rural,Night,Clear
6559,0.87,0,0,0,0,0,0.417083333,0.408314655,Urban,Morning,Clear
6560,0,0,0,0,0,0,0.953333333,0.241647988,Highway,Night,Rain
6561,0.57,0,0.98,0,0,0,0.587916667,0.579837763,Urban,Afternoon,Clear
6562,0,0,0,0,0.71,0,0.731666667,0.309104494,Urban,Night,Clear
6563,0.96,0,0.77,0,0,0,0.81625,0.703650336,Highway,Night,Fog
6564,0.47,0,0,0,0,0,0.8425,0.357668908,Highway,Night,Clear
6565,0,0,0,0,0,0,0.40125,0.088216459,Urban,Afternoon,Clear
6566,0,0,0,0.88,0,0,0.44625,0.251520973,Highway,Morning,Clear
6567,0,0,0,0,0,0,0.4925,0.098302914,Highway,Night,Clear
6568,0.93,0,0,0.69,0,0,0.671666667,0.576795816,Urban,Evening,Clear
6569,0,0,0,0,0,0,0.212916667,0.066229053,Urban,Morning,Clear
6570,0,0,0,0,0,0,0.491666667,0.116341125,Rural,Afternoon,Clear
6571,0.98,0,0.56,0.58,0,0.62,0.804583333,0.806329384,Highway,Night,Clear
6572,0,0,0,0,0.5,0.53,0.440416667,0.300939268,Urban,Morning,Fog
6573,0,0,0,0,0,0,0.365416667,0.095367702,Highway,Evening,Fog
6574,0.51,0,0,0,0,0,0.090416667,0.191429181,Rural,Morning,Rain
6575,0,0,0,0.78,0,0.87,0.29625,0.26689081,Urban,Afternoon,Clear
6576,0.83,0,0,0,0,0,0.505416667,0.404685665,Highway,Evening,Clear
6577,0.42,0,0.44,0,0,0,0.424583333,0.342672644,Highway,Afternoon,Clear
6578,0,0,0,0,0,0,0.158333333,0.030953143,Highway,Evening,Rain
6579,0.64,0,0,0,0,0,0.73375,0.396573807,Rural,Afternoon,Clear
6580,0.71,0.82,0.42,0,0.99,0.69,0.438333333,0.731561533,Urban,Evening,Clear
6581,0,0,0.55,0,0,0,0.290416667,0.194631231,Highway,Afternoon,Clear
6582,0,0,0.93,0,0,0,0.369166667,0.316469207,Urban,Afternoon,Clear
6583,0,0,0,0,0,0,0.29625,0.055555556,Highway,Afternoon,Clear
6584,0.75,0,0,0,0,0,0.701666667,0.421816629,Highway,Afternoon,Fog
6585,0.96,0,0,0,0,0,0.370416667,0.422617142,Highway,Morning,Clear
6586,0,0,0.65,0,0,0,0.455833333,0.289998933,Rural,Evening,Clear
6587,0.8,0,0.83,0,0,0,0.16625,0.520493116,Urban,Morning,Rain
6588,0,0,0,0,0,0,0.46375,0.144252321,Highway,Morning,Fog
6589,0.69,0,0.95,0,0,0,0.559583333,0.583466752,Highway,Night,Clear
6590,0.89,0,0.64,0.57,0,0,0.040833333,0.5346355,Highway,Morning,Fog
6591,0,0,0,0,0,0,0.659166667,0.205037891,Urban,Morning,Clear
6592,0.97,0,0,0,0,0,0.438333333,0.428647668,Highway,Evening,Fog
6593,0.41,0,0,0.54,0,0,0.50625,0.321325648,Highway,Afternoon,Rain
6594,0.99,0,0.51,0,0,0,0.304166667,0.523962002,Highway,Evening,Fog
6595,0,0,0,0,0,0,0.155416667,0.030045896,Urban,Evening,Clear
6596,0.45,0,0,0,0,0.53,0.689166667,0.408047817,Highway,Evening,Clear
6597,0,0,0,0,0.46,0,0.330416667,0.172857295,Urban,Evening,Fog
6598,0.89,0,0,0.84,0,0.52,0.624166667,0.653324795,Rural,Morning,Rain
6599,0.57,0,0.71,0,0,0.5,0.6075,0.599103426,Highway,Evening,Clear
6600,0,0,0.94,0,0.96,0,0.41875,0.518892091,Highway,Afternoon,Rain
6601,0,0,0.88,0,0,0,0.16125,0.257284662,Highway,Evening,Clear
6602,0,0,0.44,0,0,0.87,0.770833333,0.445618529,Highway,Evening,Clear
6603,0.48,0,0,0,0,0,0.51625,0.31428114,Rural,Morning,Clear
6604,0.66,0,0.82,0,0,0.54,0.293333333,0.545202263,Highway,Afternoon,Rain
6605,0.79,0,0,0,0,0,0.832916667,0.475450955,Highway,Afternoon,Clear
6606,0.63,0,0,0,0,0,0.361666667,0.314227772,Urban,Morning,Clear
6607,0.43,0,0,0,0.95,0.72,0.263333333,0.476037998,Urban,Evening,Clear
6608,0.76,0,0,0,0,0.67,0.571666667,0.506991141,Urban,Morning,Clear
6609,0.94,0,0,0,0,0.75,0.31375,0.458053154,Rural,Afternoon,Rain
6610,0,0,0.74,0,0,0,0.740416667,0.364980254,Rural,Night,Clear
6611,0.63,0.55,0,0,0,0.93,0.594583333,0.450901911,Urban,Night,Clear
6612,0.53,0,0,0,0,0,0.7475,0.383925712,Highway,Evening,Clear
6613,0.67,0,0,0,0,0,0.405416667,0.340644679,Rural,Morning,Clear
6614,0,0,0,0,0,0,0.9,0.243355748,Urban,Afternoon,Clear
6615,0.43,0,0,0,0,0,0.275833333,0.186892945,Highway,Afternoon,Clear
6616,0,0,0.94,0.42,0,0,0.382083333,0.413437934,Rural,Morning,Clear
6617,0.89,0,0,0,0,0.92,0.349583333,0.456665599,Highway,Night,Clear
6618,0.9,0,0,0,0,0,0.585,0.433557477,Highway,Afternoon,Clear
6619,0.75,0,0,0,0,0,0.897083333,0.482602199,Highway,Afternoon,Rain
6620,0.61,0,0.47,0,0,0,0.797083333,0.545362365,Rural,Evening,Clear
6621,0.88,0,0,0,0,0.67,0.440416667,0.504589604,Highway,Morning,Clear
6622,0.73,0,0,0,0,0,0.251666667,0.293734657,Rural,Evening,Rain
6623,0,0.67,0,0,0,0.41,0.687083333,0.229640303,Urban,Afternoon,Clear
6624,0,0,0.72,0,0,0,0.61625,0.357829011,Highway,Evening,Fog
6625,0.9,0,0,0,0,0.66,0.334166667,0.44006831,Urban,Afternoon,Clear
6626,0,0,0.93,0,0,0,0.883333333,0.458106522,Rural,Night,Clear
6627,0,0,0.65,0,0,0,0.4725,0.313480628,Highway,Morning,Clear
6628,0,0,0,0,0,0,0.871666667,0.216245064,Rural,Night,Clear
6629,0.78,0,0.69,0,0.72,0,0.075833333,0.588429928,Rural,Morning,Rain
6630,0,0,0,0,0,0,0.390833333,0.121571139,Highway,Morning,Rain
6631,0,0,0.44,0,0,0,0.550833333,0.229159996,Rural,Night,Clear
6632,0,0,0,0.46,0,0.76,0.844583333,0.382378055,Highway,Afternoon,Clear
6633,0.87,0,0,0,0,0.73,0.234166667,0.426619703,Highway,Evening,Clear
6634,0.76,0,0,0,0,0,0.20125,0.305955812,Highway,Morning,Clear
6635,0,0,0.57,0.4,0,0,0.463333333,0.286476678,Highway,Night,Clear
6636,0.65,0,0,0,0,0,0.69875,0.388888889,Urban,Afternoon,Clear
6637,0.97,0,0,0,0,0,0.792916667,0.502348169,Urban,Night,Clear
6638,0,0.47,0,0,0,0.79,0.496666667,0.237378589,Urban,Evening,Rain
6639,0.72,0,0,0,0,0,0.250833333,0.308570819,Urban,Morning,Rain
6640,0,0,0.59,0.49,0,0,0.312916667,0.292934145,Highway,Evening,Clear
6641,0,0,0.97,0,0,0,0.649166667,0.413811506,Highway,Afternoon,Fog
6642,0,0,0,0,0,0,0.321666667,0.081758992,Highway,Evening,Clear
6643,0.76,0,0.57,0,0.83,0.49,0.295416667,0.685185185,Urban,Evening,Rain
6644,0,0,0.68,0.44,0.66,0,0.105,0.390009606,Highway,Morning,Rain
6645,0.53,0,0,0,0,0,0.26125,0.214377201,Urban,Afternoon,Rain
6646,0.78,0,0,0,0,0,0.554166667,0.422136834,Highway,Morning,Clear
6647,0.74,0,0,0,0,0.79,0.8475,0.565161703,Urban,Afternoon,Clear
6648,0.51,0,0,0,0,0,0.55375,0.280659622,Highway,Night,Clear
6649,0.44,0,0,1,0,0,0.093333333,0.298004056,Urban,Morning,Clear
6650,0.76,0,0.8,0,0,0,0.256666667,0.528124666,Urban,Morning,Clear
6651,0,0,0,0,0,0.51,0.725833333,0.236204504,Highway,Night,Rain
6652,0,0,0,0,0,0,0.65625,0.204130644,Urban,Morning,Rain
6653,0.86,0,0,0,0,0,0.398333333,0.362685452,Highway,Afternoon,Clear
6654,0.71,0,0,0.57,0,0,0.888333333,0.540078984,Rural,Afternoon,Clear
6655,0.54,0,0,0,0,0,0.321666667,0.254669655,Urban,Evening,Clear
6656,0.8,0.52,0,0.49,0,0,0.685,0.477105347,Rural,Night,Clear
6657,0,0,0.5,0,0,0.85,0.450833333,0.340591312,Rural,Afternoon,Clear
6658,0.45,0,0,0,0,0,0.490833333,0.278471555,Highway,Evening,Clear
6659,0.67,0,0,0,0,0,0.827916667,0.417173658,Highway,Night,Rain
6660,0.5,0.4,0.69,0,0,0,0.66875,0.526577009,Highway,Evening,Clear
6661,0,0,0,0,0,0.6,0.853333333,0.305688974,Highway,Afternoon,Fog
6662,0.51,0,0,0,0,0,0.43125,0.242555235,Urban,Night,Clear
6663,0.52,0,0.84,0,0,0,0.325416667,0.446312307,Highway,Afternoon,Clear
6664,0.63,0,0,0,0,0,0.352916667,0.311506031,Highway,Morning,Clear
6665,0,0,0,0.54,0.78,0.83,0.48875,0.440762088,Highway,Afternoon,Rain
6666,0.43,0,0,0,0.6,0,0.255416667,0.295815989,Highway,Afternoon,Rain
6667,0.64,0,0.92,0.96,0,0,0.360416667,0.639075675,Urban,Afternoon,Clear
6668,0,0,0.78,0,0,0,0.2875,0.252641691,Highway,Afternoon,Clear
6669,0.71,0.42,0,0,0,0,0.39625,0.295709254,Highway,Night,Clear
6670,0,0,0.8,0,0,0,0.879583333,0.441936172,Urban,Afternoon,Clear
6671,0.69,0,0,0,0,0,0.8775,0.439000961,Rural,Night,Clear
6672,0.63,0,0.48,0,0,0,0.941666667,0.562706799,Urban,Night,Rain
6673,0.9,0,0,0,0,0.43,0.682083333,0.500533675,Highway,Night,Clear
6674,0.49,0,0,0.71,0,0,0.565416667,0.368822713,Rural,Night,Rain
6675,0.7,0,0,0,0,0,0.439166667,0.324154125,Highway,Afternoon,Rain
6676,0,0,0,0,0,0,0.685416667,0.213203117,Rural,Morning,Rain
6677,0,0,0,0,0,0,0.748333333,0.196178888,Highway,Afternoon,Clear
6678,0.44,0,0.97,0,0.58,0,0.619166667,0.67509873,Highway,Evening,Rain
6679,0.44,0,0,0,0.75,0,0.232083333,0.320578504,Highway,Afternoon,Clear
6680,0,0,0.48,0,0,0.64,0.797083333,0.434571459,Rural,Evening,Clear
6681,0.74,0,0.86,0.62,0,0,0.21375,0.584854307,Highway,Evening,Clear
6682,0.74,0,0,0,0,0,0.688333333,0.451062013,Highway,Morning,Clear
6683,0.93,0,0,0,0,0.82,0.30625,0.49807877,Rural,Morning,Rain
6684,0,0,0,0,0,0,0.394583333,0.104440175,Urban,Evening,Clear
6685,0,0,0.56,0,0.7,0,0.935833333,0.514142384,Rural,Night,Fog
6686,0.73,0,0.96,0,0,0.54,0.5075,0.706692283,Highway,Morning,Clear
6687,0,0,0.83,0.92,0,0,0.52,0.473903298,Rural,Evening,Clear
6688,0.98,0,0,0,0,0,0.490833333,0.448180169,Urban,Evening,Clear
6689,0.43,0,0,0,0,0,0.512916667,0.242341765,Highway,Night,Clear
6690,0.46,0,0,0,0,0,0.499583333,0.284395346,Highway,Evening,Clear
6691,0.43,0,0,0,0,0,0.099166667,0.168534529,Highway,Morning,Clear
6692,0,0,0,0,0,0,0.62375,0.139129043,Rural,Night,Rain
6693,0.51,0,0,0.64,0,0.88,0.534583333,0.505977159,Highway,Evening,Clear
6694,0.72,0,0.85,0,0,0,0.935833333,0.684491408,Highway,Night,Clear
6695,0.79,0,0.53,0,0,0,0.24375,0.42795389,Highway,Afternoon,Clear
6696,0,0,0.67,0,0,0,0.32375,0.272334294,Highway,Morning,Fog
6697,0,0,0,0,0,0.78,0.43125,0.179154659,Highway,Night,Clear
6698,0,0,0.77,0,0.75,0,0.33125,0.40778098,Urban,Afternoon,Clear
6699,0,0,0,0.6,0,0.75,0.307916667,0.232095208,Urban,Afternoon,Fog
6700,0.43,0,0.86,0.52,0,0.61,0.970833333,0.749813214,Highway,Night,Clear
6701,0,0.99,0.46,0,0,0.69,0.67625,0.36167147,Highway,Night,Clear
6702,0.97,0,0,0,0,0,0.368333333,0.406873733,Rural,Evening,Clear
6703,0.91,0,0.98,0,0,0,0.804583333,0.737805529,Rural,Night,Clear
6704,0.58,0,0,0,0,0,0.447083333,0.306489487,Urban,Evening,Clear
6705,0,0,0,0,0,0,0.33625,0.086295229,Rural,Evening,Clear
6706,0,0.55,0,0,0,0,0.0525,0.016330451,Highway,Morning,Rain
6707,0.45,0,0,0.63,0,0,0.468333333,0.333867008,Urban,Afternoon,Fog
6708,0,0,0,0,0,0,0.696666667,0.161810225,Urban,Night,Clear
6709,0.5,0,0,0,0.57,0,0.753333333,0.485644146,Highway,Evening,Clear
6710,0,0,0,0,0,0,0.774583333,0.204344114,Highway,Afternoon,Clear
6711,0.48,0,0.93,0,0,0.76,0.679583333,0.700661757,Highway,Morning,Clear
6712,0.47,0,0,0,0,0,0.30625,0.245757285,Rural,Morning,Clear
6713,0.71,0,0,0.59,0,0,0.727916667,0.492742022,Highway,Afternoon,Rain
6714,0.55,0.8,0.56,0,0.62,0,0.635833333,0.636460668,Urban,Morning,Clear
6715,0.61,0,0,0,0,0,0.797916667,0.4069271,Urban,Afternoon,Rain
6716,0.99,0,0,0,0,0,0.3325,0.420429075,Highway,Morning,Clear
6717,0,0,0,0.81,0,0,0.381666667,0.167573914,Highway,Night,Fog
6718,0.81,0,0,0,0.45,0,0.813333333,0.543921443,Highway,Night,Clear
6719,0.97,0,0.89,0,0,0,0.850416667,0.766517238,Highway,Afternoon,Clear
6720,0,0,0,0,0,0.68,0.62875,0.24607749,Rural,Afternoon,Clear
6721,0,0,0,0,0,0.82,0.669583333,0.276710428,Highway,Afternoon,Clear
6722,0.49,0,0,0,0,0,0.583333333,0.338349877,Urban,Morning,Fog
6723,0.63,0,0,0,0,0,0.714166667,0.368982816,Highway,Night,Rain
6724,0.73,0,0,0,0,0,0.789166667,0.44262995,Urban,Afternoon,Clear
6725,0.45,0,0,0,0,0,0.364166667,0.202476251,Rural,Night,Rain
6726,0,0,0.71,0,0,0.66,0.599583333,0.416319778,Rural,Afternoon,Clear
6727,0.4,0,0.68,0,0,0,0.27875,0.352385527,Rural,Afternoon,Clear
6728,0.8,0,0.59,0,0,0,0.608333333,0.55993169,Highway,Afternoon,Clear
6729,0,0,0.75,0,0,0,0.263333333,0.255737005,Urban,Evening,Fog
6730,0,0,0,0,0,0,0.56375,0.157060519,Urban,Evening,Rain
6731,0.79,0,0,0,0,0,0.500416667,0.372024763,Highway,Afternoon,Clear
6732,0.65,0,0.84,0,0,0,0.673333333,0.577863166,Urban,Night,Clear
6733,0,0,0.65,0,0.43,0.52,0.732916667,0.525402925,Urban,Evening,Clear
6734,0.69,0,0,0,0,0,0.452083333,0.361564735,Highway,Morning,Clear
6735,0,0,0.78,0,0,0,0.155416667,0.229853773,Highway,Evening,Clear
6736,0.65,0,0,0,0.55,0,0.390833333,0.435371971,Highway,Morning,Rain
6737,0.41,0,0,0,0,0,0.407083333,0.221314975,Urban,Afternoon,Clear
6738,0.6,0,0,0,0,0,0.9,0.435478706,Rural,Afternoon,Clear
6739,0,0,0.82,0,0,0,0.329583333,0.31257338,Highway,Morning,Clear
6740,0,0,0,0,0,0,0.27875,0.050112072,Urban,Afternoon,Clear
6741,0.51,0,0,0,0,0,0.725833333,0.334187213,Urban,Night,Clear
6742,0.46,0,0,0,0,0,0.2575,0.20909382,Urban,Evening,Clear
6743,0,0,0.83,0,0,0.53,0.445,0.382324688,Highway,Afternoon,Clear
6744,0.97,0,0,0,0,0,0.390833333,0.432169922,Highway,Morning,Rain
6745,0.76,0,0.43,0,0,0,0.409166667,0.462482656,Rural,Evening,Rain
6746,0.84,0,0,0.57,0,0,0.590833333,0.4891664,Highway,Afternoon,Clear
6747,0,0,0.92,0,0,0,0.545416667,0.405326075,Highway,Morning,Clear
6748,0.59,0,0,0,0,0,0.51,0.292667307,Highway,Night,Fog
6749,0,0,0.67,0,0,0,0.5775,0.351264809,Rural,Morning,Clear
6750,0,0,0,0,0,0,0.617916667,0.137314548,Highway,Night,Rain
6751,0,0,0,0,0,0,0.275,0.067243036,Urban,Evening,Clear
6752,0,0,0.56,0,0,0,0.688333333,0.357562173,Rural,Morning,Clear
6753,0.64,0,0,0.75,0,0,0.281666667,0.352011954,Highway,Afternoon,Rain
6754,0.54,0,0.55,0,0,0,0.332083333,0.362205145,Urban,Night,Fog
6755,0.46,0,0,0.44,0,0,0.750416667,0.418774682,Highway,Evening,Fog
6756,0.51,0,0,0,0,0,0.557083333,0.33658875,Urban,Morning,Clear
6757,0.88,0,0,0,0,0,0.137083333,0.324420963,Rural,Morning,Rain
6758,0.81,0,0,0,0,0.4,0.73375,0.502241435,Urban,Afternoon,Rain
6759,0.73,0,0,0,0,0,0.618333333,0.426086028,Urban,Morning,Rain
6760,0,0,0,0,0,0,0.5675,0.139929555,Rural,Afternoon,Rain
6761,0,0,0.69,0,0,0,0.24,0.23310919,Urban,Evening,Rain
6762,0.69,0,0,0,0.44,0,0.242083333,0.380777031,Highway,Morning,Clear
6763,0,0,0,0,0,0,0.5725,0.159782261,Highway,Evening,Clear
6764,0.95,0,0,0.51,0,0,0.671666667,0.56014516,Urban,Evening,Clear
6765,0.44,0,0.93,0,0.46,0.58,0.442916667,0.624666453,Highway,Night,Clear
6766,0.57,0,0,0,0,0,0.234166667,0.237058384,Highway,Evening,Rain
6767,0.61,0,0,0,0,0.85,0.719166667,0.491301099,Highway,Afternoon,Fog
6768,0,0,0,0,0,0,0.169166667,0.052620344,Highway,Morning,Rain
6769,0.87,0,0,0,0,0,0.386666667,0.362258512,Urban,Afternoon,Clear
6770,1,0,0,0,0.89,0,0.800833333,0.703703704,Urban,Afternoon,Clear
6771,0,0,0,0.64,0,0,0.522916667,0.226331519,Rural,Evening,Clear
6772,0.54,0,0,0,0.42,0,0.304166667,0.329917814,Urban,Evening,Clear
6773,0,0,0.63,0.96,0,0,0.224583333,0.354200021,Highway,Morning,Clear
6774,0,0,0,0.63,0,0.88,0.460833333,0.336748853,Rural,Morning,Clear
6775,0,0,0,0,0,0.52,0.417916667,0.178300779,Urban,Evening,Rain
6776,0,0,0,0,0,0,1,0.256163945,Highway,Night,Clear
6777,0.92,0,0,0,0,0,0.5275,0.403778418,Urban,Night,Clear
6778,0.9,0,0,0,0,0,0.26625,0.352705732,Rural,Evening,Clear
6779,0.53,0,0.85,0,0,0,0.035,0.398334934,Rural,Morning,Clear
6780,0,0,0.46,0,0,0,0.361666667,0.23033408,Urban,Morning,Clear
6781,0.64,0,0.69,0,0,0,0.132083333,0.404472196,Rural,Evening,Fog
6782,0,0,0,0,0.8,0.98,0.44125,0.398174832,Urban,Evening,Rain
6783,0,0,0,0,0,0,0.859166667,0.230654285,Rural,Afternoon,Clear
6784,0.65,0,0,0,0,0,0.538333333,0.338990287,Highway,Afternoon,Clear
6785,0.99,0.9,1,0.8,0,0,0.743333333,0.851958587,Highway,Night,Clear
6786,0,0,0,0,0.56,0,0.072916667,0.130270039,Highway,Morning,Rain
6787,0.51,0,0,0,0,0,0.522916667,0.307663571,Rural,Evening,Rain
6788,0.88,0,0,0,0,0,0.830833333,0.485323941,Urban,Night,Rain
6789,0.6,0,0.86,0,0,0,0.83,0.634005764,Rural,Afternoon,Clear
6790,0.84,0,0,0,0,0.7,0.941666667,0.596648522,Highway,Night,Clear
6791,0.65,0,0,0,0,0,0.73375,0.399775857,Highway,Afternoon,Clear
6792,0.75,0,0,0.55,0,0,0.328333333,0.376134059,Highway,Afternoon,Clear
6793,0,0,0,0,0,0,0.519166667,0.16149002,Highway,Morning,Clear
6794,0,0,0,0,0,0,0.319583333,0.062813534,Rural,Afternoon,Clear
6795,0,0,0,0,0,0,0.76875,0.202529619,Highway,Afternoon,Clear
6796,0,0,0,0,0,0.95,0.267083333,0.168160956,Highway,Afternoon,Clear
6797,0.9,0,0,0,0,0,0.486666667,0.384672857,Rural,Night,Rain
6798,0.88,0,0,0,0,0,0.649166667,0.447112819,Rural,Afternoon,Rain
6799,0.92,0,0,0,0.92,0,0.30625,0.566602626,Highway,Morning,Fog
6800,0.44,0,0,0,0,0,0.818333333,0.358842993,Highway,Afternoon,Clear
6801,0.82,0,0,0,0.69,0,0.456666667,0.500587042,Rural,Afternoon,Clear
6802,0,0,0.53,0,0,0,0.385,0.255523535,Highway,Morning,Rain
6803,0.48,0,0.7,0.48,0.58,0,0.345,0.594940762,Highway,Evening,Clear
6804,0,0,0,0,0,0,0.7725,0.185398655,Highway,Night,Clear
6805,0.65,0,0,0,0,0,0.771666667,0.411570072,Highway,Afternoon,Clear
6806,0.73,0,0,0,0,0.82,0.715416667,0.543014196,Highway,Evening,Clear
6807,0,0,0,0,0,0,0.53625,0.111911623,Highway,Night,Rain
6808,0,0,0,0,0,0.83,0.330416667,0.190788771,Highway,Evening,Clear
6809,0.64,0,0,0,0,0,0.167083333,0.238606041,Highway,Evening,Rain
6810,0,0,0,0,0,0,0.688333333,0.214110364,Highway,Morning,Clear
6811,0.71,0.73,0,0.44,0,0,0.067083333,0.304568257,Urban,Morning,Clear
6812,1,0,0,0,0,0,0.710416667,0.504589604,Urban,Afternoon,Clear
6813,0.48,0,0,0,0.71,0.45,0.56375,0.504803074,Urban,Evening,Clear
6814,0,0,0,0,0,0.53,0.189583333,0.12685452,Rural,Morning,Clear
6815,0.81,0,0.54,0,0,0,0.662083333,0.603639663,Urban,Morning,Clear
6816,0.64,0,0,0.58,0.63,0.41,0.941666667,0.690788771,Highway,Night,Clear
6817,0.48,0,0,0,0,0,0.58875,0.281940442,Highway,Night,Rain
6818,0.5,0,0.65,0,0,0,0.269166667,0.392037571,Rural,Evening,Clear
6819,0.97,0,0.87,0,0,0,0.6075,0.704130644,Urban,Evening,Rain
6820,0.93,0,0,0,0,0,0.638333333,0.441455865,Rural,Night,Clear
6821,0,0,0.86,0,0,0,0.451666667,0.305902444,Urban,Night,Clear
6822,0.94,0,0,0,0,0,0.355833333,0.411676806,Highway,Morning,Fog
6823,0.99,0,0.54,0,0,0,0.319583333,0.518144946,Highway,Afternoon,Rain
6824,0.52,0,0,0,0,0.83,0.670416667,0.426459601,Highway,Night,Fog
6825,0.61,0,0,0,0,0,0.7775,0.400576369,Urban,Afternoon,Clear
6826,0,0,0,0.49,0,0,0.2975,0.155299392,Highway,Morning,Clear
6827,0,0,0,0,0,0,0.403333333,0.107161917,Highway,Evening,Rain
6828,0,0.49,0,0,0,0,0.730833333,0.190735404,Urban,Afternoon,Clear
6829,0.8,0,0,0,0,0.61,0.876666667,0.570391717,Urban,Afternoon,Rain
6830,0.69,0,0,0,0,0,0.745416667,0.416213043,Rural,Afternoon,Clear
6831,0.65,0.84,0.95,0,0,0,0.207916667,0.4978653,Highway,Evening,Clear
6832,0,0,0,0,0,0,0.827083333,0.220674565,Urban,Afternoon,Rain
6833,0,0,0,0,0,0,0.67625,0.155459494,Highway,Night,Clear
6834,0.61,0,0,0,0,0,0.373333333,0.311452663,Urban,Morning,Clear
6835,0.76,0,0,0,0,0.87,0.407916667,0.426779806,Urban,Night,Rain
6836,0,0,0,0,0,0.6,0.433333333,0.175045362,Highway,Afternoon,Rain
6837,0.75,0,0,0,0,0,0.670416667,0.393798698,Rural,Night,Clear
6838,0.5,0,0,0,0,0,0.1225,0.198206852,Rural,Morning,Fog
6839,0.68,0,0.76,0,0,0,0.177916667,0.467766037,Rural,Morning,Clear
6840,0.73,0,0,0,0,0,0.172083333,0.287277191,Urban,Morning,Clear
6841,0,0,0.63,0,0,0.89,0.469166667,0.366421176,Highway,Night,Clear
6842,0.74,0,0,0,0,0,0.412916667,0.328797097,Rural,Afternoon,Clear
6843,0.53,0,0,0,0,0.48,0.879583333,0.468192977,Urban,Afternoon,Clear
6844,0,0,0,0,0,0,0.666666667,0.170775963,Highway,Afternoon,Clear
6845,0.85,0,0.7,0.5,0,0,0.258333333,0.55929128,Highway,Afternoon,Clear
6846,0,0,0.76,0,0,0,0.399166667,0.263955598,Highway,Night,Fog
6847,0,0,0,0.86,0,0,0.23125,0.163784822,Urban,Evening,Rain
6848,0.42,0,0.74,0,0,0,0.445,0.425872558,Highway,Afternoon,Rain
6849,0.61,0,0.69,0,0,0,0.154583333,0.420162237,Urban,Morning,Clear
6850,0,0,0,0,0,0,0.536666667,0.166933504,Rural,Morning,Fog
6851,0,0,0,0,0,0,0.5325,0.129042587,Highway,Afternoon,Clear
6852,0,0,0.7,0,0,0,0.302083333,0.236684812,Urban,Afternoon,Clear
6853,0.87,0,0.51,0,0,0,0.549166667,0.561746184,Highway,Evening,Fog
6854,0.74,0,0,0,0.74,0,0.630833333,0.557049845,Highway,Evening,Clear
6855,0.56,0,0.89,0,0,0.5,0.592083333,0.655512862,Rural,Morning,Rain
6856,0,0,0.73,0,0,0.6,0.596666667,0.412850891,Highway,Afternoon,Clear
6857,0.82,0,0.48,0,0,0.65,0.6325,0.610630804,Highway,Night,Rain
6858,0.74,0,0.86,0,0,0,0.1925,0.517130964,Urban,Morning,Rain
6859,0.88,0,0,0.41,0.47,0,0.853333333,0.65343153,Rural,Afternoon,Rain
6860,0.84,0,0.96,0,0,0,0.692916667,0.693830718,Rural,Afternoon,Clear
6861,0.77,0,0,0,1,0.61,0.451666667,0.60241221,Urban,Night,Rain
6862,0,0,0,0,0.66,0,0.45375,0.231348063,Highway,Afternoon,Clear
6863,0.69,0,0.97,0,0,0,0.24,0.525776497,Urban,Evening,Clear
6864,0,0,0,0,0,0,0.724166667,0.206959121,Rural,Evening,Rain
6865,0,0,0.62,0.73,0.61,0,0.90375,0.595741274,Urban,Night,Clear
6866,0.48,0,0,0,0,0,0.529583333,0.281833707,Urban,Afternoon,Rain
6867,0.56,0,0,0,0,0,0.552083333,0.332746291,Highway,Evening,Clear
6868,0,0,0.48,0,0,0,0.391666667,0.226491621,Urban,Evening,Clear
6869,0.65,0,0.71,0,0,0,0.60375,0.577809798,Urban,Morning,Clear
6870,0.76,0,0.47,0,0,0.86,0.87375,0.70909382,Highway,Afternoon,Rain
6871,0.71,0,0,0,0,0,0.304166667,0.30366101,Highway,Evening,Clear
6872,0.57,0,0,0,0,0,0.280833333,0.251574341,Urban,Evening,Rain
6873,0.4,0,0,0,0,0,0.372916667,0.189187747,Highway,Night,Clear
6874,0,0.76,0,0,0,0,0.832916667,0.22248906,Highway,Afternoon,Clear
6875,0.7,0,0,0,0,0,0.345,0.313160423,Highway,Evening,Clear
6876,0.57,0,0.96,0,0.83,0,0.622083333,0.763101718,Highway,Evening,Clear
6877,0.84,0.84,0,0,0,0.46,0.264166667,0.373465685,Highway,Afternoon,Clear
6878,0,0.86,0.51,0,0,0,0.155416667,0.160689508,Highway,Evening,Rain
6879,0.41,0,0,0,0,0.61,0.299166667,0.265876828,Highway,Afternoon,Clear
6880,0.75,0,0,0.63,0.62,0.9,0.280833333,0.624292881,Rural,Evening,Fog
6881,0,0.99,0,0,0,0,0.570416667,0.140836802,Highway,Afternoon,Fog
6882,0.96,0,0.55,0.7,0.9,0,0.792083333,0.920642545,Rural,Afternoon,Clear
6883,0.5,0,0.64,0,0,0.44,0.50625,0.50128082,Urban,Afternoon,Clear
6884,0.68,0,0.63,0,0,0,0.727083333,0.586989006,Highway,Evening,Clear
6885,0,0,0.88,0,0,0,0.340833333,0.276550326,Rural,Night,Clear
6886,0.45,0,0,0,0,0.97,0.064166667,0.288291173,Highway,Morning,Clear
6887,0,0,0,0,0,0.99,0.819166667,0.326715765,Highway,Night,Rain
6888,0.78,0,0,0,0,0.45,0.21875,0.375440282,Rural,Morning,Clear
6889,0,0,0,0,0.67,0,0.4225,0.205251361,Highway,Night,Clear
6890,0.73,0,0.67,0,0,0,0.526666667,0.532607535,Highway,Afternoon,Clear
6891,0.64,0,0.5,0,0,0,0.34875,0.404899135,Highway,Afternoon,Clear
6892,0.71,0,0,0,0,0,0.7375,0.401857189,Urban,Night,Rain
6893,0.94,0,0,0,0,0,0.075833333,0.324581065,Highway,Morning,Clear
6894,0.52,0,0,0,0,0,0.665,0.37335895,Highway,Morning,Clear
6895,0.41,0,0,0,0,0,0.857083333,0.342992849,Urban,Night,Clear
6896,0.92,0,0,0,0,0,0.4025,0.419788665,Highway,Morning,Rain
6897,0.75,0,0,0,0,0.57,0.299166667,0.369623226,Rural,Afternoon,Clear
6898,0.93,0,0.56,0,0,0,0.463333333,0.530472836,Urban,Night,Clear
6899,0.76,0,0.71,0,0,0,0.295416667,0.498825915,Urban,Evening,Clear
6900,0.89,0,0.49,0.74,0,0,0.17,0.539865514,Highway,Evening,Clear
6901,0.66,0,0,0,0,0.62,0.442916667,0.373625787,Highway,Night,Clear
6902,0,0,0,0,0,0.87,0.390833333,0.233002455,Highway,Morning,Clear
6903,0.85,0,0.77,0,0,0,0.844583333,0.695538478,Urban,Afternoon,Clear
6904,0.95,0,0.74,0,0,0.76,0.55125,0.762568044,Highway,Morning,Clear
6905,0.74,0,0.83,0,0,0,0.714166667,0.616821432,Urban,Night,Clear
6906,0,0,0.96,0.59,0,0.79,0.827916667,0.625306863,Urban,Night,Fog
6907,0.51,0,0.95,0.58,0,0,0.205,0.526416907,Highway,Evening,Clear
6908,0,0,0,0.84,0,0,0.55125,0.279058598,Highway,Morning,Clear
6909,0.56,0,0.97,0,0,0,0.190416667,0.468726652,Urban,Evening,Fog
6910,0.52,0,0,0,0,0,0.590833333,0.313694098,Urban,Afternoon,Rain
6911,0.55,0,0.55,0,0,0,0.3225,0.380723663,Rural,Afternoon,Clear
6912,0,0,0,0,0,0,0.582083333,0.144465791,Highway,Afternoon,Clear
6913,0.58,0,0,0,0,0,0.609583333,0.375333547,Highway,Morning,Fog
6914,0,0,0,0,0,0.85,0.606666667,0.297577116,Rural,Morning,Clear
6915,0.73,0,0,0.92,0,0,0.635833333,0.549364927,Highway,Morning,Rain
6916,0.75,0.74,0,0,0.83,0,0.415,0.51040666,Highway,Evening,Rain
6917,0.66,0,0.48,0,0.46,0,0.6325,0.564521294,Rural,Night,Rain
6918,0,0.6,0,0,0.91,0,0.53375,0.340858149,Rural,Morning,Clear
6919,0.77,0,0,0,0,0,0.5275,0.355747679,Highway,Night,Clear
6920,0.45,0,0,0,0,0,0.665,0.350944605,Urban,Morning,Clear
6921,0.45,0,0.58,0,0,0.47,0.198333333,0.414558651,Highway,Morning,Clear
6922,0,0,0,0,0,0.9,0.360416667,0.190788771,Rural,Afternoon,Rain
6923,0.5,0,0,0,0,0,0.97375,0.408101185,Urban,Night,Rain
6924,0.71,0,0.94,0,0,0,0.338333333,0.573380297,Rural,Morning,Clear
6925,0.53,0,0,0,0,0,0.20125,0.232308678,Urban,Morning,Clear
6926,0.57,0,0,0.52,0,0.82,0.976666667,0.60305262,Highway,Night,Clear
6927,0,0.79,0.98,0,0,0,0.694166667,0.466965525,Urban,Morning,Clear
6928,0,0,0,0,0,0,0.445833333,0.083786957,Rural,Night,Rain
6929,0.64,0,0.92,0,0,0,0.7025,0.604226705,Urban,Night,Clear
6930,0.89,0,0.47,0,0,0.75,0.587083333,0.665759419,Rural,Evening,Fog
6931,0.41,0,0,0,0,0,0.771666667,0.334720888,Highway,Afternoon,Clear
6932,0.79,0,0,0.46,0,0.93,0.648333333,0.614366528,Highway,Evening,Clear
6933,0.8,0,0,0,0,0.82,0.140833333,0.386700822,Rural,Evening,Rain
6934,0,0,0,0,0,0,0.478333333,0.148788558,Highway,Morning,Clear
6935,0.88,0,0.97,0,0,0,0.6475,0.731668268,Highway,Morning,Rain
6936,0.96,0,0,0,0,0.52,0.26125,0.418667947,Urban,Afternoon,Clear
6937,0.41,0,0,0,0,0,0.342083333,0.219393745,Highway,Evening,Fog
6938,0,0,0,0,0,0,0.620833333,0.138221795,Urban,Night,Clear
6939,0,0,0.65,0,0,0,0.472083333,0.258458747,Highway,Night,Clear
6940,0,0,0.41,0,0,0.66,0.557916667,0.344807343,Highway,Evening,Clear
6941,0,0,0.67,0,0,0,0.944583333,0.410556089,Urban,Night,Clear
6942,0,0,0,0,0,0,0.596666667,0.149002028,Highway,Afternoon,Clear
6943,0,0,0.43,0,0,0,0.6325,0.252001281,Rural,Night,Clear
6944,0.49,0,0,0,0,0,0.75625,0.373839257,Highway,Evening,Clear
6945,0,0,0.73,0,0,0,0.89125,0.427633686,Urban,Afternoon,Rain
6946,0.93,0,0,0,0.84,0.7,0.3975,0.654178674,Highway,Evening,Clear
6947,0,0,0.6,0,0,0.43,0.614166667,0.363219127,Urban,Afternoon,Rain
6948,0.68,0,0,0.94,0,0.97,0.62875,0.621357669,Highway,Afternoon,Fog
6949,0.74,0,0,0,0,0,0.405,0.308037144,Highway,Night,Rain
6950,0,0,0,0,0,0,0.622083333,0.175205465,Highway,Evening,Rain
6951,0.8,0,0,0,0,0,0.146666667,0.283488099,Urban,Evening,Clear
6952,0.81,0,0.68,0.61,0.53,0,0.685,0.771693884,Urban,Night,Rain
6953,0.96,0,0,0,0,0.48,0.50125,0.469900736,Urban,Night,Fog
6954,1,0,0.77,0,0,0.82,0.41125,0.750400256,Urban,Morning,Clear
6955,0.83,0,0,0.73,0,0.7,0.285833333,0.537837549,Highway,Morning,Clear
6956,0,0,0,0,0,0,0.652916667,0.148201516,Urban,Night,Rain
6957,0.57,0,0,0,0,0,0.125416667,0.221528445,Urban,Morning,Clear
6958,0,0,0,0,0,0,0.433333333,0.098196179,Rural,Afternoon,Clear
6959,0.93,0,0,0,0,0,0.762083333,0.516543921,Highway,Evening,Rain
6960,0.43,0.44,0,0.62,0.49,0,0.34,0.380403458,Rural,Afternoon,Clear
6961,0,0,0.92,0,0.59,0.42,0.760833333,0.584587469,Highway,Night,Clear
6962,0,0.94,0,0.48,0,0,0.421666667,0.156046536,Highway,Afternoon,Rain
6963,0.54,0,0,0,0,0,0.5725,0.332692923,Highway,Evening,Rain
6964,0.94,0,0,0,0,0,0.565416667,0.421976732,Rural,Night,Fog
6965,0.55,0,0.8,0,0,0,0.334166667,0.448393639,Highway,Afternoon,Clear
6966,0.53,0,0,0,0,0,0.568333333,0.291599957,Urban,Night,Fog
6967,0,0,0.66,0.75,0.99,0.95,0.67625,0.73246878,Highway,Night,Clear
6968,0.48,0,0,0,0,0,0.750416667,0.368822713,Urban,Evening,Clear
6969,0,0,0,0,0,0,0.517083333,0.142544562,Rural,Evening,Clear
6970,0.92,0,0.89,0,0,0,0.158333333,0.553527591,Highway,Evening,Clear
6971,0.7,0,0,0,0.55,0.91,0.548333333,0.616928167,Highway,Morning,Rain
6972,0.8,0,0,0,0,0,0.512916667,0.36081759,Highway,Night,Fog
6973,0,0,0,0,0,0,0.26625,0.064521294,Highway,Evening,Rain
6974,0,0,0,0.72,0,0.71,0.277083333,0.269345715,Highway,Morning,Rain
6975,0,0,0,0,0,0,0.6375,0.16170349,Rural,Afternoon,Clear
6976,0.54,0,0,0,0,0,0.531666667,0.319991461,Urban,Evening,Clear
6977,0.85,0,0,0,0,0,0.841666667,0.497384993,Highway,Afternoon,Rain
6978,0.86,0,0,0,0,0.54,0.49875,0.499679795,Highway,Morning,Clear
6979,0.59,0,0.94,0,0,0.47,0.359583333,0.583466752,Urban,Evening,Fog
6980,0.65,0,0.47,0,0,0,0.4925,0.426833173,Highway,Night,Clear
6981,0.53,0,0,0.52,0,0,0.342916667,0.306382752,Highway,Afternoon,Clear
6982,0,0,0,0,0,0,0.485,0.132564841,Highway,Evening,Fog
6983,0.99,0,0.72,0,0,0,0.669583333,0.673124133,Highway,Afternoon,Clear
6984,0.79,0,0,0,0,0,0.480833333,0.34763582,Urban,Night,Rain
6985,0.96,0,0,0,0,0,0.827916667,0.510033088,Highway,Night,Rain
6986,0.58,0,0,0,0,0,0.531666667,0.332799658,Highway,Evening,Clear
6987,0.87,0,0.57,0,0,0.62,0.634583333,0.664798805,Rural,Afternoon,Clear
6988,0.86,0,0,0,0.67,0,0.040833333,0.416800085,Highway,Morning,Clear
6989,0.81,0,0.43,0,0,0.55,0.994166667,0.694311026,Highway,Night,Rain
6990,0.98,0,0,0,0.42,0,0.83875,0.618796029,Urban,Afternoon,Rain
6991,0.64,0,0,0,0.64,0.7,0.897916667,0.641957519,Urban,Night,Rain
6992,0,0,0,0,0,0,0.69125,0.215017611,Urban,Morning,Rain
6993,0.48,0,0,0,0,0,0.407083333,0.24372932,Rural,Afternoon,Clear
6994,0.8,0,0.8,0,0,0,0.375833333,0.523108123,Highway,Night,Clear
6995,0.84,0,0,0,0.74,0.98,0.495833333,0.690895506,Rural,Morning,Clear
6996,0.75,0,0,0,0,0,0.69125,0.45517131,Urban,Morning,Clear
6997,0.52,0,0,0,0,0,0.240833333,0.204824421,Highway,Afternoon,Clear
6998,0.7,0,0.92,0,0,0.74,0.680416667,0.747945352,Highway,Evening,Clear
6999,0.59,0,0.5,0,0,0,0.24375,0.356227986,Highway,Afternoon,Clear
7000,0,0,0.89,0.67,0,0,0.557916667,0.469046857,Highway,Evening,Rain
